fp_page,page_type,ecr_type,player,id,position,ecr,sd,best,worst,sportsdata_id,player_filename,yahoo_id,cbs_id,player_owned_avg,player_owned_espn,player_owned_yahoo,player_image_url,player_square_image_url,rank_delta,bye,mergename,scrape_date,tm,merge_name,fp_id_num,gsis_id,id_match,t_roster,t_depth,t_latest,t_ecr,team_2026,team_source,depth_rank_2026,depth_slot_2026,rank,pos_rank,pos_rank_label,completions,y25_pass_attempts,y25_pass_yards,y25_pass_tds,y25_interceptions,sacks_suffered,passing_air_yards,passing_first_downs,passing_epa,y25_carries,y25_rush_yards,y25_rush_tds,rushing_first_downs,rushing_epa,rushing_fumbles_lost,y25_receptions,y25_targets,y25_rec_yards,y25_rec_tds,y25_air_yards,y25_yac,receiving_first_downs,receiving_epa,receiving_fumbles_lost,special_teams_tds,y25_standard_total,y25_ppr_total,y25_games,y25_team,teams_2025,y25_half_ppr_total,y25_target_share,y25_carry_share,y25_air_yards_share,y25_target_share_active,y25_carry_share_active,y25_air_yards_share_active,y25_wopr,y25_games_active,y25_weekly_floor,y25_weekly_ceiling,y25_weekly_median,y25_weekly_stdev,boom_weeks,bust_weeks,y25_weeks_played,y25_boom_rate,y25_bust_rate,y25_coef_variation,rec_rz_opp,rec_inside10,rec_inside5,rec_tds,rec_xtds,rush_rz_opp,rush_inside10,rush_inside5,rush_tds,rush_xtds,y25_rz_opportunities,y25_inside_10_touches,y25_inside_5_touches,y25_total_tds,y25_expected_tds,y25_td_over_expected,ngs_separation,ngs_cushion,ngs_adot,ngs_intended_air_yards_share,ngs_yac_over_expected,ngs_catch_pct,ngs_rush_efficiency,ngs_eight_plus_box_pct,ngs_time_to_los,ngs_ryoe,ngs_ryoe_per_att,ngs_rush_pct_over_expected,pfr_id,pfr_rush_att,rush_broken_tackles,rush_ybc_per_att,rush_yac_per_att,rush_att_per_broken,pfr_targets,rec_broken_tackles,rec_drops,rec_ybc_per_rec,rec_yac_per_rec,rec_adot,rec_drop_pct,y25_snaps,y25_snap_pct,snap_games,birth_date,draft_year,draft_round,draft_pick,rookie_season,last_season,years_of_experience,height,weight,college_name,age,is_rookie,tm_rush_att,tm_raw_aly,tm_stuff_rate,tm_second_level_yards,tm_open_field_yards,tm_power_att,tm_power_conv,tm_ypc,tm_power_success,tm_opp_faced_aly,tm_adjusted_line_yards,tm_stuff_rate_adj,tm_ybc_per_att,tm_yac_per_att,tm_broken_tackles,tm_dropbacks,tm_sack_rate_allowed,tm_sack_rate_adj,tm_pressure_rate_allowed,tm_avg_pocket_time,tm_plays,tm_pass_rate,tm_games,tm_plays_per_game,tm_neutral_pass_rate,tm_neutral_run_rate,tm_proe,tm_rush_epa_per_play,tm_pass_epa_per_play,tm_sec_per_play,tm_rz_trips,tm_rz_trips_per_game,tm_points_per_game,tm_ol_snaps_2025,tm_ol_snaps_returning,tm_ol_continuity_pct,tm_proj_starters,tm_returning_starters,tm__z_run_partial,tm_ol_run_block_grade,tm_ol_pass_block_grade,tm_ol_overall_grade,tm_team_targets_2025,tm_team_carries_2025,tm_vacated_targets,tm_vacated_carries,tm_team_rz_touches_2025,tm_vacated_rz_touches,tm_vacated_target_pct,tm_vacated_carry_pct,tm_vacated_rz_pct,y25_ppr_ppg,y25_half_ppr_ppg,y25_standard_ppg,y25_targets_per_game,y25_carries_per_game,y25_opportunities,y25_points_per_opportunity,y25_points_per_snap,y25_yards_per_target,y25_yards_per_reception,y25_catch_rate,y25_yards_per_carry,y25_adot,y25_yac_per_rec,y25_racr,y25_td_rate_per_opp,y25_rush_epa_per_att,y25_rec_epa_per_target,notes,adp,adp_stdev,adp_best,adp_worst,adp_source,adp_vs_ecr_gap,y25_pos_finish,y26_adp_pos_rank,value_score,y25_ppg_pos_finish,value_score_ppg,market_verdict
/nfl/rankings/ppr-cheatsheets.php,redraft-overall,ro,Ja'Marr Chase,19788,WR,1.67,0.96,1,4,,jamarr-chase.php,,,99.5,,,,,,6.0,JaMarr Chase,2026-08-14,CIN,jamarr chase,19788,00-0036900,fp_id,CIN,CIN,CIN,CIN,CIN,roster_2026,1.0,WR,1,1,WR1,0.0,0.0,0.0,0.0,0.0,0.0,0.0,0.0,0.0,3.0,14.0,0.0,0.0,0.12286387523636222,0.0,125.0,185.0,1412.0,8.0,1570.0,640.0,73.0,41.379473743756826,1.0,0.0,188.6,313.6,16.0,CIN,1.0,251.10000000000002,0.3043,0.0079,0.3439,0.3223,0.0084,0.3712,0.7433,16.0,9.88,28.02,20.5,10.26,9.0,0.0,16.0,0.562,0.0,0.501,22.0,8.0,2.0,8.0,7.50261611837635,0.0,0.0,0.0,0.0,0.023114731362536646,22.0,8.0,2.0,8.0,7.53,0.47,3.1733631580962807,5.726342857142857,8.423513513513512,34.10038316020735,1.308428017713533,67.56756756756756,,,,,,,ChasJa00,3.0,0.0,,,,185.0,6.0,4.0,6.176,5.12,8.5,0.0216,987.0,0.944,16.0,2000-03-01,2021.0,1.0,5.0,2021,2026,6,72.0,205.0,LSU,26.5,False,334,3.1505988023952094,0.11077844311377245,1.152694610778443,0.5838323353293413,35,23,4.335329341317365,0.6571428571428571,2.8870417171893865,3.212,0.1072,2.249,1.927,22.0,687,0.05240174672489083,0.0527,0.2234,2.22,1049,0.6453765490943756,17,61.71,0.6322,0.3678,0.0172,0.0246,-0.0266,38.0,56,3.29,24.4,5575.0,5552.0,0.996,5,5,0.7399403692125188,63.4,53.0,60.4,608,381,41,9,137,6,0.067,0.024,0.044,19.6,15.694,11.788,11.562,0.188,188.0,1.668,0.318,7.632,11.296,0.676,,8.486,5.12,0.899,0.043,,0.224,,1.67,0.96,1,4,fantasypros_ecr,0.0,4.0,1.0,-0.105,3.0,-0.061,Fairly priced
/nfl/rankings/ppr-cheatsheets.php,redraft-overall,ro,Jahmyr Gibbs,22968,RB,3.01,1.65,1,7,,jahmyr-gibbs.php,,,99.5,,,,,,6.0,Jahmyr Gibbs,2026-08-14,DET,jahmyr gibbs,22968,00-0039139,fp_id,DET,DET,DET,DET,DET,roster_2026,1.0,RB,2,1,RB1,0.0,0.0,0.0,0.0,0.0,0.0,0.0,0.0,0.0,243.0,1223.0,13.0,56.0,-2.667039391075863,1.0,77.0,94.0,616.0,5.0,54.0,615.0,28.0,17.75049128225163,0.0,0.0,289.90000000000003,366.90000000000003,17.0,DET,1.0,328.40000000000003,0.1709,0.5498,0.0147,0.1709,0.5498,0.0147,0.2666,17.0,11.6,36.92,19.4,13.53,9.0,0.0,17.0,0.529,0.0,0.697,15.0,4.0,2.0,5.0,4.369956473153692,52.0,22.0,10.0,13.0,7.644503251941133,67.0,26.0,12.0,18.0,12.01,5.99,,,,,,,3.8424284546197867,21.810699588477366,2.867287037037038,166.909010502201,0.6954542104258375,0.3625,GibbJa01,243.0,18.0,3.37,1.663,13.5,94.0,7.0,4.0,0.013,7.987,0.6,0.0426,737.0,0.67,17.0,2002-03-20,2023.0,1.0,12.0,2023,2026,4,69.0,202.0,Alabama; Georgia Tech,24.4,False,407,2.8449631449631454,0.17444717444717445,1.230958230958231,1.3022113022113022,31,20,4.8108108108108105,0.6451612903225806,2.997145152771477,2.796,0.1795,2.844,1.774,23.0,624,0.0625,0.0608,0.2646,2.297,1051,0.5889628924833492,17,61.82,0.5469,0.4531,-0.0456,-0.0408,0.1681,38.0,65,3.82,28.3,5583.0,2910.0,0.521,5,3,-0.0015935740283760658,50.0,44.8,46.7,550,442,79,167,179,45,0.144,0.378,0.251,21.582,19.318,17.053,5.529,14.294,337.0,1.089,0.498,6.553,8.0,0.819,5.033,0.574,7.987,11.407,0.053,-0.011,0.189,,3.01,1.65,1,7,fantasypros_ecr,0.0,3.0,1.0,-0.061,3.0,-0.061,Fairly priced
/nfl/rankings/ppr-cheatsheets.php,redraft-overall,ro,Puka Nacua,23180,WR,3.21,1.4,1,9,,puka-nacua.php,,,99.7,,,,,,11.0,Puka Nacua,2026-08-14,LAR,puka nacua,23180,00-0039075,fp_id,LAR,LAR,LAR,LAR,LAR,roster_2026,1.0,WR,3,2,WR2,0.0,0.0,0.0,0.0,0.0,0.0,0.0,0.0,0.0,10.0,105.0,1.0,5.0,9.33105270966189,0.0,129.0,166.0,1715.0,10.0,1566.0,666.0,80.0,115.70040865301245,1.0,0.0,246.0,375.0,16.0,LAR,1.0,310.5,0.2857,0.0215,0.2902,0.3029,0.0229,0.3111,0.6721,16.0,16.45,33.75,22.95,10.21,10.0,0.0,16.0,0.625,0.0,0.445,17.0,10.0,4.0,10.0,7.480443733402496,1.0,1.0,0.0,1.0,0.20088466007386374,18.0,11.0,4.0,11.0,7.68,3.32,2.879876071026951,6.020314465408805,8.893614457831326,27.92465106953642,1.34145983545684,77.71084337349397,,,,,,,NacuPu00,10.0,1.0,,,,166.0,11.0,4.0,8.132,5.163,9.3,0.0241,727.0,0.682,16.0,2001-05-29,2023.0,5.0,177.0,2023,2026,4,74.0,216.0,BYU; Washington,25.2,False,413,3.4554479418886195,0.1234866828087167,1.5084745762711864,0.711864406779661,47,30,4.9491525423728815,0.6382978723404256,2.941767200697229,3.462,0.1266,2.811,1.817,35.0,624,0.03685897435897436,0.0424,0.194,2.396,1056,0.584280303030303,17,62.12,0.6185,0.3815,0.0296,0.0262,0.2292,37.0,76,4.47,30.5,5675.0,5129.0,0.904,5,5,1.462288323590789,76.4,71.5,80.4,581,465,15,0,195,1,0.026,0.0,0.005,23.438,19.406,15.375,10.375,0.625,176.0,2.131,0.516,10.331,13.295,0.777,,9.434,5.163,1.095,0.062,,0.697,,3.21,1.4,1,9,fantasypros_ecr,0.0,1.0,2.0,0.062,1.0,0.062,Fairly priced
/nfl/rankings/ppr-cheatsheets.php,redraft-overall,ro,Bijan Robinson,23133,RB,3.5,1.6,1,7,,bijan-robinson.php,,,99.4,,,,,,11.0,Bijan Robinson,2026-08-14,ATL,bijan robinson,23133,00-0038542,fp_id,ATL,ATL,ATL,ATL,ATL,roster_2026,1.0,RB,4,2,RB2,0.0,0.0,0.0,0.0,0.0,0.0,0.0,0.0,0.0,287.0,1478.0,7.0,63.0,-12.254629210466984,2.0,79.0,103.0,820.0,4.0,101.0,857.0,34.0,26.589835723961542,1.0,0.0,291.8,370.8,17.0,ATL,1.0,331.3,0.1985,0.6017,0.0241,0.1985,0.6017,0.0241,0.3146,17.0,14.7,30.3,21.2,10.26,12.0,0.0,17.0,0.706,0.0,0.484,13.0,4.0,1.0,4.0,4.023492478553975,35.0,17.0,10.0,7.0,7.281735198075352,48.0,21.0,11.0,11.0,11.31,-0.31,,,,,,,3.9063058186738835,14.634146341463413,3.0486436781609205,257.1068650334919,0.9085048234399007,0.4416961130742049,RobiBi01,287.0,22.0,2.829,2.321,13.05,103.0,10.0,4.0,-0.468,10.848,0.9,0.0388,860.0,0.782,17.0,2002-01-30,2023.0,1.0,8.0,2023,2026,4,71.0,215.0,Texas,24.5,False,439,3.0546697038724373,0.1662870159453303,1.3530751708428246,0.89749430523918,42,22,4.674259681093394,0.5238095238095238,2.9317976654275206,3.071,0.1627,2.522,1.96,31.0,583,0.044596912521440824,0.0494,0.2037,2.4,1036,0.5511583011583011,17,60.94,0.549,0.451,-0.0621,-0.0314,-0.0132,38.0,53,3.12,20.8,5484.0,4377.0,0.798,5,4,0.14901204675380456,52.7,66.9,62.4,519,477,151,160,132,49,0.291,0.335,0.371,21.812,19.488,17.165,6.059,16.882,390.0,0.951,0.431,7.961,10.38,0.767,5.15,0.981,10.848,8.119,0.028,-0.043,0.258,,3.5,1.6,1,7,fantasypros_ecr,0.0,2.0,2.0,0.018,2.0,0.018,Fairly priced
/nfl/rankings/ppr-cheatsheets.php,redraft-overall,ro,Jaxon Smith-Njigba,23070,WR,4.69,1.37,1,9,,jaxon-smith-njigba.php,,,99.7,,,,,,11.0,Jaxon Smith-Njigba,2026-08-14,SEA,jaxon smith njigba,23070,00-0038543,fp_id,SEA,SEA,SEA,SEA,SEA,roster_2026,1.0,WR,5,3,WR3,0.0,0.0,0.0,0.0,0.0,0.0,0.0,0.0,0.0,7.0,36.0,0.0,2.0,0.04665786447003484,0.0,119.0,163.0,1793.0,10.0,1833.0,528.0,79.0,90.67234604483377,1.0,0.0,240.9,359.90000000000003,17.0,SEA,1.0,300.40000000000003,0.3582,0.0138,0.4997,0.3582,0.0138,0.4997,0.8871,17.0,18.3,27.74,20.6,7.48,12.0,0.0,17.0,0.706,0.0,0.363,17.0,7.0,3.0,10.0,5.987505662637986,0.0,0.0,0.0,0.0,0.024996429081559777,17.0,7.0,3.0,10.0,6.01,3.99,3.017568233126393,6.295649350649352,11.263742331288341,48.63820239006672,0.7944402118040914,73.00613496932516,,,,,,,SmitJa06,7.0,1.0,,,,163.0,3.0,5.0,10.63,4.437,11.2,0.0307,829.0,0.774,17.0,2002-02-14,2023.0,1.0,20.0,2023,2026,4,72.0,202.0,Ohio State,24.5,False,435,2.8048275862068963,0.2045977011494253,1.206896551724138,0.8091954022988506,31,19,4.266666666666667,0.6129032258064516,2.995508653666123,2.758,0.2121,2.477,1.657,42.0,518,0.052123552123552123,0.0535,0.2266,2.4,997,0.5075225677031093,17,58.65,0.5204,0.4796,-0.0677,-0.0491,0.1122,39.0,60,3.53,28.4,5338.0,5026.0,0.942,5,5,-0.5945717447641805,39.3,60.5,49.9,455,507,39,221,158,37,0.086,0.436,0.234,21.171,17.671,14.171,9.588,0.412,170.0,2.117,0.434,11.0,15.067,0.73,,11.245,4.437,0.978,0.059,,0.556,,4.69,1.37,1,9,fantasypros_ecr,0.0,2.0,3.0,0.054,2.0,0.053,Fairly priced
/nfl/rankings/ppr-cheatsheets.php,redraft-overall,ro,Amon-Ra St. Brown,19799,WR,5.64,1.23,4,9,,amonra-stbrown.php,,,99.5,,,,,,6.0,Amon-Ra St Brown,2026-08-14,DET,amon ra st brown,19799,00-0036963,fp_id,DET,DET,DET,DET,DET,roster_2026,1.0,WR,6,4,WR4,0.0,0.0,0.0,0.0,0.0,0.0,0.0,0.0,0.0,3.0,9.0,0.0,1.0,0.5569902447750792,0.0,117.0,172.0,1401.0,11.0,1390.0,570.0,71.0,55.614716241154795,0.0,0.0,207.0,324.0,17.0,DET,1.0,265.5,0.3127,0.0068,0.3784,0.3127,0.0068,0.3784,0.7339,17.0,13.7,28.34,18.0,10.93,7.0,1.0,17.0,0.412,0.059,0.607,35.0,21.0,9.0,11.0,12.256657840755777,1.0,0.0,0.0,0.0,0.06422293558681423,36.0,21.0,9.0,11.0,12.32,-1.32,2.950004605096908,6.096335403726709,8.346686046511628,38.42517872580745,0.34446734458738604,68.02325581395348,,,,,,,StxxAm00,3.0,0.0,,,,172.0,4.0,10.0,7.103,4.872,7.9,0.0581,939.0,0.852,17.0,1999-10-24,2021.0,4.0,112.0,2021,2026,6,72.0,202.0,USC,26.8,False,407,2.8449631449631454,0.17444717444717445,1.230958230958231,1.3022113022113022,31,20,4.8108108108108105,0.6451612903225806,2.997145152771477,2.796,0.1795,2.844,1.774,23.0,624,0.0625,0.0608,0.2646,2.297,1051,0.5889628924833492,17,61.82,0.5469,0.4531,-0.0456,-0.0408,0.1681,38.0,65,3.82,28.3,5583.0,2910.0,0.521,5,3,-0.0015935740283760658,50.0,44.8,46.7,550,442,79,167,179,45,0.144,0.378,0.251,19.059,15.618,12.176,10.118,0.176,175.0,1.851,0.345,8.145,11.974,0.68,,8.081,4.872,1.008,0.063,,0.323,,5.64,1.23,4,9,fantasypros_ecr,0.0,3.0,4.0,0.045,4.0,0.001,Fairly priced
/nfl/rankings/ppr-cheatsheets.php,redraft-overall,ro,CeeDee Lamb,19202,WR,8.7,1.63,6,16,,ceedee-lamb.php,,,99.4,,,,,,14.0,CeeDee Lamb,2026-08-14,DAL,ceedee lamb,19202,00-0036358,fp_id,DAL,DAL,DAL,DAL,DAL,roster_2026,1.0,WR,7,5,WR5,0.0,0.0,0.0,0.0,0.0,0.0,0.0,0.0,0.0,1.0,2.0,0.0,0.0,-0.2478505993494764,0.0,75.0,117.0,1077.0,3.0,1403.0,323.0,43.0,28.990819384612788,0.0,0.0,125.9,200.9,13.0,DAL,1.0,163.4,0.1928,0.0022,0.2849,0.2527,0.0027,0.3567,0.6287,13.0,11.5,20.56,17.1,5.98,4.0,1.0,13.0,0.308,0.077,0.35,17.0,7.0,4.0,3.0,6.110313593251201,0.0,0.0,0.0,0.0,0.015972894482090997,17.0,7.0,4.0,3.0,6.13,-3.13,2.778540830165139,6.139826086956521,12.271965811965815,28.33545810128632,0.497293742491963,64.1025641025641,,,,,,,LambCe00,1.0,0.0,,,,117.0,6.0,8.0,10.053,4.307,11.7,0.0684,732.0,0.729,14.0,1999-04-08,2020.0,1.0,17.0,2020,2026,7,74.0,198.0,Oklahoma,27.4,False,383,3.1652741514360314,0.13054830287206268,1.2558746736292428,0.8459530026109661,34,24,4.663185378590079,0.7058823529411765,3.0401662544448724,3.074,0.1352,2.563,2.03,33.0,681,0.04552129221732746,0.044,0.2356,2.396,1104,0.5932971014492754,17,64.94,0.5628,0.4372,-0.0098,0.005,0.1615,36.0,65,3.82,27.7,5938.0,5037.0,0.848,5,5,0.6426441330126125,61.6,62.2,65.1,607,465,34,0,187,4,0.056,0.0,0.021,15.454,12.569,9.685,9.0,0.077,118.0,1.703,0.274,9.205,14.36,0.641,,11.991,4.307,0.768,0.025,,0.248,,8.7,1.63,6,16,fantasypros_ecr,0.0,22.0,5.0,-0.752,10.0,-0.226,Slight reach
/nfl/rankings/ppr-cheatsheets.php,redraft-overall,ro,Christian McCaffrey,16393,RB,9.29,5.12,2,31,,christian-mccaffrey.php,,,99.5,,,,,,8.0,Christian McCaffrey,2026-08-14,SFO,christian mccaffrey,16393,00-0033280,fp_id,SF,SF,SF,SF,SF,roster_2026,1.0,RB,8,3,RB3,0.0,1.0,0.0,0.0,0.0,0.0,14.0,0.0,-0.770897071401123,311.0,1202.0,10.0,71.0,-21.05085113787304,0.0,102.0,129.0,924.0,7.0,335.0,720.0,48.0,39.031451655985904,0.0,0.0,314.6,416.6,17.0,SF,1.0,365.6,0.2345,0.6466,0.0811,0.2345,0.6466,0.0811,0.4085,17.0,17.6,33.62,24.1,8.22,14.0,0.0,17.0,0.824,0.0,0.341,25.0,13.0,4.0,7.0,7.961254532102115,75.0,37.0,20.0,10.0,13.02012946572862,100.0,50.0,24.0,17.0,20.98,-3.98,,,,,,,4.403194675540768,29.260450160771708,2.7319430604982218,-166.0321177790786,-0.5443675992756675,0.3442622950819672,McCaCh01,311.0,10.0,2.341,1.524,31.1,129.0,11.0,7.0,2.0,7.059,2.3,0.0543,932.0,0.831,17.0,1996-06-07,2017.0,1.0,8.0,2017,2026,10,71.0,210.0,Stanford,30.2,False,405,2.914567901234568,0.18024691358024691,1.1753086419753087,0.4024691358024691,29,19,3.948148148148148,0.6551724137931034,2.957108820107495,2.906,0.1848,2.349,1.428,23.0,624,0.04326923076923077,0.0428,0.2125,2.547,1065,0.5661971830985916,17,62.65,0.5521,0.4479,-0.0088,-0.0044,0.1587,38.0,66,3.88,25.7,5615.0,4784.0,0.852,5,4,-0.1969656526141422,46.4,74.5,63.3,550,481,170,94,185,38,0.309,0.195,0.205,24.506,21.506,18.506,7.588,18.294,440.0,0.947,0.447,7.163,9.059,0.791,3.865,2.597,7.059,2.758,0.039,-0.068,0.303,,9.29,5.12,2,31,fantasypros_ecr,0.0,1.0,3.0,0.098,1.0,0.097,Fairly priced
/nfl/rankings/ppr-cheatsheets.php,redraft-overall,ro,Justin Jefferson,19236,WR,9.58,2.63,5,20,,justin-jefferson.php,,,99.4,,,,,,6.0,Justin Jefferson,2026-08-14,MIN,justin jefferson,19236,00-0036322,fp_id,MIN,MIN,MIN,MIN,MIN,roster_2026,1.0,WR,9,6,WR6,0.0,0.0,0.0,0.0,0.0,0.0,0.0,0.0,0.0,2.0,7.0,0.0,0.0,-0.056719331769272685,0.0,84.0,141.0,1048.0,2.0,1438.0,451.0,47.0,-13.828682236003713,0.0,0.0,117.5,201.5,17.0,MIN,1.0,159.5,0.3013,0.0049,0.3859,0.3013,0.0049,0.3859,0.7221,17.0,7.7,17.72,12.5,5.79,3.0,0.0,17.0,0.176,0.0,0.463,18.0,10.0,5.0,2.0,7.026503993203409,0.0,0.0,0.0,0.0,0.007141836880445651,18.0,10.0,5.0,2.0,7.03,-5.03,3.233035504377624,5.848560606060605,10.352978723404256,38.37722872751555,0.7786816678362012,59.57446808510638,,,,,,,JeffJu00,2.0,0.0,,,,141.0,5.0,3.0,7.107,5.369,10.2,0.0213,941.0,0.942,17.0,1999-06-16,2020.0,1.0,22.0,2020,2026,7,73.0,195.0,LSU,27.2,False,348,3.0678160919540227,0.16091954022988506,1.2701149425287357,0.5488505747126436,30,21,4.2844827586206895,0.7,3.0555950650203525,2.961,0.1751,2.441,2.049,27.0,571,0.10507880910683012,0.1028,0.3037,2.429,943,0.5800636267232238,17,55.47,0.5369,0.4631,-0.012,-0.0149,-0.1883,39.0,53,3.12,20.2,5009.0,4102.0,0.819,5,5,0.10048516062954754,51.8,26.2,36.0,468,410,82,24,131,17,0.175,0.059,0.13,11.853,9.382,6.912,8.294,0.118,143.0,1.409,0.214,7.433,12.476,0.596,,10.199,5.369,0.729,0.014,,-0.098,,9.58,2.63,5,20,fantasypros_ecr,0.0,21.0,6.0,-0.673,32.0,-1.155,Slight reach
/nfl/rankings/ppr-cheatsheets.php,redraft-overall,ro,Jonathan Taylor,19217,RB,11.77,5.03,6,33,,jonathan-taylor.php,,,99.4,,,,,,13.0,Jonathan Taylor,2026-08-14,IND,jonathan taylor,19217,00-0036223,fp_id,IND,IND,IND,IND,IND,roster_2026,1.0,RB,10,4,RB4,0.0,0.0,0.0,0.0,0.0,0.0,0.0,0.0,0.0,323.0,1585.0,18.0,84.0,18.77163480984675,1.0,46.0,55.0,378.0,2.0,-45.0,434.0,15.0,9.23404607143323,0.0,0.0,316.3,362.3,17.0,IND,1.0,339.3,0.1038,0.7308,-0.0105,0.1038,0.7308,-0.0105,0.1484,17.0,12.8,33.64,16.9,12.44,8.0,0.0,17.0,0.471,0.0,0.736,4.0,1.0,0.0,2.0,1.4003662738833604,70.0,39.0,23.0,18.0,13.926487443450934,74.0,40.0,23.0,20.0,15.33,4.67,,,,,,,3.4665425867507884,17.956656346749224,2.7583220338983048,195.05276385520528,0.613373471242784,0.3742138364779874,TaylJo02,323.0,27.0,2.471,2.437,11.96,55.0,8.0,4.0,-1.217,9.435,-0.9,0.0727,883.0,0.826,17.0,1999-01-19,2020.0,2.0,41.0,2020,2026,7,70.0,226.0,Wisconsin,27.6,False,373,3.01769436997319,0.15281501340482573,1.2171581769436997,1.0750670241286864,32,22,4.7319034852546915,0.6875,2.8940363763010377,3.072,0.1487,2.428,2.113,29.0,599,0.048414023372287146,0.047,0.2121,2.237,1011,0.5736894164193868,17,59.47,0.5637,0.4363,-0.0091,0.094,0.0558,39.0,70,4.12,27.4,5369.0,4465.0,0.832,5,5,0.42626114302073953,57.7,58.5,60.3,530,442,147,24,179,20,0.277,0.054,0.112,21.312,19.959,18.606,3.235,19.0,378.0,0.958,0.41,6.873,8.217,0.836,4.907,-0.818,9.435,-8.4,0.053,0.058,0.168,,11.77,5.03,6,33,fantasypros_ecr,0.0,4.0,4.0,0.002,4.0,0.001,Fairly priced
/nfl/rankings/ppr-cheatsheets.php,redraft-overall,ro,Drake London,23163,WR,12.35,3.39,8,26,,drake-london.php,,,99.1,,,,,,11.0,Drake London,2026-08-14,ATL,drake london,23163,00-0037238,fp_id,ATL,ATL,ATL,ATL,ATL,roster_2026,1.0,WR,11,7,WR7,0.0,0.0,0.0,0.0,0.0,0.0,0.0,0.0,0.0,0.0,0.0,0.0,0.0,0.0,0.0,68.0,112.0,919.0,7.0,1221.0,229.0,46.0,24.780595332661015,1.0,0.0,133.9,201.9,12.0,ATL,1.0,167.9,0.2158,0.0,0.2918,0.3035,0.0,0.4014,0.7362,12.0,7.62,27.38,15.65,11.45,6.0,1.0,12.0,0.5,0.083,0.732,15.0,8.0,5.0,7.0,6.142336640306288,0.0,0.0,0.0,0.0,0.0,15.0,8.0,5.0,7.0,6.14,0.86,2.6590676286690837,5.783055555555555,10.785357142857142,29.547478107724668,0.6446298737718994,60.71428571428571,,,,,,,LondDr00,,,,,,112.0,0.0,1.0,10.147,3.368,10.9,0.0089,709.0,0.907,12.0,2001-07-24,2022.0,1.0,8.0,2022,2026,5,76.0,215.0,USC,25.1,False,439,3.0546697038724373,0.1662870159453303,1.3530751708428246,0.89749430523918,42,22,4.674259681093394,0.5238095238095238,2.9317976654275206,3.071,0.1627,2.522,1.96,31.0,583,0.044596912521440824,0.0494,0.2037,2.4,1036,0.5511583011583011,17,60.94,0.549,0.451,-0.0621,-0.0314,-0.0132,38.0,53,3.12,20.8,5484.0,4377.0,0.798,5,4,0.14901204675380456,52.7,66.9,62.4,519,477,151,160,132,49,0.291,0.335,0.371,16.825,13.992,11.158,9.333,0.0,112.0,1.803,0.285,8.205,13.515,0.607,,10.902,3.368,0.753,0.062,,0.221,,12.35,3.39,8,26,fantasypros_ecr,0.0,19.0,7.0,-0.55,7.0,-0.024,Slight reach
/nfl/rankings/ppr-cheatsheets.php,redraft-overall,ro,A.J. Brown,18218,WR,14.71,5.48,6,35,,aj-brown.php,,,99.3,,,,,,11.0,AJ Brown,2026-08-14,NEP,a j brown,18218,00-0035676,fp_id,NE,NE,NE,NE,NE,roster_2026,1.0,WR,12,8,WR8,0.0,0.0,0.0,0.0,0.0,0.0,0.0,0.0,0.0,0.0,0.0,0.0,0.0,0.0,0.0,78.0,121.0,1003.0,7.0,1425.0,268.0,47.0,33.68347278376969,0.0,0.0,142.3,220.3,15.0,PHI,1.0,181.3,0.2608,0.0,0.3383,0.2951,0.0,0.3815,0.7097,15.0,8.5,24.79,12.1,9.75,4.0,1.0,15.0,0.267,0.067,0.806,13.0,5.0,2.0,7.0,4.614197131850984,0.0,0.0,0.0,0.0,0.0,13.0,5.0,2.0,7.0,4.61,2.39,2.2443304359534424,5.740588235294117,11.571074380165292,33.38356406086821,1.0600552461182922,64.46280991735537,,,,,,,BrowAJ00,,,,,,121.0,7.0,1.0,9.423,3.436,11.8,0.0083,843.0,0.907,15.0,1997-06-30,2019.0,2.0,51.0,2019,2026,8,73.0,226.0,Mississippi,29.1,False,371,2.7795148247978436,0.1940700808625337,1.196765498652291,1.2048517520215634,33,19,4.630727762803234,0.5757575757575758,2.9254952414655953,2.802,0.1883,2.561,1.874,33.0,613,0.07830342577487764,0.0789,0.261,2.406,1017,0.5417895771878073,17,59.82,0.5691,0.4309,0.0242,0.0077,0.2873,38.0,64,3.76,28.8,5553.0,2959.0,0.533,5,3,-0.36940490310560165,43.3,43.5,41.6,482,494,128,10,154,17,0.266,0.02,0.11,14.687,12.087,9.487,8.067,0.0,121.0,1.821,0.261,8.289,12.859,0.645,,11.777,3.436,0.704,0.058,,0.278,,14.71,5.48,6,35,fantasypros_ecr,0.0,11.0,8.0,-0.164,12.0,-0.208,Fairly priced
/nfl/rankings/ppr-cheatsheets.php,redraft-overall,ro,Nico Collins,20130,WR,16.37,4.14,11,36,,nico-collins.php,,,99.4,,,,,,8.0,Nico Collins,2026-08-14,HOU,nico collins,20130,00-0036554,fp_id,HOU,HOU,HOU,HOU,HOU,roster_2026,1.0,WR,13,9,WR9,0.0,0.0,0.0,0.0,0.0,0.0,0.0,0.0,0.0,2.0,15.0,1.0,1.0,1.995510360749904,0.0,71.0,120.0,1117.0,6.0,1529.0,324.0,48.0,39.31019932264183,1.0,0.0,155.2,226.20000000000002,15.0,HOU,1.0,190.7,0.217,0.0042,0.3328,0.2464,0.0049,0.3732,0.6308,15.0,9.3,22.58,14.5,6.5,5.0,0.0,15.0,0.333,0.0,0.448,18.0,9.0,7.0,6.0,6.738440732483424,1.0,1.0,0.0,1.0,0.1398508447753978,19.0,10.0,7.0,7.0,6.88,0.12,2.3131666031317177,4.872136752136753,12.904249999999998,34.0941066124746,1.6881694917686767,59.166666666666664,,,,,,,CollNi00,2.0,0.0,,,,120.0,4.0,1.0,11.169,4.563,12.7,0.0083,778.0,0.772,15.0,1999-03-19,2021.0,3.0,89.0,2021,2026,6,76.0,222.0,Michigan,27.4,False,399,2.7453634085213037,0.20300751879699247,1.1077694235588973,0.49624060150375937,35,17,3.837092731829574,0.4857142857142857,2.881685621942606,2.812,0.1937,2.099,1.8,23.0,643,0.04821150855365474,0.0526,0.2216,2.345,1078,0.5705009276437848,17,63.41,0.5638,0.4362,-0.0098,-0.0779,0.036,38.0,58,3.41,23.8,6010.0,4286.0,0.713,5,2,-0.8783071157455384,34.1,59.3,45.8,553,475,82,21,150,18,0.148,0.044,0.12,15.08,12.713,10.347,8.0,0.133,122.0,1.854,0.291,9.308,15.732,0.592,,12.742,4.563,0.731,0.057,,0.328,,16.37,4.14,11,36,fantasypros_ecr,0.0,8.0,9.0,0.003,11.0,-0.129,Fairly priced
/nfl/rankings/ppr-cheatsheets.php,redraft-overall,ro,Ashton Jeanty,25989,RB,17.07,5.84,7,39,,ashton-jeanty.php,,,99.3,,,,,,13.0,Ashton Jeanty,2026-08-14,LVR,ashton jeanty,25989,00-0040122,fp_id,LV,LV,LV,LV,LV,roster_2026,1.0,RB,14,5,RB5,0.0,0.0,0.0,0.0,0.0,0.0,0.0,0.0,0.0,266.0,975.0,5.0,44.0,-65.18103737244577,1.0,55.0,73.0,346.0,5.0,-104.0,452.0,13.0,-11.87671576182171,0.0,0.0,190.10000000000002,245.1,17.0,LV,1.0,217.60000000000002,0.1478,0.7209,-0.0325,0.1478,0.7209,-0.0325,0.1989,17.0,8.2,22.84,12.1,8.69,5.0,0.0,17.0,0.294,0.0,0.718,10.0,3.0,1.0,5.0,2.7511476304365137,34.0,16.0,10.0,5.0,6.357653898820302,44.0,19.0,11.0,10.0,9.11,0.89,,,,,,,4.114953846153847,16.165413533834585,2.8500000000000005,-50.8054280129295,-0.1946568123100747,0.3486590038314176,JeanAs00,266.0,24.0,1.575,2.09,11.08,73.0,8.0,4.0,-1.927,8.218,-1.5,0.0548,771.0,0.779,17.0,2003-12-02,2025.0,1.0,6.0,2025,2026,2,68.0,208.0,Boise State,22.7,False,307,2.4599348534201955,0.25732899022801303,1.0423452768729642,0.6058631921824105,30,11,3.6482084690553744,0.36666666666666664,2.9188287541736484,2.49,0.2502,1.629,1.94,30.0,598,0.10702341137123746,0.1019,0.2641,2.487,942,0.613588110403397,17,55.41,0.5679,0.4321,-0.0175,-0.2605,-0.187,38.0,38,2.24,14.2,4992.0,1916.0,0.384,5,2,-2.336100063543081,7.8,37.5,15.2,494,369,55,58,106,13,0.111,0.157,0.123,14.418,12.8,11.182,4.294,15.647,339.0,0.723,0.318,4.74,6.291,0.753,3.665,-1.425,8.218,-3.327,0.029,-0.245,-0.163,,17.07,5.84,7,39,fantasypros_ecr,0.0,11.0,5.0,-0.27,16.0,-0.489,Fairly priced
/nfl/rankings/ppr-cheatsheets.php,redraft-overall,ro,Chase Brown,25324,RB,17.85,6.26,7,34,,chase-brown.php,,,98.6,,,,,,6.0,Chase Brown,2026-08-14,CIN,chase brown,25324,00-0038597,fp_id,CIN,CIN,CIN,CIN,CIN,roster_2026,1.0,RB,15,6,RB6,0.0,0.0,0.0,0.0,0.0,0.0,0.0,0.0,0.0,232.0,1019.0,6.0,52.0,-4.2413606580083725,0.0,69.0,88.0,437.0,5.0,46.0,450.0,18.0,-10.32908347672744,0.0,0.0,213.6,282.6,17.0,CIN,1.0,248.10000000000002,0.1447,0.6089,0.0101,0.1447,0.6089,0.0101,0.2241,17.0,11.8,22.98,16.0,7.35,8.0,0.0,17.0,0.471,0.0,0.459,11.0,6.0,3.0,5.0,4.478822317200707,36.0,18.0,12.0,6.0,7.299013905692176,47.0,24.0,15.0,11.0,11.78,-0.78,,,,,,,3.5521589793915602,15.948275862068966,2.673583333333334,78.28504716187763,0.33743554811154153,0.4525862068965517,BrowCh10,232.0,16.0,2.263,2.129,14.5,88.0,8.0,5.0,-0.188,6.522,0.5,0.0568,738.0,0.666,17.0,2000-03-21,2023.0,5.0,163.0,2023,2026,4,70.0,211.0,Illinois; Western Michigan,26.4,False,334,3.1505988023952094,0.11077844311377245,1.152694610778443,0.5838323353293413,35,23,4.335329341317365,0.6571428571428571,2.8870417171893865,3.212,0.1072,2.249,1.927,22.0,687,0.05240174672489083,0.0527,0.2234,2.22,1049,0.6453765490943756,17,61.71,0.6322,0.3678,0.0172,0.0246,-0.0266,38.0,56,3.29,24.4,5575.0,5552.0,0.996,5,5,0.7399403692125188,63.4,53.0,60.4,608,381,41,9,137,6,0.067,0.024,0.044,16.624,14.594,12.565,5.176,13.647,320.0,0.883,0.383,4.966,6.333,0.784,4.392,0.523,6.522,9.5,0.034,-0.018,-0.117,,17.85,6.26,7,34,fantasypros_ecr,0.0,7.0,6.0,-0.059,7.0,-0.059,Fairly priced
/nfl/rankings/ppr-cheatsheets.php,redraft-overall,ro,James Cook III,22958,RB,18.3,7.01,7,33,,james-cook.php,,,99.5,,,,,,7.0,James Cook,2026-08-14,BUF,james cook,22958,00-0037248,fp_id,BUF,BUF,BUF,BUF,BUF,roster_2026,1.0,RB,16,7,RB7,0.0,0.0,0.0,0.0,0.0,0.0,0.0,0.0,0.0,309.0,1621.0,12.0,68.0,5.575975541014341,3.0,33.0,40.0,291.0,2.0,56.0,272.0,11.0,8.67202215976431,0.0,0.0,269.2,302.2,17.0,BUF,1.0,285.7,0.0835,0.5649,0.016,0.0835,0.5649,0.016,0.1364,17.0,10.7,26.46,20.4,9.2,10.0,1.0,17.0,0.588,0.059,0.451,3.0,1.0,1.0,2.0,1.2068220373477563,56.0,26.0,16.0,12.0,10.935591818590265,59.0,27.0,17.0,14.0,12.14,1.86,,,,,,,3.2432017273288096,30.42071197411003,2.575152542372883,358.1627705137155,1.1743041656187394,0.46885245901639344,CookJa01,309.0,21.0,3.026,2.22,14.71,40.0,3.0,3.0,0.576,8.242,1.3,0.075,639.0,0.572,17.0,1999-09-25,2022.0,2.0,63.0,2022,2026,5,71.0,190.0,Georgia,26.9,False,419,3.3665871121718376,0.12649164677804295,1.4463007159904535,0.8973747016706444,37,20,5.011933174224343,0.5405405405405406,2.9181796059011273,3.397,0.1265,2.905,2.057,35.0,584,0.0684931506849315,0.0702,0.2,2.507,1065,0.5098591549295775,17,62.65,0.5028,0.4972,-0.0352,0.1102,0.1599,40.0,68,4.0,28.3,5677.0,4330.0,0.763,5,4,1.261941935282192,72.8,64.4,73.6,479,547,19,17,180,2,0.04,0.031,0.011,17.776,16.806,15.835,2.353,18.176,349.0,0.866,0.473,7.275,8.818,0.825,5.246,1.4,8.242,5.196,0.04,0.018,0.217,,18.3,7.01,7,33,fantasypros_ecr,0.0,6.0,7.0,0.02,6.0,0.02,Fairly priced
/nfl/rankings/ppr-cheatsheets.php,redraft-overall,ro,Trey McBride,22936,TE,19.47,5.73,15,33,,trey-mcbride.php,,,99.4,,,,,,14.0,Trey McBride,2026-08-14,ARI,trey mcbride,22936,00-0037744,fp_id,ARI,ARI,ARI,ARI,ARI,roster_2026,1.0,TE,17,1,TE1,0.0,0.0,0.0,0.0,0.0,0.0,0.0,0.0,0.0,0.0,0.0,0.0,0.0,0.0,0.0,126.0,169.0,1239.0,11.0,1126.0,583.0,63.0,72.71636689027306,0.0,0.0,189.9,315.90000000000003,17.0,ARI,1.0,252.90000000000003,0.2739,0.0,0.253,0.2739,0.0,0.253,0.588,17.0,12.2,27.62,16.5,8.37,12.0,0.0,17.0,0.706,0.0,0.507,33.0,11.0,5.0,11.0,10.017772701959972,0.0,0.0,0.0,0.0,0.0,33.0,11.0,5.0,11.0,10.02,0.98,3.0601982826134013,5.460229007633587,6.878047337278108,25.834218632623767,0.7146531576227062,74.55621301775149,,,,,,,McBrTr01,,,,,,169.0,9.0,2.0,5.206,4.627,6.8,0.0118,1033.0,0.914,17.0,1999-11-22,2022.0,2.0,55.0,2022,2026,5,76.0,246.0,Colorado State,26.7,False,292,2.761986301369863,0.19863013698630136,1.1472602739726028,0.8287671232876712,32,21,4.2020547945205475,0.65625,2.9389525318652057,2.771,0.2005,2.593,1.732,22.0,745,0.07919463087248323,0.0839,0.282,2.373,1074,0.6610800744878957,17,63.18,0.6204,0.3796,0.0399,-0.0591,0.0023,39.0,61,3.59,20.9,5838.0,4005.0,0.686,5,3,-0.34443965422600703,43.8,35.6,36.9,617,366,106,173,153,41,0.172,0.473,0.268,18.582,14.876,11.171,9.941,0.0,169.0,1.869,0.306,7.331,9.833,0.746,,6.663,4.627,1.1,0.065,,0.43,,19.47,5.73,15,33,fantasypros_ecr,0.0,1.0,1.0,0.027,1.0,0.026,Fairly priced
/nfl/rankings/ppr-cheatsheets.php,redraft-overall,ro,George Pickens,22963,WR,19.88,6.22,12,51,,george-pickens.php,,,99.3,,,,,,14.0,George Pickens,2026-08-14,DAL,george pickens,22963,00-0037247,fp_id,DAL,DAL,DAL,DAL,DAL,roster_2026,2.0,WR,18,10,WR10,0.0,0.0,0.0,0.0,0.0,0.0,0.0,0.0,0.0,0.0,0.0,0.0,0.0,0.0,0.0,93.0,137.0,1429.0,9.0,1547.0,479.0,73.0,88.7427112801041,0.0,0.0,198.9,291.9,17.0,DAL,1.0,245.39999999999998,0.2257,0.0,0.3141,0.2257,0.0,0.3141,0.5584,17.0,11.8,29.52,14.8,9.65,5.0,0.0,17.0,0.294,0.0,0.652,23.0,10.0,6.0,9.0,8.138215648251357,0.0,0.0,0.0,0.0,0.0,23.0,10.0,6.0,9.0,8.14,0.86,2.3122277471058705,5.171386861313869,11.722700729927007,31.694104459644546,2.1586507021991683,67.88321167883211,,,,,,,PickGe00,,,,,,137.0,6.0,4.0,10.215,5.151,11.3,0.0292,968.0,0.811,17.0,2001-03-04,2022.0,2.0,52.0,2022,2026,5,75.0,205.0,Georgia,25.5,False,383,3.1652741514360314,0.13054830287206268,1.2558746736292428,0.8459530026109661,34,24,4.663185378590079,0.7058823529411765,3.0401662544448724,3.074,0.1352,2.563,2.03,33.0,681,0.04552129221732746,0.044,0.2356,2.396,1104,0.5932971014492754,17,64.94,0.5628,0.4372,-0.0098,0.005,0.1615,36.0,65,3.82,27.7,5938.0,5037.0,0.848,5,5,0.6426441330126125,61.6,62.2,65.1,607,465,34,0,187,4,0.056,0.0,0.021,17.171,14.435,11.7,8.059,0.0,137.0,2.131,0.302,10.431,15.366,0.679,,11.292,5.151,0.924,0.066,,0.648,,19.88,6.22,12,51,fantasypros_ecr,0.0,5.0,10.0,0.17,6.0,0.126,Fairly priced
/nfl/rankings/ppr-cheatsheets.php,redraft-overall,ro,Brock Bowers,22955,TE,20.44,3.47,11,32,,brock-bowers.php,,,99.5,,,,,,13.0,Brock Bowers,2026-08-14,LVR,brock bowers,22955,00-0039338,fp_id,LV,LV,LV,LV,LV,roster_2026,1.0,TE,19,2,TE2,0.0,0.0,0.0,0.0,0.0,0.0,0.0,0.0,0.0,2.0,2.0,0.0,0.0,-1.1543679854366928,0.0,64.0,86.0,680.0,7.0,560.0,305.0,36.0,23.34749065319067,0.0,0.0,112.20000000000002,176.2,12.0,LV,1.0,144.2,0.1741,0.0054,0.1751,0.2363,0.008,0.2297,0.5152,12.0,9.4,17.75,12.85,10.12,4.0,0.0,12.0,0.333,0.0,0.788,17.0,9.0,2.0,7.0,5.110232020369402,0.0,0.0,0.0,0.0,0.024559935856017616,17.0,9.0,2.0,7.0,5.13,1.87,3.0546378755299486,6.1466666666666665,7.012790697674418,18.499375787933538,0.9487826882259469,74.4186046511628,,,,,,,BoweBr01,2.0,0.0,,,,86.0,3.0,4.0,5.859,4.766,6.5,0.0465,605.0,0.859,12.0,2002-12-13,2024.0,1.0,13.0,2024,2026,3,75.0,235.0,Georgia,23.7,False,307,2.4599348534201955,0.25732899022801303,1.0423452768729642,0.6058631921824105,30,11,3.6482084690553744,0.36666666666666664,2.9188287541736484,2.49,0.2502,1.629,1.94,30.0,598,0.10702341137123746,0.1019,0.2641,2.487,942,0.613588110403397,17,55.41,0.5679,0.4321,-0.0175,-0.2605,-0.187,38.0,38,2.24,14.2,4992.0,1916.0,0.384,5,2,-2.336100063543081,7.8,37.5,15.2,494,369,55,58,106,13,0.111,0.157,0.123,14.683,12.017,9.35,7.167,0.167,88.0,2.002,0.291,7.907,10.625,0.744,,6.512,4.766,1.214,0.08,,0.271,,20.44,3.47,11,32,fantasypros_ecr,0.0,11.0,2.0,-0.376,2.0,0.018,Slight reach
/nfl/rankings/ppr-cheatsheets.php,redraft-overall,ro,Chris Olave,20111,WR,20.57,7.04,11,51,,chris-olave.php,,,98.0,,,,,,8.0,Chris Olave,2026-08-14,NOS,chris olave,20111,00-0037239,fp_id,NO,NO,NO,NO,NO,roster_2026,1.0,WR,20,11,WR11,0.0,1.0,0.0,0.0,1.0,0.0,4.0,0.0,-3.5951321736210957,1.0,-3.0,0.0,0.0,-1.253101927228272,0.0,100.0,156.0,1163.0,9.0,1841.0,289.0,53.0,35.62936226270581,0.0,0.0,168.0,268.0,16.0,NO,1.0,218.0,0.2761,0.0023,0.3935,0.2938,0.0024,0.4183,0.7335,16.0,12.15,24.78,15.2,7.91,5.0,0.0,16.0,0.312,0.0,0.521,15.0,4.0,2.0,9.0,5.837923424468309,0.0,0.0,0.0,0.0,0.00858704137392662,15.0,4.0,2.0,9.0,5.85,3.15,2.945061511109885,6.8091333333333335,11.639871794871796,39.277533230226794,-0.5211326790836499,64.1025641025641,,,,,,,OlavCh00,1.0,0.0,,,,156.0,2.0,5.0,8.74,2.89,11.8,0.0321,887.0,0.843,16.0,2000-06-27,2022.0,1.0,11.0,2022,2026,5,72.0,187.0,Ohio State,26.1,False,300,2.896333333333333,0.15,0.9566666666666667,0.31666666666666665,20,11,3.72,0.55,2.962003325988386,2.883,0.1505,2.057,1.628,31.0,670,0.07313432835820896,0.0763,0.2132,2.2,1064,0.5968045112781954,17,62.59,0.5383,0.4617,-0.0301,-0.1008,-0.0795,35.0,48,2.82,18.0,5643.0,4426.0,0.784,5,4,-0.42136189488230485,42.4,44.9,41.9,565,435,127,21,113,15,0.225,0.048,0.133,16.75,13.625,10.5,9.75,0.062,157.0,1.707,0.302,7.455,11.63,0.641,,11.801,2.89,0.632,0.057,,0.228,,20.57,7.04,11,51,fantasypros_ecr,0.0,6.0,11.0,0.162,8.0,0.074,Fairly priced
/nfl/rankings/ppr-cheatsheets.php,redraft-overall,ro,De'Von Achane,23136,RB,20.88,6.26,10,33,,devon-achane.php,,,99.2,,,,,,6.0,DeVon Achane,2026-08-14,MIA,devon achane,23136,00-0039040,fp_id,MIA,MIA,MIA,MIA,MIA,roster_2026,1.0,RB,21,8,RB8,0.0,0.0,0.0,0.0,0.0,0.0,0.0,0.0,0.0,238.0,1350.0,8.0,56.0,14.038851955604883,0.0,67.0,85.0,488.0,4.0,35.0,552.0,23.0,-10.227876861455025,0.0,0.0,255.8,322.8,16.0,MIA,1.0,289.3,0.184,0.5509,0.0106,0.1941,0.5848,0.0112,0.299,16.0,16.58,25.02,17.75,7.02,11.0,0.0,16.0,0.688,0.0,0.395,11.0,5.0,1.0,4.0,3.6701565859069993,32.0,11.0,5.0,8.0,4.684591585645831,43.0,16.0,6.0,12.0,8.35,3.65,,,,,,,3.5574962962962955,23.10924369747899,2.9079255813953493,241.9862718315958,1.029728816304663,0.37872340425531914,AchaDe00,238.0,22.0,2.651,3.021,10.82,85.0,9.0,5.0,-0.955,8.239,0.4,0.0588,694.0,0.754,16.0,2001-10-13,2023.0,3.0,84.0,2023,2026,4,69.0,191.0,Texas A&M,24.8,False,380,2.835526315789474,0.2131578947368421,1.4657894736842105,1.2263157894736842,29,17,4.8578947368421055,0.5862068965517241,2.9450156110798447,2.839,0.2101,2.199,2.532,38.0,530,0.07169811320754717,0.0727,0.2422,2.29,942,0.5498938428874734,17,55.41,0.5279,0.4721,-0.0584,-0.026,-0.0093,41.0,48,2.82,20.4,5041.0,3387.0,0.672,5,4,-0.6920984359417763,37.5,44.5,38.6,462,432,209,28,134,32,0.452,0.065,0.239,20.175,18.081,15.988,5.312,14.875,323.0,0.999,0.465,5.741,7.284,0.788,5.672,0.412,8.239,13.943,0.037,0.059,-0.12,,20.88,6.26,10,33,fantasypros_ecr,0.0,5.0,8.0,0.099,5.0,0.099,Fairly priced
/nfl/rankings/ppr-cheatsheets.php,redraft-overall,ro,Rashee Rice,23113,WR,22.15,9.15,8,48,,rashee-rice.php,,,98.4,,,,,,5.0,Rashee Rice,2026-08-14,KCC,rashee rice,23113,00-0039067,fp_id,KC,KC,KC,KC,KC,roster_2026,1.0,WR,22,12,WR12,0.0,0.0,0.0,0.0,0.0,0.0,0.0,0.0,0.0,5.0,20.0,1.0,2.0,1.8625007853843272,0.0,53.0,78.0,571.0,5.0,338.0,414.0,28.0,16.019448061033202,0.0,0.0,97.1,150.1,8.0,KC,1.0,123.6,0.1421,0.0116,0.0786,0.2868,0.0228,0.1523,0.5368,8.0,11.53,25.43,20.9,8.11,5.0,0.0,8.0,0.625,0.0,0.388,18.0,14.0,7.0,5.0,6.868493019968194,3.0,3.0,2.0,1.0,0.6761489425095214,21.0,17.0,9.0,6.0,7.54,-1.54,3.5954414569478743,6.310588235294117,4.4164102564102565,8.362261073053263,0.6166205115972003,67.94871794871796,,,,,,,RiceRa01,5.0,0.0,,,,78.0,3.0,5.0,2.962,7.811,4.3,0.0641,415.0,0.749,8.0,2000-04-22,2023.0,2.0,55.0,2023,2026,4,73.0,203.0,SMU,26.3,False,336,3.0196428571428573,0.13392857142857142,0.9583333333333334,0.19642857142857142,48,39,3.7113095238095237,0.8125,2.9061980034779267,3.062,0.1258,2.623,1.591,14.0,686,0.06851311953352769,0.0659,0.2877,2.212,1048,0.6020992366412213,17,61.65,0.5721,0.4279,0.0395,0.0273,0.0399,38.0,63,3.71,21.3,5605.0,4845.0,0.864,5,5,0.8942498700724988,66.2,34.0,50.1,549,430,147,129,166,43,0.268,0.3,0.259,18.762,15.45,12.138,9.75,0.625,83.0,1.808,0.362,7.321,10.774,0.679,,4.333,7.811,1.689,0.072,,0.205,,22.15,9.15,8,48,fantasypros_ecr,0.0,40.0,12.0,-1.293,5.0,0.241,Overpriced
/nfl/rankings/ppr-cheatsheets.php,redraft-overall,ro,DeVonta Smith,19222,WR,23.99,7.6,11,48,,devonta-smith.php,,,97.9,,,,,,10.0,DeVonta Smith,2026-08-14,PHI,devonta smith,19222,00-0036912,fp_id,PHI,PHI,PHI,PHI,PHI,roster_2026,1.0,WR,23,13,WR13,0.0,0.0,0.0,0.0,0.0,0.0,0.0,0.0,0.0,0.0,0.0,0.0,0.0,0.0,0.0,77.0,113.0,1008.0,4.0,1355.0,293.0,44.0,54.36954212163124,0.0,0.0,124.80000000000001,201.79999999999998,17.0,PHI,1.0,163.3,0.2435,0.0,0.3217,0.2435,0.0,0.3217,0.5904,17.0,7.0,18.4,9.3,7.8,3.0,1.0,17.0,0.176,0.059,0.839,11.0,3.0,2.0,4.0,3.8434827462234584,0.0,0.0,0.0,0.0,0.0,11.0,3.0,2.0,4.0,3.84,0.16,2.8218328496572873,6.363398058252428,12.01513274336283,32.372829627227595,-0.11776669600317513,68.14159292035397,,,,,,,SmitDe07,,,,,,113.0,0.0,3.0,9.286,3.805,11.9,0.0265,888.0,0.844,17.0,1998-11-14,2021.0,1.0,10.0,2021,2026,6,72.0,170.0,Alabama,27.8,False,364,2.776098901098901,0.22252747252747251,1.348901098901099,0.8626373626373627,15,7,4.376373626373627,0.4666666666666667,2.975338302218848,2.749,0.2192,2.6,1.559,33.0,573,0.06108202443280977,0.0577,0.2334,2.491,995,0.5346733668341709,17,58.53,0.5347,0.4653,-0.0248,0.0054,0.0436,39.0,47,2.76,22.3,5320.0,4835.0,0.909,5,5,-0.7945989975117697,35.6,61.6,48.2,464,478,175,12,148,23,0.377,0.025,0.155,11.871,9.606,7.341,6.647,0.0,113.0,1.786,0.227,8.92,13.091,0.681,,11.991,3.805,0.744,0.035,,0.481,,23.99,7.6,11,48,fantasypros_ecr,0.0,20.0,13.0,-0.381,31.0,-0.863,Slight reach
/nfl/rankings/ppr-cheatsheets.php,redraft-overall,ro,Omarion Hampton,25395,RB,25.64,7.39,11,46,,omarion-hampton.php,,,99.0,,,,,,7.0,Omarion Hampton,2026-08-14,LAC,omarion hampton,25395,00-0040666,fp_id,LAC,LAC,LAC,LAC,LAC,roster_2026,1.0,RB,24,9,RB9,0.0,0.0,0.0,0.0,0.0,0.0,0.0,0.0,0.0,124.0,545.0,4.0,31.0,-0.7757389234687126,0.0,32.0,35.0,192.0,1.0,-54.0,245.0,7.0,-0.5914522834937088,0.0,0.0,103.7,135.7,9.0,LAC,1.0,119.69999999999999,0.0643,0.2661,-0.0123,0.1232,0.5145,-0.0232,0.1686,9.0,8.1,23.92,14.7,8.08,3.0,0.0,9.0,0.333,0.0,0.549,2.0,1.0,1.0,1.0,1.1567689787014832,26.0,15.0,8.0,4.0,4.643224887258153,28.0,16.0,9.0,5.0,5.8,-0.8,,,,,,,3.9408807339449554,25.806451612903224,2.980623853211008,81.60164135897838,0.6580777528949869,0.45161290322580644,HampOm00,124.0,15.0,2.71,1.685,8.27,35.0,3.0,0.0,-1.656,7.656,-1.5,0.0,384.0,0.634,9.0,2003-03-16,2025.0,1.0,22.0,2025,2026,2,72.0,220.0,North Carolina,23.4,False,359,2.713091922005571,0.22841225626740946,1.1253481894150419,0.7465181058495822,36,22,4.066852367688022,0.6111111111111112,2.8910496424917547,2.77,0.2195,2.614,1.822,24.0,681,0.0881057268722467,0.0832,0.3427,2.37,1080,0.5787037037037037,17,63.53,0.579,0.421,0.0064,0.0187,-0.0542,39.0,59,3.47,21.6,5784.0,1183.0,0.205,5,1,-0.5169002070393753,40.7,23.0,26.9,544,466,15,23,152,2,0.028,0.049,0.013,15.078,13.3,11.522,3.889,13.778,159.0,0.853,0.353,5.486,6.0,0.914,4.395,-1.543,7.656,-3.556,0.031,-0.006,-0.017,,25.64,7.39,11,46,fantasypros_ecr,0.0,34.0,9.0,-1.136,13.0,-0.216,Overpriced
/nfl/rankings/ppr-cheatsheets.php,redraft-overall,ro,Josh Allen,17298,QB,25.86,2.48,21,36,,josh-allen-qb.php,,,99.6,,,,,,7.0,Josh Allen,2026-08-14,BUF,josh allen,17298,00-0034857,fp_id,BUF,BUF,BUF,BUF,BUF,roster_2026,1.0,QB,25,1,QB1,319.0,460.0,3668.0,25.0,10.0,40.0,3359.0,177.0,71.32633645753506,112.0,579.0,14.0,46.0,38.772568229397066,2.0,0.0,0.0,0.0,0.0,0.0,0.0,0.0,0.0,0.0,0.0,364.62,364.62,16.0,BUF,1.0,364.62,0.0,0.2048,0.0,0.0,0.2222,0.0,0.0,16.0,16.39,35.58,23.1,10.4,10.0,0.0,16.0,0.625,0.0,0.45,0.0,0.0,0.0,0.0,0.0,27.0,21.0,17.0,14.0,8.499465119754465,27.0,21.0,17.0,14.0,8.5,5.5,,,,,,,,,,,,,AlleJo02,112.0,7.0,3.179,1.991,16.0,,,,,,,,1034.0,0.922,17.0,1996-05-21,2018.0,1.0,7.0,2018,2026,9,77.0,237.0,Wyoming; Reedley,30.2,False,419,3.3665871121718376,0.12649164677804295,1.4463007159904535,0.8973747016706444,37,20,5.011933174224343,0.5405405405405406,2.9181796059011273,3.397,0.1265,2.905,2.057,35.0,584,0.0684931506849315,0.0702,0.2,2.507,1065,0.5098591549295775,17,62.65,0.5028,0.4972,-0.0352,0.1102,0.1599,40.0,68,4.0,28.3,5677.0,4330.0,0.763,5,4,1.261941935282192,72.8,64.4,73.6,479,547,19,17,180,2,0.04,0.031,0.011,22.789,22.789,22.789,0.0,7.0,112.0,3.256,0.353,,,,5.17,,,,0.125,0.346,,,25.86,2.48,21,36,fantasypros_ecr,0.0,1.0,1.0,0.027,1.0,0.026,Fairly priced
/nfl/rankings/ppr-cheatsheets.php,redraft-overall,ro,Saquon Barkley,17240,RB,25.94,7.1,10,41,,saquon-barkley.php,,,99.4,,,,,,10.0,Saquon Barkley,2026-08-14,PHI,saquon barkley,17240,00-0034844,fp_id,PHI,PHI,PHI,PHI,PHI,roster_2026,1.0,RB,26,10,RB10,0.0,0.0,0.0,0.0,0.0,0.0,0.0,0.0,0.0,280.0,1140.0,7.0,48.0,-24.096579715675524,0.0,37.0,50.0,273.0,2.0,31.0,296.0,11.0,-4.971302645470016,1.0,0.0,195.3,232.3,16.0,PHI,1.0,213.8,0.1078,0.5858,0.0074,0.1163,0.61,0.008,0.18,16.0,9.3,18.35,15.15,7.19,6.0,0.0,16.0,0.375,0.0,0.475,7.0,3.0,1.0,2.0,2.222934300141338,43.0,24.0,14.0,7.0,8.29538503418855,50.0,27.0,15.0,9.0,10.52,-1.52,,,,,,,4.082114035087718,31.071428571428573,2.968376569037657,75.93356878279906,0.2761220683010875,0.38181818181818183,BarkSa00,280.0,18.0,2.461,1.611,15.56,50.0,2.0,2.0,-0.622,8.0,0.6,0.04,773.0,0.783,16.0,1997-02-09,2018.0,1.0,2.0,2018,2026,9,72.0,232.0,Penn State,29.5,False,364,2.776098901098901,0.22252747252747251,1.348901098901099,0.8626373626373627,15,7,4.376373626373627,0.4666666666666667,2.975338302218848,2.749,0.2192,2.6,1.559,33.0,573,0.06108202443280977,0.0577,0.2334,2.491,995,0.5346733668341709,17,58.53,0.5347,0.4653,-0.0248,0.0054,0.0436,39.0,47,2.76,22.3,5320.0,4835.0,0.909,5,5,-0.7945989975117697,35.6,61.6,48.2,464,478,175,12,148,23,0.377,0.025,0.155,14.519,13.362,12.206,3.125,17.5,330.0,0.704,0.301,5.46,7.378,0.74,4.071,0.62,8.0,8.806,0.027,-0.086,-0.099,,25.94,7.1,10,41,fantasypros_ecr,0.0,14.0,10.0,-0.224,15.0,-0.268,Fairly priced
/nfl/rankings/ppr-cheatsheets.php,redraft-overall,ro,Malik Nabers,25409,WR,28.55,11.16,8,60,,malik-nabers.php,,,98.4,,,,,2.0,8.0,Malik Nabers,2026-08-14,NYG,malik nabers,25409,00-0039337,fp_id,NYG,NYG,NYG,NYG,NYG,roster_2026,1.0,WR,27,14,WR14,0.0,0.0,0.0,0.0,0.0,0.0,0.0,0.0,0.0,0.0,0.0,0.0,0.0,0.0,0.0,18.0,35.0,271.0,2.0,555.0,52.0,11.0,2.308888526029296,0.0,0.0,39.1,57.1,4.0,NYG,1.0,48.1,0.0696,0.0,0.1287,0.2869,0.0,0.5144,0.7904,4.0,3.82,26.18,8.05,16.12,1.0,0.0,4.0,0.25,0.0,2.002,4.0,3.0,2.0,2.0,1.9209733462796124,0.0,0.0,0.0,0.0,0.0,4.0,3.0,2.0,2.0,1.92,0.08,,,,,,,,,,,,,NabeMa00,,,,,,35.0,0.0,1.0,12.167,2.889,15.9,0.0286,216.0,0.795,4.0,2003-07-28,2024.0,1.0,6.0,2024,2026,3,72.0,200.0,LSU,23.1,False,396,2.9964646464646463,0.14646464646464646,1.0808080808080809,0.44191919191919193,24,15,4.007575757575758,0.625,2.970851609928484,2.974,0.1475,2.714,1.581,16.0,624,0.07692307692307693,0.076,0.2947,2.388,1079,0.5338276181649676,17,63.47,0.494,0.506,-0.0466,0.0356,-0.008,36.0,61,3.59,22.4,5756.0,4159.0,0.723,5,4,0.3758722777586546,56.8,36.8,45.9,503,511,177,3,162,21,0.352,0.006,0.13,14.275,12.025,9.775,8.75,0.0,35.0,1.631,0.264,7.743,15.056,0.514,,15.857,2.889,0.488,0.057,,0.066,,28.55,11.16,8,60,fantasypros_ecr,0.0,79.0,14.0,-2.931,14.0,-0.083,Overpriced
/nfl/rankings/ppr-cheatsheets.php,redraft-overall,ro,Kenneth Walker III,23021,RB,29.29,9.13,14,56,,kenneth-walker-rb.php,,,99.2,,,,,,5.0,Kenneth Walker,2026-08-14,KCC,kenneth walker,23021,00-0038134,fp_id,KC,KC,KC,KC,KC,roster_2026,1.0,RB,28,11,RB11,0.0,0.0,0.0,0.0,0.0,0.0,0.0,0.0,0.0,221.0,1027.0,5.0,46.0,-14.293906376116537,0.0,31.0,36.0,282.0,0.0,-41.0,339.0,12.0,6.839457415541519,0.0,0.0,160.9,191.9,17.0,SEA,1.0,176.4,0.0791,0.4359,-0.0112,0.0791,0.4359,-0.0112,0.1108,17.0,6.6,18.48,9.6,6.53,5.0,0.0,17.0,0.294,0.0,0.68,3.0,1.0,0.0,0.0,1.0983959548105193,34.0,10.0,8.0,5.0,5.615165449465224,37.0,11.0,8.0,5.0,6.71,-1.71,,,,,,,4.501781888997081,27.601809954751133,3.1947743589743602,38.92551895535473,0.1818949483895081,0.37383177570093457,WalkKe00,221.0,23.0,2.81,1.837,9.61,36.0,5.0,2.0,-1.839,10.935,-1.1,0.0556,498.0,0.469,17.0,2000-10-20,2022.0,2.0,41.0,2022,2026,5,69.0,211.0,Michigan State; Wake Forest,25.8,False,336,3.0196428571428573,0.13392857142857142,0.9583333333333334,0.19642857142857142,48,39,3.7113095238095237,0.8125,2.9061980034779267,3.062,0.1258,2.623,1.591,14.0,686,0.06851311953352769,0.0659,0.2877,2.212,1048,0.6020992366412213,17,61.65,0.5721,0.4279,0.0395,0.0273,0.0399,38.0,63,3.71,21.3,5605.0,4845.0,0.864,5,5,0.8942498700724988,66.2,34.0,50.1,549,430,147,129,166,43,0.268,0.3,0.259,11.288,10.376,9.465,2.118,13.0,257.0,0.747,0.385,7.833,9.097,0.861,4.647,-1.139,10.935,-6.878,0.019,-0.065,0.19,,29.29,9.13,14,56,fantasypros_ecr,0.0,22.0,11.0,-0.539,29.0,-0.846,Slight reach
/nfl/rankings/ppr-cheatsheets.php,redraft-overall,ro,Zay Flowers,22916,WR,29.37,7.59,12,44,,zay-flowers.php,,,97.6,,,,,,13.0,Zay Flowers,2026-08-14,BAL,zay flowers,22916,00-0039064,fp_id,BAL,BAL,BAL,BAL,BAL,roster_2026,1.0,WR,29,15,WR15,0.0,0.0,0.0,0.0,0.0,0.0,0.0,0.0,0.0,10.0,62.0,1.0,3.0,2.4996555442921817,0.0,86.0,118.0,1211.0,5.0,1204.0,458.0,48.0,46.3842026584022,3.0,0.0,157.3,243.3,17.0,BAL,1.0,200.3,0.2899,0.0197,0.3566,0.2899,0.0197,0.3566,0.6845,17.0,11.4,20.96,13.0,7.48,4.0,1.0,17.0,0.235,0.059,0.576,11.0,5.0,1.0,5.0,4.060994564553081,1.0,0.0,0.0,1.0,0.1314414157276823,12.0,5.0,1.0,6.0,4.19,1.81,3.579677557341893,6.454454545454546,9.922881355932205,34.73831301566769,0.1959025097963476,72.88135593220339,,,,,,,FlowZa00,10.0,0.0,,,,118.0,9.0,7.0,8.756,5.326,10.2,0.0593,878.0,0.865,17.0,2000-09-11,2023.0,1.0,22.0,2023,2026,4,69.0,183.0,Boston College,25.9,False,392,3.0367346938775515,0.15306122448979592,1.3112244897959184,1.5127551020408163,37,24,5.244897959183674,0.6486486486486487,2.952764271990162,3.032,0.1574,3.144,2.107,24.0,501,0.08982035928143713,0.0849,0.2725,2.454,956,0.4874476987447699,17,56.24,0.4667,0.5333,-0.0884,0.0996,-0.035,39.0,61,3.59,24.9,5080.0,2908.0,0.572,5,2,0.7827893624579995,64.1,41.0,53.2,407,507,75,64,160,26,0.184,0.126,0.162,14.312,11.782,9.253,6.941,0.588,128.0,1.901,0.277,10.263,14.081,0.729,,10.203,5.326,1.006,0.047,,0.393,,29.37,7.59,12,44,fantasypros_ecr,0.0,7.0,15.0,0.26,13.0,-0.004,Fairly priced
/nfl/rankings/ppr-cheatsheets.php,redraft-overall,ro,Garrett Wilson,23072,WR,30.29,6.99,15,46,,garrett-wilson.php,,,96.6,,,,,,13.0,Garrett Wilson,2026-08-14,NYJ,garrett wilson,23072,00-0037740,fp_id,NYJ,NYJ,NYJ,NYJ,NYJ,roster_2026,1.0,WR,30,16,WR16,0.0,0.0,0.0,0.0,0.0,0.0,0.0,0.0,0.0,0.0,0.0,0.0,0.0,0.0,0.0,36.0,59.0,395.0,4.0,535.0,100.0,18.0,-2.0651280481536194,0.0,0.0,63.5,99.5,7.0,NYJ,1.0,81.5,0.125,0.0,0.1663,0.3371,0.0,0.485,0.8452,7.0,6.65,22.69,19.1,9.66,4.0,1.0,7.0,0.571,0.143,0.506,4.0,1.0,0.0,4.0,1.4566461091826943,0.0,0.0,0.0,0.0,0.0,4.0,1.0,0.0,4.0,1.46,2.54,3.057975170073708,6.484912280701754,9.444745762711865,17.068381958802355,-0.02675613043680114,61.016949152542374,,,,,,,WilsGa00,,,,,,59.0,3.0,3.0,8.194,2.778,9.1,0.0508,383.0,0.87,7.0,2000-07-22,2022.0,1.0,10.0,2022,2026,5,72.0,183.0,Ohio State,26.1,False,334,2.844311377245509,0.18263473053892215,1.1916167664670658,0.9401197604790419,23,17,4.440119760479042,0.7391304347826086,2.901114691721229,2.892,0.1813,2.899,1.697,18.0,608,0.09868421052631579,0.0989,0.3117,2.423,1009,0.5510406342913776,17,59.35,0.4319,0.5681,-0.0877,-0.061,-0.1799,38.0,42,2.47,17.6,5302.0,4286.0,0.808,5,3,0.35028737064963766,56.3,25.8,38.6,472,456,76,117,116,27,0.161,0.257,0.233,14.214,11.643,9.071,8.429,0.0,59.0,1.686,0.26,6.695,10.972,0.61,,9.068,2.778,0.738,0.068,,-0.035,,30.29,6.99,15,46,fantasypros_ecr,0.0,60.0,16.0,-2.027,15.0,-0.056,Overpriced
/nfl/rankings/ppr-cheatsheets.php,redraft-overall,ro,Lamar Jackson,17233,QB,32.31,9.26,25,59,,lamar-jackson.php,,,99.2,,,,,,13.0,Lamar Jackson,2026-08-14,BAL,lamar jackson,17233,00-0034796,fp_id,BAL,BAL,BAL,BAL,BAL,roster_2026,1.0,QB,31,2,QB2,192.0,302.0,2549.0,21.0,7.0,36.0,2648.0,109.0,18.157022170954196,67.0,349.0,2.0,24.0,20.60871839112074,0.0,0.0,0.0,0.0,0.0,0.0,0.0,0.0,0.0,0.0,0.0,214.85999999999999,214.85999999999999,13.0,BAL,1.0,214.85999999999999,0.0,0.1321,0.0,0.0,0.1846,0.0,0.0,13.0,7.22,26.44,16.64,9.08,6.0,3.0,13.0,0.462,0.231,0.546,0.0,0.0,0.0,0.0,0.0,13.0,5.0,1.0,2.0,1.4453333109217503,13.0,5.0,1.0,2.0,1.45,0.55,,,,,,,,,,,,,JackLa00,67.0,7.0,3.836,1.373,9.57,,,,,,,,702.0,0.922,13.0,1997-01-07,2018.0,1.0,32.0,2018,2026,9,74.0,205.0,Louisville,29.6,False,392,3.0367346938775515,0.15306122448979592,1.3112244897959184,1.5127551020408163,37,24,5.244897959183674,0.6486486486486487,2.952764271990162,3.032,0.1574,3.144,2.107,24.0,501,0.08982035928143713,0.0849,0.2725,2.454,956,0.4874476987447699,17,56.24,0.4667,0.5333,-0.0884,0.0996,-0.035,39.0,61,3.59,24.9,5080.0,2908.0,0.572,5,2,0.7827893624579995,64.1,41.0,53.2,407,507,75,64,160,26,0.184,0.126,0.162,16.528,16.528,16.528,0.0,5.154,67.0,3.207,0.306,,,,5.209,,,,0.03,0.308,,,32.31,9.26,25,59,fantasypros_ecr,0.0,20.0,2.0,-0.77,16.0,-0.596,Slight reach
/nfl/rankings/ppr-cheatsheets.php,redraft-overall,ro,Tetairoa McMillan,25417,WR,33.7,7.48,14,46,,tetairoa-mcmillan.php,,,97.7,,,,,,5.0,Tetairoa McMillan,2026-08-14,CAR,tetairoa mcmillan,25417,00-0040124,fp_id,CAR,CAR,CAR,CAR,CAR,roster_2026,1.0,WR,32,17,WR17,0.0,0.0,0.0,0.0,0.0,0.0,0.0,0.0,0.0,0.0,0.0,0.0,0.0,0.0,0.0,70.0,122.0,1014.0,7.0,1410.0,269.0,55.0,25.28509608821285,0.0,0.0,143.4,213.4,17.0,CAR,1.0,178.4,0.2542,0.0,0.4326,0.2542,0.0,0.4326,0.6841,17.0,8.6,17.5,11.5,7.07,2.0,1.0,17.0,0.118,0.059,0.615,15.0,6.0,3.0,7.0,5.585024480281592,0.0,0.0,0.0,0.0,0.0,15.0,6.0,3.0,7.0,5.59,1.41,2.6936597695195412,5.724285714285715,12.431311475409832,44.540576735006724,0.1049499466950281,57.377049180327866,,,,,,,McMiTe00,,,,,,122.0,2.0,8.0,10.643,3.843,11.6,0.0656,925.0,0.872,17.0,2003-04-05,2025.0,1.0,8.0,2025,2026,2,76.0,219.0,Arizona,23.4,False,391,3.167007672634271,0.13810741687979539,1.1585677749360614,0.5345268542199488,29,20,4.29923273657289,0.6896551724137931,2.936153855960689,3.179,0.1391,2.49,1.798,18.0,582,0.06013745704467354,0.0629,0.2718,2.4,996,0.5532128514056225,17,58.59,0.5106,0.4894,-0.061,-0.0262,-0.0498,39.0,48,2.82,18.3,5317.0,3170.0,0.596,5,3,0.7242481938282351,63.1,47.3,56.6,480,461,50,242,136,40,0.104,0.525,0.294,12.553,10.494,8.435,7.176,0.0,122.0,1.749,0.231,8.311,14.486,0.574,,11.557,3.843,0.719,0.057,,0.207,,33.7,7.48,14,46,fantasypros_ecr,0.0,15.0,17.0,-0.02,24.0,-0.415,Fairly priced
/nfl/rankings/ppr-cheatsheets.php,redraft-overall,ro,Tee Higgins,19211,WR,34.77,7.37,19,52,,tee-higgins.php,,,96.9,,,,,,6.0,Tee Higgins,2026-08-14,CIN,tee higgins,19211,00-0036410,fp_id,CIN,CIN,CIN,CIN,CIN,roster_2026,2.0,WR,33,18,WR18,0.0,0.0,0.0,0.0,0.0,0.0,0.0,0.0,0.0,0.0,0.0,0.0,0.0,0.0,0.0,59.0,98.0,846.0,11.0,1314.0,166.0,41.0,35.98686658989799,0.0,0.0,152.6,211.6,15.0,CIN,1.0,182.1,0.1612,0.0,0.2878,0.1856,0.0,0.3361,0.5137,15.0,9.0,21.31,11.4,8.23,4.0,0.0,15.0,0.267,0.0,0.722,15.0,7.0,4.0,11.0,6.057011250289407,0.0,0.0,0.0,0.0,0.0,15.0,7.0,4.0,11.0,6.06,4.94,1.8328989708439576,5.22721649484536,13.532551020408164,29.020173352093813,0.38211229710168704,60.204081632653065,,,,,,,HiggTe00,,,,,,98.0,5.0,2.0,11.525,2.814,13.1,0.0204,769.0,0.809,15.0,1999-01-18,2020.0,2.0,33.0,2020,2026,7,76.0,219.0,Clemson,27.6,False,334,3.1505988023952094,0.11077844311377245,1.152694610778443,0.5838323353293413,35,23,4.335329341317365,0.6571428571428571,2.8870417171893865,3.212,0.1072,2.249,1.927,22.0,687,0.05240174672489083,0.0527,0.2234,2.22,1049,0.6453765490943756,17,61.71,0.6322,0.3678,0.0172,0.0246,-0.0266,38.0,56,3.29,24.4,5575.0,5552.0,0.996,5,5,0.7399403692125188,63.4,53.0,60.4,608,381,41,9,137,6,0.067,0.024,0.044,14.107,12.14,10.173,6.533,0.0,98.0,2.159,0.275,8.633,14.339,0.602,,13.408,2.814,0.644,0.112,,0.367,,34.77,7.37,19,52,fantasypros_ecr,0.0,16.0,18.0,-0.028,16.0,-0.029,Fairly priced
/nfl/rankings/ppr-cheatsheets.php,redraft-overall,ro,Ladd McConkey,26122,WR,35.74,6.91,14,48,,ladd-mcconkey.php,,,96.0,,,,,,7.0,Ladd McConkey,2026-08-14,LAC,ladd mcconkey,26122,00-0039915,fp_id,LAC,LAC,LAC,LAC,LAC,roster_2026,1.0,WR,34,19,WR19,0.0,0.0,0.0,0.0,0.0,0.0,0.0,0.0,0.0,0.0,0.0,0.0,0.0,0.0,0.0,66.0,106.0,789.0,6.0,1046.0,310.0,35.0,7.235227504492888,0.0,0.0,114.9,180.9,16.0,LAC,1.0,147.9,0.1949,0.0,0.2373,0.2095,0.0,0.2592,0.4957,16.0,4.25,19.45,11.6,6.86,3.0,0.0,16.0,0.188,0.0,0.591,15.0,6.0,4.0,6.0,5.714918504456357,0.0,0.0,0.0,0.0,0.0,15.0,6.0,4.0,6.0,5.71,0.29,3.2648420915847893,5.795728155339806,9.984622641509436,23.899872412975494,1.008538019085321,62.264150943396224,,,,,,,McCoLa00,,,,,,106.0,5.0,6.0,7.258,4.697,9.9,0.0566,837.0,0.775,16.0,2001-11-11,2024.0,2.0,34.0,2024,2026,3,72.0,185.0,Georgia,24.8,False,359,2.713091922005571,0.22841225626740946,1.1253481894150419,0.7465181058495822,36,22,4.066852367688022,0.6111111111111112,2.8910496424917547,2.77,0.2195,2.614,1.822,24.0,681,0.0881057268722467,0.0832,0.3427,2.37,1080,0.5787037037037037,17,63.53,0.579,0.421,0.0064,0.0187,-0.0542,39.0,59,3.47,21.6,5784.0,1183.0,0.205,5,1,-0.5169002070393753,40.7,23.0,26.9,544,466,15,23,152,2,0.028,0.049,0.013,11.306,9.244,7.181,6.625,0.0,106.0,1.707,0.216,7.443,11.955,0.623,,9.868,4.697,0.754,0.057,,0.068,,35.74,6.91,14,48,fantasypros_ecr,0.0,30.0,19.0,-0.607,38.0,-0.958,Slight reach
/nfl/rankings/ppr-cheatsheets.php,redraft-overall,ro,Emeka Egbuka,23062,WR,37.67,7.99,14,55,,emeka-egbuka.php,,,96.8,,,,,,10.0,Emeka Egbuka,2026-08-14,TBB,emeka egbuka,23062,00-0040129,fp_id,TB,TB,TB,TB,TB,roster_2026,1.0,WR,35,20,WR20,0.0,0.0,0.0,0.0,0.0,0.0,0.0,0.0,0.0,2.0,9.0,0.0,0.0,-1.6816435545478017,0.0,63.0,127.0,938.0,6.0,1572.0,335.0,34.0,7.143142977189893,0.0,0.0,132.7,195.7,17.0,TB,1.0,164.2,0.2348,0.0042,0.3625,0.2348,0.0042,0.3625,0.606,17.0,5.0,22.14,9.0,8.42,4.0,0.0,17.0,0.235,0.0,0.936,14.0,4.0,2.0,6.0,4.5713011474346175,0.0,0.0,0.0,0.0,0.007141836880445651,14.0,4.0,2.0,6.0,4.58,1.42,2.582663817611588,6.22984,12.197952755905511,35.50516371237229,0.6801380214068793,49.60629921259843,,,,,,,EgbuEm01,2.0,0.0,,,,127.0,1.0,9.0,9.571,5.317,12.1,0.0709,886.0,0.776,17.0,2002-10-14,2025.0,1.0,19.0,2025,2026,2,73.0,205.0,Ohio State,23.8,False,398,2.764070351758794,0.18341708542713567,1.0527638190954773,0.42462311557788945,48,34,3.7613065326633164,0.7083333333333334,2.976963633345108,2.736,0.1938,2.699,1.426,31.0,638,0.05956112852664577,0.0571,0.172,2.292,1065,0.564319248826291,17,62.65,0.5148,0.4852,-0.0347,0.0138,-0.0264,41.0,53,3.12,22.4,5692.0,4502.0,0.791,5,4,-0.20250354300156095,46.3,65.4,57.4,541,472,111,138,136,38,0.205,0.292,0.279,11.512,9.659,7.806,7.471,0.118,129.0,1.517,0.221,7.386,14.889,0.496,,12.378,5.317,0.597,0.047,,0.056,,37.67,7.99,14,55,fantasypros_ecr,0.0,23.0,20.0,-0.264,36.0,-0.834,Fairly priced
/nfl/rankings/ppr-cheatsheets.php,redraft-overall,ro,Derrick Henry,15514,RB,37.78,8.23,17,56,,derrick-henry.php,,,99.2,,,,,,13.0,Derrick Henry,2026-08-14,BAL,derrick henry,15514,00-0032764,fp_id,BAL,BAL,BAL,BAL,BAL,roster_2026,1.0,RB,36,12,RB12,0.0,1.0,0.0,0.0,0.0,0.0,10.0,0.0,-0.4591185906319879,307.0,1595.0,16.0,79.0,9.166174270232775,3.0,15.0,21.0,150.0,0.0,12.0,135.0,4.0,-2.8757528085261583,0.0,0.0,264.5,279.5,17.0,BAL,1.0,272.0,0.0516,0.6055,0.0036,0.0516,0.6055,0.0036,0.0799,17.0,10.7,22.8,13.1,10.0,7.0,1.0,17.0,0.412,0.059,0.764,2.0,0.0,0.0,0.0,0.6498130791432577,63.0,40.0,27.0,16.0,14.809033720542526,65.0,40.0,27.0,16.0,15.46,0.54,,,,,,,3.2843573667711596,39.08794788273616,2.803389473684211,340.09544743041306,1.1187350244421481,0.42105263157894735,HenrDe00,307.0,13.0,2.821,2.375,23.62,21.0,1.0,1.0,1.0,9.0,0.6,0.0476,555.0,0.545,17.0,1994-01-04,2016.0,2.0,45.0,2016,2026,11,75.0,252.0,Alabama,32.6,False,392,3.0367346938775515,0.15306122448979592,1.3112244897959184,1.5127551020408163,37,24,5.244897959183674,0.6486486486486487,2.952764271990162,3.032,0.1574,3.144,2.107,24.0,501,0.08982035928143713,0.0849,0.2725,2.454,956,0.4874476987447699,17,56.24,0.4667,0.5333,-0.0884,0.0996,-0.035,39.0,61,3.59,24.9,5080.0,2908.0,0.572,5,2,0.7827893624579995,64.1,41.0,53.2,407,507,75,64,160,26,0.184,0.126,0.162,16.441,16.0,15.559,1.235,18.059,328.0,0.852,0.504,7.143,10.0,0.714,5.195,0.571,9.0,12.5,0.049,0.03,-0.137,,37.78,8.23,17,56,fantasypros_ecr,0.0,8.0,12.0,0.11,8.0,0.109,Fairly priced
/nfl/rankings/ppr-cheatsheets.php,redraft-overall,ro,Colston Loveland,26006,TE,37.97,14.42,22,97,,colston-loveland.php,,,99.1,,,,,,10.0,Colston Loveland,2026-08-14,CHI,colston loveland,26006,00-0040126,fp_id,CHI,CHI,CHI,CHI,CHI,roster_2026,1.0,TE,37,3,TE3,0.0,0.0,0.0,0.0,0.0,0.0,0.0,0.0,0.0,1.0,-2.0,0.0,0.0,-0.8725153338164091,0.0,58.0,82.0,713.0,6.0,746.0,250.0,36.0,47.506098716443596,0.0,0.0,107.10000000000001,165.1,16.0,CHI,1.0,136.1,0.1541,0.002,0.1645,0.1653,0.0021,0.1728,0.3689,16.0,5.08,19.77,6.9,8.5,4.0,1.0,16.0,0.25,0.062,1.232,14.0,6.0,4.0,6.0,4.992168664999969,1.0,1.0,0.0,0.0,0.13627992633517497,15.0,7.0,4.0,6.0,5.13,0.87,3.6848323272703025,5.38375,8.929756097560974,16.350956954359603,0.7425482284147309,70.73170731707317,,,,,,,LoveCo00,1.0,0.0,,,,82.0,4.0,1.0,7.983,4.31,9.0,0.0122,701.0,0.645,16.0,2004-04-09,2025.0,1.0,10.0,2025,2026,2,78.0,241.0,Michigan,22.4,False,400,3.37625,0.13,1.5225,0.63,34,27,4.805,0.7941176470588235,2.987690086425477,3.337,0.1354,3.125,1.739,26.0,640,0.0375,0.0358,0.2787,2.496,1096,0.5474452554744526,17,64.47,0.5233,0.4767,-0.039,0.0786,0.0802,37.0,58,3.41,25.9,5814.0,4660.0,0.802,5,4,1.6751810081057914,80.3,61.1,76.3,532,505,161,20,163,26,0.303,0.04,0.16,10.319,8.506,6.694,5.125,0.062,83.0,1.989,0.236,8.695,12.293,0.707,,9.098,4.31,0.956,0.072,,0.579,,37.97,14.42,22,97,fantasypros_ecr,0.0,12.0,3.0,-0.384,16.0,-0.56,Slight reach
/nfl/rankings/ppr-cheatsheets.php,redraft-overall,ro,Jeremiyah Love,25403,RB,38.13,7.09,22,65,,jeremiyah-love.php,,,98.3,,,,,,14.0,Jeremiyah Love,2026-08-14,ARI,jeremiyah love,25403,00-0041027,fp_id,ARI,ARI,ARI,ARI,ARI,roster_2026,1.0,RB,38,13,RB13,,,,,,,,,,,,,,,,,,,,,,,,,,,,,,,,,,,,,,,,,,,,,,,,,,,,,,,,,,,,,,,,,,,,,,,,,,,,,,,,,,,,,,,,,,,,,,2005-05-31,,,,2026,2026,0,72.0,214.0,Notre Dame,21.2,True,292,2.761986301369863,0.19863013698630136,1.1472602739726028,0.8287671232876712,32,21,4.2020547945205475,0.65625,2.9389525318652057,2.771,0.2005,2.593,1.732,22.0,745,0.07919463087248323,0.0839,0.282,2.373,1074,0.6610800744878957,17,63.18,0.6204,0.3796,0.0399,-0.0591,0.0023,39.0,61,3.59,20.9,5838.0,4005.0,0.686,5,3,-0.34443965422600703,43.8,35.6,36.9,617,366,106,173,153,41,0.172,0.473,0.268,,,,,,,,,,,,,,,,,,,Rookie - no 2025 NFL production,38.13,7.09,22,65,fantasypros_ecr,0.0,,13.0,,,,
/nfl/rankings/ppr-cheatsheets.php,redraft-overall,ro,Jaylen Waddle,19790,WR,38.17,7.48,18,59,,jaylen-waddle.php,,,95.7,,,,,,10.0,Jaylen Waddle,2026-08-14,DEN,jaylen waddle,19790,00-0036613,fp_id,DEN,DEN,DEN,DEN,DEN,roster_2026,2.0,WR,39,21,WR21,1.0,1.0,8.0,0.0,0.0,0.0,-5.0,0.0,-0.5923647911444314,2.0,28.0,0.0,1.0,1.9295156633015722,0.0,64.0,100.0,910.0,6.0,1306.0,228.0,48.0,34.451660055798726,0.0,0.0,130.12,194.12,16.0,MIA,1.0,162.12,0.2165,0.0046,0.3958,0.2283,0.0049,0.417,0.6344,16.0,7.0,19.08,13.2,6.87,3.0,1.0,16.0,0.188,0.062,0.521,11.0,5.0,4.0,6.0,4.293992868209669,0.0,0.0,0.0,0.0,0.007141836880445651,11.0,5.0,4.0,6.0,4.3,1.7,2.7343342022996935,6.186734693877551,12.2635,38.66160573264271,0.14574536503763147,64.0,,,,,,,WaddJa00,2.0,0.0,,,,100.0,4.0,4.0,10.656,3.562,13.1,0.04,722.0,0.776,16.0,1998-11-25,2021.0,1.0,6.0,2021,2026,6,70.0,185.0,Alabama,27.7,False,354,2.959322033898305,0.17231638418079095,1.2429378531073447,0.807909604519774,29,16,4.423728813559322,0.5517241379310345,2.956234245392568,2.952,0.1682,2.592,1.833,20.0,671,0.03427719821162444,0.037,0.2088,2.401,1079,0.593141797961075,17,63.47,0.59,0.41,0.0157,0.0004,0.0835,38.0,59,3.47,23.6,5797.0,5793.0,0.999,5,5,0.002534775558983432,50.0,70.8,63.2,584,456,4,0,157,1,0.007,0.0,0.006,12.132,10.132,8.132,6.25,0.125,102.0,1.903,0.269,9.1,14.219,0.64,,13.06,3.562,0.697,0.059,,0.345,,38.17,7.48,18,59,fantasypros_ecr,0.0,24.0,21.0,-0.273,29.0,-0.492,Fairly priced
/nfl/rankings/ppr-cheatsheets.php,redraft-overall,ro,Drake Maye,23046,QB,39.19,14.57,26,92,,drake-maye.php,,,98.6,,,,,,11.0,Drake Maye,2026-08-14,NEP,drake maye,23046,00-0039851,fp_id,NE,NE,NE,NE,NE,roster_2026,1.0,QB,40,3,QB3,354.0,492.0,4394.0,31.0,8.0,47.0,4493.0,203.0,166.21454195610798,103.0,450.0,4.0,38.0,11.21286736717611,0.0,1.0,1.0,2.0,0.0,-8.0,10.0,0.0,-1.3293322010431439,0.0,0.0,350.96000000000004,351.96000000000004,17.0,NE,1.0,351.46000000000004,0.0021,0.2085,-0.0018,0.0021,0.2085,-0.0018,0.0019,17.0,15.96,26.29,20.48,5.39,10.0,0.0,17.0,0.588,0.0,0.263,0.0,0.0,0.0,0.0,0.0038984183559812877,17.0,12.0,3.0,4.0,3.248844516434099,17.0,12.0,3.0,4.0,3.25,0.75,,,,,,,,,,,,,MayeDr00,103.0,2.0,3.252,1.117,51.5,1.0,0.0,0.0,,,,,1050.0,0.958,17.0,2002-08-30,2024.0,1.0,3.0,2024,2026,3,76.0,225.0,North Carolina,24.0,False,371,2.7795148247978436,0.1940700808625337,1.196765498652291,1.2048517520215634,33,19,4.630727762803234,0.5757575757575758,2.9254952414655953,2.802,0.1883,2.561,1.874,33.0,613,0.07830342577487764,0.0789,0.261,2.406,1017,0.5417895771878073,17,59.82,0.5691,0.4309,0.0242,0.0077,0.2873,38.0,64,3.76,28.8,5553.0,2959.0,0.533,5,3,-0.36940490310560165,43.3,43.5,41.6,482,494,128,10,154,17,0.266,0.02,0.11,20.704,20.674,20.645,0.059,6.059,104.0,3.384,0.335,,,,4.369,,,,0.038,0.109,-1.329,,39.19,14.57,26,92,fantasypros_ecr,0.0,2.0,3.0,0.054,2.0,0.053,Fairly priced
/nfl/rankings/ppr-cheatsheets.php,redraft-overall,ro,Breece Hall,22982,RB,40.83,6.55,26,67,,breece-hall.php,,,97.0,,,,,,13.0,Breece Hall,2026-08-14,NYJ,breece hall,22982,00-0038120,fp_id,NYJ,NYJ,NYJ,NYJ,NYJ,roster_2026,1.0,RB,41,14,RB14,1.0,1.0,4.0,1.0,0.0,0.0,4.0,1.0,1.194561611104291,243.0,1065.0,4.0,57.0,-22.26660951084341,2.0,36.0,48.0,350.0,1.0,14.0,321.0,13.0,8.669591963233408,0.0,0.0,171.66,207.66,16.0,NYJ,1.0,189.66,0.1017,0.5329,0.0044,0.1067,0.5612,0.0045,0.1632,16.0,6.88,19.0,11.55,7.62,5.0,0.0,16.0,0.312,0.0,0.66,9.0,3.0,1.0,1.0,2.4428255713064995,24.0,10.0,4.0,4.0,4.029614506908389,33.0,13.0,5.0,5.0,6.47,-1.47,,,,,,,3.8836936090225573,27.27272727272727,2.7863684210526314,142.42348628535944,0.5885268028320638,0.4214876033057851,HallBr03,243.0,12.0,2.543,1.84,20.25,48.0,1.0,2.0,0.806,8.917,0.4,0.0417,640.0,0.644,16.0,2001-05-31,2022.0,2.0,36.0,2022,2026,5,71.0,217.0,Iowa State,25.2,False,334,2.844311377245509,0.18263473053892215,1.1916167664670658,0.9401197604790419,23,17,4.440119760479042,0.7391304347826086,2.901114691721229,2.892,0.1813,2.899,1.697,18.0,608,0.09868421052631579,0.0989,0.3117,2.423,1009,0.5510406342913776,17,59.35,0.4319,0.5681,-0.0877,-0.061,-0.1799,38.0,42,2.47,17.6,5302.0,4286.0,0.808,5,3,0.35028737064963766,56.3,25.8,38.6,472,456,76,117,116,27,0.161,0.257,0.233,12.979,11.854,10.729,3.0,15.188,291.0,0.714,0.324,7.292,9.722,0.75,4.383,0.292,8.917,25.0,0.017,-0.092,0.181,,40.83,6.55,26,67,fantasypros_ecr,0.0,19.0,14.0,-0.302,21.0,-0.39,Fairly priced
/nfl/rankings/ppr-cheatsheets.php,redraft-overall,ro,Kyren Williams,23059,RB,41.87,6.68,23,56,,kyren-williams.php,,,97.8,,,,,,11.0,Kyren Williams,2026-08-14,LAR,kyren williams,23059,00-0037840,fp_id,LAR,LAR,LAR,LAR,LAR,roster_2026,1.0,RB,42,15,RB15,0.0,0.0,0.0,0.0,0.0,0.0,0.0,0.0,0.0,259.0,1252.0,10.0,74.0,4.9275993898939525,2.0,36.0,50.0,281.0,3.0,125.0,155.0,12.0,8.538674985475879,0.0,0.0,227.3,263.3,17.0,LAR,1.0,245.3,0.0861,0.557,0.0232,0.0861,0.557,0.0232,0.1454,17.0,11.1,20.76,16.0,6.11,7.0,0.0,17.0,0.412,0.0,0.382,10.0,3.0,0.0,3.0,2.612642071870031,53.0,30.0,18.0,10.0,11.586367461341993,63.0,33.0,18.0,13.0,14.2,-1.2,,,,,,,3.317955271565495,22.393822393822393,2.654704453441296,145.31868399886503,0.5698771921524118,0.4549019607843137,WillKy02,259.0,22.0,2.846,1.988,11.77,50.0,1.0,2.0,3.5,4.306,2.7,0.04,772.0,0.683,17.0,2000-08-26,2022.0,5.0,164.0,2022,2026,5,69.0,207.0,Notre Dame,26.0,False,413,3.4554479418886195,0.1234866828087167,1.5084745762711864,0.711864406779661,47,30,4.9491525423728815,0.6382978723404256,2.941767200697229,3.462,0.1266,2.811,1.817,35.0,624,0.03685897435897436,0.0424,0.194,2.396,1056,0.584280303030303,17,62.12,0.6185,0.3815,0.0296,0.0262,0.2292,37.0,76,4.47,30.5,5675.0,5129.0,0.904,5,5,1.462288323590789,76.4,71.5,80.4,581,465,15,0,195,1,0.026,0.0,0.005,15.488,14.429,13.371,2.941,15.235,309.0,0.852,0.341,5.62,7.806,0.72,4.834,2.5,4.306,2.248,0.042,0.019,0.171,,41.87,6.68,23,56,fantasypros_ecr,0.0,9.0,15.0,0.172,11.0,0.084,Fairly priced
/nfl/rankings/ppr-cheatsheets.php,redraft-overall,ro,Josh Jacobs,18269,RB,44.17,7.16,29,61,,josh-jacobs.php,,,98.3,,,,,,11.0,Josh Jacobs,2026-08-14,GBP,josh jacobs,18269,00-0035700,fp_id,GB,GB,GB,GB,GB,roster_2026,1.0,RB,43,16,RB16,0.0,0.0,0.0,0.0,0.0,0.0,0.0,0.0,0.0,234.0,929.0,13.0,55.0,-14.835995329326689,2.0,36.0,44.0,282.0,1.0,-39.0,304.0,8.0,11.848035139989577,0.0,0.0,201.10000000000002,237.1,15.0,GB,1.0,219.10000000000002,0.0957,0.4756,-0.0095,0.1026,0.5639,-0.01,0.1469,15.0,11.25,22.88,14.4,9.02,7.0,1.0,15.0,0.467,0.067,0.626,6.0,2.0,0.0,1.0,1.6418410785317583,52.0,30.0,20.0,13.0,10.946257517342685,58.0,32.0,20.0,14.0,12.59,1.41,,,,,,,3.74994617868676,17.52136752136752,2.6783674418604653,-7.271423257623724,-0.03147802276027586,0.4025974025974026,JacoJo01,234.0,16.0,1.962,2.009,14.62,44.0,5.0,1.0,-0.611,8.444,-0.9,0.0227,554.0,0.591,15.0,1998-02-11,2019.0,1.0,24.0,2019,2026,8,70.0,223.0,Alabama,28.5,False,386,2.972279792746114,0.15544041450777202,1.1269430051813472,0.3911917098445596,43,26,3.966321243523316,0.6046511627906976,3.01595136627878,2.905,0.1629,2.199,1.941,30.0,552,0.05253623188405797,0.0493,0.2454,2.41,993,0.5226586102719033,17,58.41,0.5063,0.4937,-0.0441,-0.0102,0.229,39.0,59,3.47,23.0,5321.0,3745.0,0.704,5,4,-0.26169708218232307,45.3,58.7,52.5,460,492,155,148,161,52,0.337,0.301,0.323,15.807,14.607,13.407,2.933,15.6,278.0,0.853,0.428,6.409,7.833,0.818,3.97,-0.886,8.444,-7.231,0.05,-0.063,0.269,,44.17,7.16,29,61,fantasypros_ecr,0.0,13.0,16.0,0.032,10.0,0.163,Fairly priced
/nfl/rankings/ppr-cheatsheets.php,redraft-overall,ro,Terry McLaurin,18466,WR,44.65,5.89,26,68,,terry-mclaurin.php,,,93.9,,,,,,7.0,Terry McLaurin,2026-08-14,WAS,terry mclaurin,18466,00-0035659,fp_id,WAS,WAS,WAS,WAS,WAS,roster_2026,1.0,WR,44,22,WR22,0.0,0.0,0.0,0.0,0.0,0.0,0.0,0.0,0.0,0.0,0.0,0.0,0.0,0.0,0.0,38.0,60.0,582.0,3.0,839.0,93.0,33.0,31.749826540501754,0.0,0.0,76.2,114.2,10.0,WAS,1.0,95.2,0.1389,0.0,0.2237,0.2326,0.0,0.3919,0.6232,10.0,8.65,15.38,10.1,5.1,1.0,0.0,10.0,0.1,0.0,0.505,8.0,3.0,3.0,3.0,2.773894766066504,0.0,0.0,0.0,0.0,0.0,8.0,3.0,3.0,3.0,2.77,0.23,2.3780530890909906,6.691833333333333,14.059333333333333,22.39222764918242,0.08360039906109362,63.33333333333333,,,,,,,McLaTe00,,,,,,60.0,6.0,1.0,12.868,2.447,13.9,0.0167,433.0,0.704,10.0,1995-09-15,2019.0,3.0,76.0,2019,2026,8,72.0,210.0,Ohio State,30.9,False,345,3.0182608695652173,0.16521739130434782,1.272463768115942,0.8521739130434782,31,17,4.547826086956522,0.5483870967741935,2.968561425726617,2.998,0.1651,2.512,2.219,38.0,564,0.06560283687943262,0.0606,0.2217,2.36,979,0.5148110316649642,17,57.59,0.4747,0.5253,-0.0427,0.0192,-0.0055,38.0,50,2.94,20.9,5375.0,3794.0,0.706,5,4,0.03687914342290299,50.7,56.8,54.8,432,484,138,142,138,56,0.319,0.293,0.406,11.42,9.52,7.62,6.0,0.0,60.0,1.903,0.264,9.7,15.316,0.633,,13.983,2.447,0.694,0.05,,0.529,,44.65,5.89,26,68,fantasypros_ecr,0.0,55.0,22.0,-1.596,37.0,-0.807,Overpriced
/nfl/rankings/ppr-cheatsheets.php,redraft-overall,ro,Javonte Williams,22739,RB,45.66,6.3,31,61,,javonte-williams.php,,,96.9,,,,,,14.0,Javonte Williams,2026-08-14,DAL,javonte williams,22739,00-0036997,fp_id,DAL,DAL,DAL,DAL,DAL,roster_2026,1.0,RB,45,17,RB17,0.0,0.0,0.0,0.0,0.0,0.0,0.0,0.0,0.0,252.0,1201.0,11.0,67.0,12.20500373808446,1.0,35.0,51.0,137.0,2.0,-67.0,206.0,7.0,-22.73726915513861,1.0,0.0,207.8,242.8,16.0,DAL,1.0,225.3,0.084,0.5419,-0.0136,0.0873,0.5793,-0.014,0.1212,16.0,11.12,20.05,14.9,6.02,5.0,0.0,16.0,0.312,0.0,0.404,12.0,5.0,4.0,2.0,3.645507625924352,54.0,28.0,20.0,11.0,12.092334424189445,66.0,33.0,24.0,13.0,15.74,-2.74,,,,,,,3.1826477935054114,22.61904761904762,2.787874476987448,156.4508871116991,0.6233103072179247,0.450199203187251,WillJa10,252.0,25.0,2.278,2.488,10.08,51.0,0.0,0.0,-1.971,5.886,-1.3,0.0,769.0,0.69,16.0,2000-04-25,2021.0,2.0,35.0,2021,2026,6,70.0,220.0,North Carolina,26.3,False,383,3.1652741514360314,0.13054830287206268,1.2558746736292428,0.8459530026109661,34,24,4.663185378590079,0.7058823529411765,3.0401662544448724,3.074,0.1352,2.563,2.03,33.0,681,0.04552129221732746,0.044,0.2356,2.396,1104,0.5932971014492754,17,64.94,0.5628,0.4372,-0.0098,0.005,0.1615,36.0,65,3.82,27.7,5938.0,5037.0,0.848,5,5,0.6426441330126125,61.6,62.2,65.1,607,465,34,0,187,4,0.056,0.0,0.021,15.175,14.081,12.988,3.188,15.75,303.0,0.801,0.316,2.686,3.914,0.686,4.766,-1.314,5.886,-2.045,0.043,0.048,-0.446,,45.66,6.3,31,61,fantasypros_ecr,0.0,12.0,17.0,0.111,12.0,0.111,Fairly priced
/nfl/rankings/ppr-cheatsheets.php,redraft-overall,ro,Joe Burrow,19196,QB,45.77,12.34,27,72,,joe-burrow.php,,,97.8,,,,,,6.0,Joe Burrow,2026-08-14,CIN,joe burrow,19196,00-0036442,fp_id,CIN,CIN,CIN,CIN,CIN,roster_2026,1.0,QB,46,4,QB4,173.0,259.0,1809.0,17.0,5.0,17.0,1868.0,100.0,36.60709334252305,14.0,41.0,0.0,5.0,3.5651939742383547,0.0,0.0,0.0,0.0,0.0,0.0,0.0,0.0,0.0,0.0,0.0,134.46,134.46,8.0,CIN,1.0,134.46,0.0,0.0367,0.0,0.0,0.0676,0.0,0.0,8.0,8.38,23.25,19.82,8.58,5.0,2.0,8.0,0.625,0.25,0.433,0.0,0.0,0.0,0.0,0.0,2.0,1.0,1.0,0.0,0.6364721911348631,2.0,1.0,1.0,0.0,0.64,-0.64,,,,,,,,,,,,,BurrJo01,14.0,0.0,,,,,,,,,,,478.0,0.878,8.0,1996-12-10,2020.0,1.0,1.0,2020,2026,7,76.0,215.0,LSU; Ohio State,29.7,False,334,3.1505988023952094,0.11077844311377245,1.152694610778443,0.5838323353293413,35,23,4.335329341317365,0.6571428571428571,2.8870417171893865,3.212,0.1072,2.249,1.927,22.0,687,0.05240174672489083,0.0527,0.2234,2.22,1049,0.6453765490943756,17,61.71,0.6322,0.3678,0.0172,0.0246,-0.0266,38.0,56,3.29,24.4,5575.0,5552.0,0.996,5,5,0.7399403692125188,63.4,53.0,60.4,608,381,41,9,137,6,0.067,0.024,0.044,16.808,16.808,16.808,0.0,1.75,14.0,9.604,0.281,,,,,,,,0.0,,,,45.77,12.34,27,72,fantasypros_ecr,0.0,27.0,4.0,-1.006,15.0,-0.481,Overpriced
/nfl/rankings/ppr-cheatsheets.php,redraft-overall,ro,Luther Burden III,27016,WR,46.29,7.39,28,83,,luther-burden-iii.php,,,93.2,,,,,,10.0,Luther Burden,2026-08-14,CHI,luther burden,27016,00-0040735,fp_id,CHI,CHI,CHI,CHI,CHI,roster_2026,2.0,WR,47,23,WR23,0.0,0.0,0.0,0.0,0.0,0.0,0.0,0.0,0.0,6.0,37.0,0.0,3.0,2.287499334954191,0.0,47.0,60.0,652.0,2.0,460.0,334.0,27.0,30.07064408043516,0.0,0.0,80.9,127.9,15.0,CHI,1.0,104.4,0.1128,0.0119,0.1014,0.1279,0.0136,0.1152,0.2725,15.0,2.35,14.06,7.6,7.54,2.0,4.0,15.0,0.133,0.267,0.992,4.0,0.0,0.0,2.0,1.4786389308844459,0.0,0.0,0.0,0.0,0.06866368463434906,4.0,0.0,0.0,2.0,1.55,0.45,4.630454576457557,7.425192307692305,7.264833333333334,9.733446174527218,0.9267815058240814,78.33333333333333,,,,,,,BurdLu00,6.0,1.0,,,,60.0,1.0,4.0,6.766,7.106,7.7,0.0667,402.0,0.397,15.0,2003-12-12,2025.0,2.0,39.0,2025,2026,2,72.0,210.0,Missouri,22.7,False,400,3.37625,0.13,1.5225,0.63,34,27,4.805,0.7941176470588235,2.987690086425477,3.337,0.1354,3.125,1.739,26.0,640,0.0375,0.0358,0.2787,2.496,1096,0.5474452554744526,17,64.47,0.5233,0.4767,-0.039,0.0786,0.0802,37.0,58,3.41,25.9,5814.0,4660.0,0.802,5,4,1.6751810081057914,80.3,61.1,76.3,532,505,161,20,163,26,0.303,0.04,0.16,8.527,6.96,5.393,4.0,0.4,66.0,1.938,0.318,10.867,13.872,0.783,,7.667,7.106,1.417,0.03,,0.501,,46.29,7.39,28,83,fantasypros_ecr,0.0,48.0,23.0,-1.254,57.0,-1.648,Overpriced
/nfl/rankings/ppr-cheatsheets.php,redraft-overall,ro,Jayden Daniels,22902,QB,49.78,14.77,27,92,,jayden-daniels.php,,,97.7,,,,,,7.0,Jayden Daniels,2026-08-14,WAS,jayden daniels,22902,00-0039910,fp_id,WAS,WAS,WAS,WAS,WAS,roster_2026,1.0,QB,48,5,QB5,114.0,188.0,1262.0,8.0,3.0,18.0,1390.0,59.0,-4.776996021824435,58.0,278.0,2.0,14.0,1.7482305980375967,1.0,0.0,0.0,0.0,0.0,0.0,0.0,0.0,0.0,0.0,0.0,114.28,114.28,7.0,WAS,1.0,114.28,0.0,0.1198,0.0,0.0,0.2944,0.0,0.0,7.0,16.18,20.27,17.74,6.36,1.0,1.0,7.0,0.143,0.143,0.359,0.0,0.0,0.0,0.0,0.0,6.0,2.0,2.0,2.0,1.5165085241576644,6.0,2.0,2.0,2.0,1.52,0.48,,,,,,,,,,,,,DaniJa02,58.0,4.0,2.879,1.914,14.5,,,,,,,,405.0,0.903,7.0,2000-12-18,2024.0,1.0,2.0,2024,2026,3,76.0,210.0,LSU; Arizona State,25.7,False,345,3.0182608695652173,0.16521739130434782,1.272463768115942,0.8521739130434782,31,17,4.547826086956522,0.5483870967741935,2.968561425726617,2.998,0.1651,2.512,2.219,38.0,564,0.06560283687943262,0.0606,0.2217,2.36,979,0.5148110316649642,17,57.59,0.4747,0.5253,-0.0427,0.0192,-0.0055,38.0,50,2.94,20.9,5375.0,3794.0,0.706,5,4,0.03687914342290299,50.7,56.8,54.8,432,484,138,142,138,56,0.319,0.293,0.406,16.326,16.326,16.326,0.0,8.286,58.0,1.97,0.282,,,,4.793,,,,0.034,0.03,,,49.78,14.77,27,92,fantasypros_ecr,0.0,28.0,5.0,-1.015,17.0,-0.533,Overpriced
/nfl/rankings/ppr-cheatsheets.php,redraft-overall,ro,Davante Adams,12123,WR,50.67,8.08,36,81,,davante-adams.php,,,96.1,,,,,,11.0,Davante Adams,2026-08-14,LAR,davante adams,12123,00-0031381,fp_id,LAR,LAR,LAR,LAR,LAR,roster_2026,2.0,WR,49,24,WR24,0.0,0.0,0.0,0.0,0.0,0.0,0.0,0.0,0.0,0.0,0.0,0.0,0.0,0.0,0.0,60.0,114.0,789.0,14.0,1444.0,117.0,51.0,27.033441679594226,0.0,0.0,162.9,222.9,14.0,LAR,1.0,192.9,0.1962,0.0,0.2676,0.2478,0.0,0.3487,0.6158,14.0,9.6,23.01,15.1,6.84,6.0,0.0,14.0,0.429,0.0,0.453,32.0,23.0,16.0,14.0,12.575186793111993,0.0,0.0,0.0,0.0,0.0,32.0,23.0,16.0,14.0,12.58,1.42,2.167408852757707,5.161592920353982,13.186052631578947,28.432891294849316,-0.6102296754580903,52.63157894736842,,,,,,,AdamDa01,,,,,,114.0,0.0,5.0,11.2,1.95,12.6,0.0439,635.0,0.714,14.0,1992-12-24,2014.0,2.0,53.0,2014,2026,13,73.0,204.0,Fresno State,33.6,False,413,3.4554479418886195,0.1234866828087167,1.5084745762711864,0.711864406779661,47,30,4.9491525423728815,0.6382978723404256,2.941767200697229,3.462,0.1266,2.811,1.817,35.0,624,0.03685897435897436,0.0424,0.194,2.396,1056,0.584280303030303,17,62.12,0.6185,0.3815,0.0296,0.0262,0.2292,37.0,76,4.47,30.5,5675.0,5129.0,0.904,5,5,1.462288323590789,76.4,71.5,80.4,581,465,15,0,195,1,0.026,0.0,0.005,15.921,13.779,11.636,8.143,0.0,114.0,1.955,0.351,6.921,13.15,0.526,,12.667,1.95,0.546,0.123,,0.237,,50.67,8.08,36,81,fantasypros_ecr,0.0,9.0,24.0,0.491,9.0,0.49,Slight value
/nfl/rankings/ppr-cheatsheets.php,redraft-overall,ro,Travis Etienne Jr.,19231,RB,50.99,7.98,34,72,,travis-etienne.php,,,95.9,,,,,,8.0,Travis Etienne,2026-08-14,NOS,travis etienne,19231,00-0036973,fp_id,NO,NO,NO,NO,NO,roster_2026,1.0,RB,50,18,RB18,0.0,0.0,0.0,0.0,0.0,0.0,0.0,0.0,0.0,260.0,1107.0,7.0,48.0,-18.98284399976516,0.0,36.0,52.0,292.0,6.0,-76.0,339.0,14.0,9.14852294290904,0.0,0.0,217.9,253.9,17.0,JAX,1.0,235.9,0.0951,0.5317,-0.0156,0.0951,0.5317,-0.0156,0.1317,17.0,9.5,20.16,16.5,6.94,6.0,0.0,17.0,0.353,0.0,0.421,10.0,6.0,1.0,6.0,3.145986602438974,54.0,26.0,12.0,7.0,8.490777401605396,64.0,32.0,13.0,13.0,11.64,1.36,,,,,,,3.910903342366756,22.692307692307693,2.875897435897437,43.87690486762358,0.17274371995127394,0.3779527559055118,EtieTr00,260.0,10.0,2.162,2.096,26.0,52.0,4.0,5.0,-1.306,9.417,-1.3,0.0962,691.0,0.601,17.0,1999-01-26,2021.0,1.0,25.0,2021,2026,6,70.0,215.0,Clemson,27.6,False,300,2.896333333333333,0.15,0.9566666666666667,0.31666666666666665,20,11,3.72,0.55,2.962003325988386,2.883,0.1505,2.057,1.628,31.0,670,0.07313432835820896,0.0763,0.2132,2.2,1064,0.5968045112781954,17,62.59,0.5383,0.4617,-0.0301,-0.1008,-0.0795,35.0,48,2.82,18.0,5643.0,4426.0,0.784,5,4,-0.42136189488230485,42.4,44.9,41.9,565,435,127,21,113,15,0.225,0.048,0.133,14.935,13.876,12.818,3.059,15.294,312.0,0.814,0.367,5.615,8.111,0.692,4.258,-1.462,9.417,-3.842,0.042,-0.073,0.176,,50.99,7.98,34,72,fantasypros_ecr,0.0,10.0,18.0,0.234,14.0,0.059,Fairly priced
/nfl/rankings/ppr-cheatsheets.php,redraft-overall,ro,DJ Moore,17265,WR,52.14,9.31,28,76,,dj-moore-wr.php,,,92.5,,,,,,7.0,DJ Moore,2026-08-14,BUF,dj moore,17265,00-0034827,fp_id,BUF,BUF,BUF,BUF,BUF,roster_2026,1.0,WR,51,25,WR25,1.0,1.0,2.0,1.0,0.0,0.0,2.0,1.0,3.8681936897919513,15.0,79.0,1.0,5.0,4.172832281328738,0.0,50.0,85.0,682.0,6.0,988.0,222.0,32.0,13.623197492486497,0.0,0.0,122.17999999999999,172.18,17.0,CHI,1.0,147.18,0.1598,0.0297,0.2178,0.1598,0.0297,0.2178,0.3922,17.0,3.1,22.5,8.2,8.19,4.0,3.0,17.0,0.235,0.176,0.999,11.0,6.0,5.0,6.0,5.090207278975698,2.0,1.0,0.0,1.0,0.2870211387574524,13.0,7.0,5.0,7.0,5.38,1.62,3.271765191029652,6.812857142857143,11.408,21.65300439678715,0.6099194755839346,58.82352941176471,,,,,,,MoorD.00,15.0,2.0,,,,85.0,4.0,3.0,9.2,4.44,11.5,0.0353,979.0,0.848,17.0,1997-04-14,2018.0,1.0,24.0,2018,2026,9,72.0,213.0,Maryland,29.3,False,419,3.3665871121718376,0.12649164677804295,1.4463007159904535,0.8973747016706444,37,20,5.011933174224343,0.5405405405405406,2.9181796059011273,3.397,0.1265,2.905,2.057,35.0,584,0.0684931506849315,0.0702,0.2,2.507,1065,0.5098591549295775,17,62.65,0.5028,0.4972,-0.0352,0.1102,0.1599,40.0,68,4.0,28.3,5677.0,4330.0,0.763,5,4,1.261941935282192,72.8,64.4,73.6,479,547,19,17,180,2,0.04,0.031,0.011,10.128,8.658,7.187,5.0,0.882,100.0,1.722,0.176,8.024,13.64,0.588,,11.624,4.44,0.69,0.07,,0.16,,52.14,9.31,28,76,fantasypros_ecr,0.0,34.0,25.0,-0.569,46.0,-1.096,Slight reach
/nfl/rankings/ppr-cheatsheets.php,redraft-overall,ro,Tyler Warren,26434,TE,53.48,10.41,22,87,,tyler-warren.php,,,98.5,,,,,,13.0,Tyler Warren,2026-08-14,IND,tyler warren,26434,00-0040128,fp_id,IND,IND,IND,IND,IND,roster_2026,1.0,TE,52,4,TE4,0.0,1.0,0.0,0.0,0.0,0.0,11.0,0.0,-0.46532738901441917,6.0,8.0,1.0,3.0,-4.337354746094206,0.0,76.0,112.0,817.0,4.0,602.0,474.0,42.0,15.770369196454475,0.0,0.0,112.5,188.5,17.0,IND,1.0,150.5,0.2113,0.0136,0.1408,0.2113,0.0136,0.1408,0.4155,17.0,7.6,17.5,9.5,4.88,4.0,0.0,17.0,0.235,0.0,0.514,21.0,11.0,4.0,4.0,7.248935259250202,4.0,4.0,3.0,1.0,1.1864398570781247,25.0,15.0,7.0,5.0,8.44,-3.44,3.3098936455412025,5.911954022988506,5.509821428571429,14.393540050474188,0.6191738770505708,67.85714285714286,,,,,,,WarrTy00,6.0,0.0,,,,112.0,4.0,2.0,4.513,6.237,5.4,0.0179,899.0,0.838,17.0,2002-05-24,2025.0,1.0,14.0,2025,2026,2,78.0,256.0,Penn State,24.2,False,373,3.01769436997319,0.15281501340482573,1.2171581769436997,1.0750670241286864,32,22,4.7319034852546915,0.6875,2.8940363763010377,3.072,0.1487,2.428,2.113,29.0,599,0.048414023372287146,0.047,0.2121,2.237,1011,0.5736894164193868,17,59.47,0.5637,0.4363,-0.0091,0.094,0.0558,39.0,70,4.12,27.4,5369.0,4465.0,0.832,5,5,0.42626114302073953,57.7,58.5,60.3,530,442,147,24,179,20,0.277,0.054,0.112,11.088,8.853,6.618,6.588,0.353,118.0,1.597,0.21,7.295,10.75,0.679,,5.375,6.237,1.357,0.042,,0.141,,53.48,10.41,22,87,fantasypros_ecr,0.0,4.0,4.0,0.002,10.0,-0.262,Fairly priced
/nfl/rankings/ppr-cheatsheets.php,redraft-overall,ro,Mike Evans,12119,WR,54.06,9.53,38,82,,mike-evans.php,,,90.6,,,,,,8.0,Mike Evans,2026-08-14,SFO,mike evans,12119,00-0031408,fp_id,SF,SF,SF,SF,SF,roster_2026,1.0,WR,53,26,WR26,0.0,0.0,0.0,0.0,0.0,0.0,0.0,0.0,0.0,0.0,0.0,0.0,0.0,0.0,0.0,30.0,62.0,368.0,3.0,824.0,37.0,23.0,5.266324962874821,0.0,0.0,54.800000000000004,84.80000000000001,8.0,TB,1.0,69.80000000000001,0.1146,0.0,0.19,0.2313,0.0,0.3523,0.5936,8.0,8.93,14.06,11.35,5.8,1.0,1.0,8.0,0.125,0.125,0.511,9.0,5.0,5.0,3.0,3.9927046208361063,0.0,0.0,0.0,0.0,0.0,9.0,5.0,5.0,3.0,3.99,-0.99,1.9202565162146092,5.431290322580645,13.597903225806453,19.32255210696884,-0.6184795927270086,48.38709677419355,,,,,,,EvanMi00,,,,,,62.0,0.0,2.0,11.033,1.233,13.3,0.0323,357.0,0.656,8.0,1993-08-21,2014.0,1.0,7.0,2014,2026,13,77.0,231.0,Texas A&M,33.0,False,405,2.914567901234568,0.18024691358024691,1.1753086419753087,0.4024691358024691,29,19,3.948148148148148,0.6551724137931034,2.957108820107495,2.906,0.1848,2.349,1.428,23.0,624,0.04326923076923077,0.0428,0.2125,2.547,1065,0.5661971830985916,17,62.65,0.5521,0.4479,-0.0088,-0.0044,0.1587,38.0,66,3.88,25.7,5615.0,4784.0,0.852,5,4,-0.1969656526141422,46.4,74.5,63.3,550,481,170,94,185,38,0.309,0.195,0.205,10.6,8.725,6.85,7.75,0.0,62.0,1.368,0.238,5.935,12.267,0.484,,13.29,1.233,0.447,0.048,,0.085,,54.06,9.53,38,82,fantasypros_ecr,0.0,66.0,26.0,-1.936,42.0,-0.885,Overpriced
/nfl/rankings/ppr-cheatsheets.php,redraft-overall,ro,Cam Skattebo,27166,RB,54.84,8.9,39,86,,cam-skattebo.php,,,96.8,,,,,,8.0,Cam Skattebo,2026-08-14,NYG,cam skattebo,27166,00-0040715,fp_id,NYG,NYG,NYG,NYG,NYG,roster_2026,1.0,RB,54,19,RB19,0.0,0.0,0.0,0.0,0.0,0.0,0.0,0.0,0.0,101.0,410.0,5.0,27.0,-12.09682665153826,1.0,24.0,32.0,207.0,2.0,-5.0,209.0,11.0,3.3583557939273305,0.0,0.0,103.7,127.7,8.0,NYG,1.0,115.7,0.0636,0.1977,-0.0012,0.1322,0.4316,-0.0022,0.1968,8.0,12.25,23.82,14.15,8.62,3.0,0.0,8.0,0.375,0.0,0.609,4.0,1.0,0.0,2.0,1.1881269502857987,23.0,12.0,9.0,5.0,4.977317540947111,27.0,13.0,9.0,7.0,6.17,0.83,,,,,,,3.7396097560975603,23.762376237623762,2.5662473118279574,43.01278279173624,0.4301278279173624,0.46,SkatCa00,101.0,7.0,2.158,1.901,14.43,32.0,4.0,0.0,-0.083,8.708,-0.2,0.0,295.0,0.522,8.0,2002-02-05,2025.0,4.0,105.0,2025,2026,2,71.0,215.0,Arizona State; Sacramento State,24.5,False,396,2.9964646464646463,0.14646464646464646,1.0808080808080809,0.44191919191919193,24,15,4.007575757575758,0.625,2.970851609928484,2.974,0.1475,2.714,1.581,16.0,624,0.07692307692307693,0.076,0.2947,2.388,1079,0.5338276181649676,17,63.47,0.494,0.506,-0.0466,0.0356,-0.008,36.0,61,3.59,22.4,5756.0,4159.0,0.723,5,4,0.3758722777586546,56.8,36.8,45.9,503,511,177,3,162,21,0.352,0.006,0.13,15.962,14.462,12.962,4.0,12.625,133.0,0.96,0.433,6.469,8.625,0.75,4.059,-0.156,8.708,-41.4,0.053,-0.12,0.105,,54.84,8.9,39,86,fantasypros_ecr,0.0,36.0,19.0,-0.87,9.0,0.313,Slight reach
/nfl/rankings/ppr-cheatsheets.php,redraft-overall,ro,Jameson Williams,23677,WR,56.01,9.85,42,100,,jameson-williams.php,,,93.5,,,,,,6.0,Jameson Williams,2026-08-14,DET,jameson williams,23677,00-0037240,fp_id,DET,DET,DET,DET,DET,roster_2026,2.0,WR,55,27,WR27,0.0,0.0,0.0,0.0,0.0,0.0,0.0,0.0,0.0,6.0,12.0,0.0,0.0,-1.425711963151116,0.0,65.0,102.0,1117.0,7.0,1289.0,441.0,49.0,56.1684345240439,0.0,0.0,154.9,219.9,17.0,DET,1.0,187.4,0.1855,0.0136,0.3509,0.1855,0.0136,0.3509,0.5239,17.0,5.7,22.22,13.4,8.96,7.0,3.0,17.0,0.412,0.176,0.669,9.0,4.0,1.0,7.0,3.992974191486836,1.0,1.0,0.0,0.0,0.17155261751186107,10.0,5.0,1.0,7.0,4.16,2.84,3.184677725796329,6.055306122448981,12.379215686274508,33.79610670820652,1.840982662601295,63.725490196078425,,,,,,,WillJa11,6.0,1.0,,,,102.0,4.0,12.0,10.4,6.785,12.6,0.1176,992.0,0.902,17.0,2001-03-26,2022.0,1.0,12.0,2022,2026,5,73.0,184.0,Alabama; Ohio State,25.4,False,407,2.8449631449631454,0.17444717444717445,1.230958230958231,1.3022113022113022,31,20,4.8108108108108105,0.6451612903225806,2.997145152771477,2.796,0.1795,2.844,1.774,23.0,624,0.0625,0.0608,0.2646,2.297,1051,0.5889628924833492,17,61.82,0.5469,0.4531,-0.0456,-0.0408,0.1681,38.0,65,3.82,28.3,5583.0,2910.0,0.521,5,3,-0.0015935740283760658,50.0,44.8,46.7,550,442,79,167,179,45,0.144,0.378,0.251,12.935,11.024,9.112,6.0,0.353,108.0,2.036,0.222,10.951,17.185,0.637,,12.637,6.785,0.867,0.065,,0.551,,56.01,9.85,42,100,fantasypros_ecr,0.0,12.0,27.0,0.466,22.0,0.027,Slight value
/nfl/rankings/ppr-cheatsheets.php,redraft-overall,ro,Christian Watson,23886,WR,56.57,12.34,40,115,,christian-watson.php,,,88.9,,,,,,11.0,Christian Watson,2026-08-14,GBP,christian watson,23886,00-0038124,fp_id,GB,GB,GB,GB,GB,roster_2026,1.0,WR,56,28,WR28,0.0,0.0,0.0,0.0,0.0,0.0,0.0,0.0,0.0,1.0,3.0,0.0,0.0,-0.1850908612832427,0.0,35.0,55.0,611.0,6.0,977.0,118.0,28.0,32.272833978563845,0.0,0.0,97.4,132.4,10.0,GB,1.0,114.9,0.1196,0.002,0.239,0.1923,0.0036,0.358,0.539,10.0,6.82,21.7,11.2,7.67,4.0,0.0,10.0,0.4,0.0,0.685,6.0,4.0,2.0,6.0,2.4920938866946165,1.0,0.0,0.0,0.0,0.04467912266450041,7.0,4.0,2.0,6.0,2.54,3.46,2.004460538060614,6.379272727272728,17.632545454545454,24.121009222687604,0.7449695677261374,63.63636363636363,,,,,,,WatsCh00,1.0,0.0,,,,55.0,0.0,1.0,14.086,3.371,17.8,0.0182,418.0,0.677,10.0,1999-05-12,2022.0,2.0,34.0,2022,2026,5,76.0,215.0,North Dakota State,27.3,False,386,2.972279792746114,0.15544041450777202,1.1269430051813472,0.3911917098445596,43,26,3.966321243523316,0.6046511627906976,3.01595136627878,2.905,0.1629,2.199,1.941,30.0,552,0.05253623188405797,0.0493,0.2454,2.41,993,0.5226586102719033,17,58.41,0.5063,0.4937,-0.0441,-0.0102,0.229,39.0,59,3.47,23.0,5321.0,3745.0,0.704,5,4,-0.26169708218232307,45.3,58.7,52.5,460,492,155,148,161,52,0.337,0.301,0.323,13.24,11.49,9.74,5.5,0.1,56.0,2.364,0.317,11.109,17.457,0.636,,17.764,3.371,0.625,0.107,,0.587,,56.57,12.34,40,115,fantasypros_ecr,0.0,45.0,28.0,-0.945,19.0,0.194,Slight reach
/nfl/rankings/ppr-cheatsheets.php,redraft-overall,ro,Jalen Hurts,19275,QB,56.94,11.02,27,79,,jalen-hurts.php,,,97.1,,,,,,10.0,Jalen Hurts,2026-08-14,PHI,jalen hurts,19275,00-0036389,fp_id,PHI,PHI,PHI,PHI,PHI,roster_2026,1.0,QB,57,6,QB6,294.0,454.0,3224.0,25.0,6.0,32.0,4072.0,150.0,34.3144432765787,105.0,421.0,8.0,40.0,16.681141701410525,2.0,0.0,0.0,0.0,0.0,0.0,0.0,0.0,0.0,0.0,0.0,301.06,301.06,16.0,PHI,1.0,301.06,0.0,0.2197,0.0,0.0,0.2288,0.0,0.0,16.0,13.88,25.09,19.45,7.58,10.0,1.0,16.0,0.625,0.062,0.39,0.0,0.0,0.0,0.0,0.0,27.0,15.0,12.0,8.0,6.679554453368178,27.0,15.0,12.0,8.0,6.68,1.32,,,,,,,,,,,,,HurtJa00,105.0,3.0,3.305,0.705,35.0,,,,,,,,965.0,0.976,16.0,1998-08-07,2020.0,2.0,53.0,2020,2026,7,73.0,223.0,Oklahoma; Alabama,28.0,False,364,2.776098901098901,0.22252747252747251,1.348901098901099,0.8626373626373627,15,7,4.376373626373627,0.4666666666666667,2.975338302218848,2.749,0.2192,2.6,1.559,33.0,573,0.06108202443280977,0.0577,0.2334,2.491,995,0.5346733668341709,17,58.53,0.5347,0.4653,-0.0248,0.0054,0.0436,39.0,47,2.76,22.3,5320.0,4835.0,0.909,5,5,-0.7945989975117697,35.6,61.6,48.2,464,478,175,12,148,23,0.377,0.025,0.155,18.816,18.816,18.816,0.0,6.562,105.0,2.867,0.312,,,,4.01,,,,0.076,0.159,,,56.94,11.02,27,79,fantasypros_ecr,0.0,8.0,6.0,-0.103,7.0,-0.059,Fairly priced
/nfl/rankings/ppr-cheatsheets.php,redraft-overall,ro,Bucky Irving,25981,RB,57.86,8.33,33,77,,bucky-irving.php,,,95.1,,,,,,10.0,Bucky Irving,2026-08-14,TBB,bucky irving,25981,00-0039361,fp_id,TB,TB,TB,TB,TB,roster_2026,1.0,RB,58,20,RB20,0.0,0.0,0.0,0.0,0.0,0.0,0.0,0.0,0.0,173.0,588.0,1.0,27.0,-35.577412204652774,1.0,30.0,35.0,277.0,3.0,-56.0,360.0,11.0,8.81237619422609,0.0,0.0,108.5,138.5,10.0,TB,1.0,123.5,0.0647,0.3665,-0.0129,0.1125,0.5925,-0.0219,0.1534,10.0,8.93,17.4,14.2,5.61,2.0,0.0,10.0,0.2,0.0,0.395,4.0,1.0,0.0,3.0,1.0569034230060461,18.0,6.0,0.0,1.0,2.4502055118063493,22.0,7.0,0.0,4.0,3.51,0.49,,,,,,,4.432959183673468,17.341040462427745,2.6826315789473685,-126.0462586017959,-0.7414485800105641,0.37058823529411766,IrviBu00,173.0,10.0,1.763,1.636,17.3,35.0,6.0,0.0,-2.767,12.0,-1.6,0.0,421.0,0.616,10.0,2002-08-19,2024.0,4.0,125.0,2024,2026,3,70.0,194.0,Oregon; Minnesota,24.0,False,398,2.764070351758794,0.18341708542713567,1.0527638190954773,0.42462311557788945,48,34,3.7613065326633164,0.7083333333333334,2.976963633345108,2.736,0.1938,2.699,1.426,31.0,638,0.05956112852664577,0.0571,0.172,2.292,1065,0.564319248826291,17,62.65,0.5148,0.4852,-0.0347,0.0138,-0.0264,41.0,53,3.12,22.4,5692.0,4502.0,0.791,5,4,-0.20250354300156095,46.3,65.4,57.4,541,472,111,138,136,38,0.205,0.292,0.279,13.85,12.35,10.85,3.5,17.3,208.0,0.666,0.329,7.914,9.233,0.857,3.399,-1.6,12.0,-4.946,0.019,-0.206,0.252,,57.86,8.33,33,77,fantasypros_ecr,0.0,33.0,20.0,-0.703,18.0,-0.046,Slight reach
/nfl/rankings/ppr-cheatsheets.php,redraft-overall,ro,Rome Odunze,25411,WR,59.12,8.06,42,82,,rome-odunze.php,,,91.9,,,,,,10.0,Rome Odunze,2026-08-14,CHI,rome odunze,25411,00-0039919,fp_id,CHI,CHI,CHI,CHI,CHI,roster_2026,1.0,WR,59,29,WR29,0.0,0.0,0.0,0.0,0.0,0.0,0.0,0.0,0.0,0.0,0.0,0.0,0.0,0.0,0.0,44.0,90.0,661.0,6.0,1252.0,214.0,37.0,20.89272108281043,0.0,0.0,102.10000000000001,146.1,12.0,CHI,1.0,124.1,0.1692,0.0,0.276,0.2368,0.0,0.3818,0.6225,12.0,5.18,19.17,11.75,9.17,3.0,1.0,12.0,0.25,0.083,0.781,12.0,5.0,4.0,6.0,4.779684767159036,0.0,0.0,0.0,0.0,0.0,12.0,5.0,4.0,6.0,4.78,1.22,2.9815803100765113,6.439529411764706,14.078333333333333,28.29329182921083,0.9749289489800166,48.888888888888886,,,,,,,OdunRo00,,,,,,90.0,1.0,2.0,10.159,4.864,13.9,0.0222,733.0,0.881,12.0,2002-06-03,2024.0,1.0,9.0,2024,2026,3,75.0,215.0,Washington,24.2,False,400,3.37625,0.13,1.5225,0.63,34,27,4.805,0.7941176470588235,2.987690086425477,3.337,0.1354,3.125,1.739,26.0,640,0.0375,0.0358,0.2787,2.496,1096,0.5474452554744526,17,64.47,0.5233,0.4767,-0.039,0.0786,0.0802,37.0,58,3.41,25.9,5814.0,4660.0,0.802,5,4,1.6751810081057914,80.3,61.1,76.3,532,505,161,20,163,26,0.303,0.04,0.16,12.175,10.342,8.508,7.5,0.0,90.0,1.623,0.199,7.344,15.023,0.489,,13.911,4.864,0.528,0.067,,0.232,,59.12,8.06,42,82,fantasypros_ecr,0.0,41.0,29.0,-0.734,28.0,-0.165,Slight reach
/nfl/rankings/ppr-cheatsheets.php,redraft-overall,ro,D'Andre Swift,19210,RB,59.55,7.42,43,80,,dandre-swift.php,,,92.3,,,,,,10.0,DAndre Swift,2026-08-14,CHI,dandre swift,19210,00-0036275,fp_id,CHI,CHI,CHI,CHI,CHI,roster_2026,1.0,RB,60,21,RB21,0.0,0.0,0.0,0.0,0.0,0.0,0.0,0.0,0.0,223.0,1087.0,9.0,62.0,15.449143481319211,2.0,34.0,48.0,299.0,1.0,-25.0,357.0,11.0,-1.5678501775486056,0.0,0.0,194.60000000000002,228.60000000000002,16.0,CHI,1.0,211.60000000000002,0.0902,0.4416,-0.0055,0.0964,0.4765,-0.0058,0.1405,16.0,9.38,21.62,14.35,6.67,5.0,1.0,16.0,0.312,0.062,0.465,1.0,0.0,0.0,1.0,0.8234377175016838,40.0,24.0,14.0,9.0,8.313122731351628,41.0,24.0,14.0,10.0,9.14,0.86,,,,,,,3.646734130634775,20.62780269058296,2.843373205741626,128.21576191960105,0.5827989178163684,0.4863636363636364,SwifDA00,223.0,11.0,2.987,1.888,20.27,48.0,1.0,4.0,-1.706,10.5,-0.6,0.0833,621.0,0.579,16.0,1999-01-14,2020.0,2.0,35.0,2020,2026,7,68.0,204.0,Georgia,27.6,False,400,3.37625,0.13,1.5225,0.63,34,27,4.805,0.7941176470588235,2.987690086425477,3.337,0.1354,3.125,1.739,26.0,640,0.0375,0.0358,0.2787,2.496,1096,0.5474452554744526,17,64.47,0.5233,0.4767,-0.039,0.0786,0.0802,37.0,58,3.41,25.9,5814.0,4660.0,0.802,5,4,1.6751810081057914,80.3,61.1,76.3,532,505,161,20,163,26,0.303,0.04,0.16,14.288,13.225,12.163,3.0,13.938,271.0,0.844,0.368,6.229,8.794,0.708,4.874,-0.521,10.5,-11.96,0.037,0.069,-0.033,,59.55,7.42,43,80,fantasypros_ecr,0.0,15.0,21.0,0.122,17.0,0.034,Fairly priced
/nfl/rankings/ppr-cheatsheets.php,redraft-overall,ro,Quinshon Judkins,25391,RB,60.99,8.96,41,78,,quinshon-judkins.php,,,93.8,,,,,,11.0,Quinshon Judkins,2026-08-14,CLE,quinshon judkins,25391,00-0040784,fp_id,CLE,CLE,CLE,CLE,CLE,roster_2026,1.0,RB,61,22,RB22,0.0,0.0,0.0,0.0,0.0,0.0,0.0,0.0,-0.947,230.0,827.0,7.0,50.0,-25.102870928501826,0.0,26.0,36.0,171.0,0.0,-15.0,194.0,7.0,-7.291977038432378,0.0,0.0,143.8,169.8,14.0,CLE,1.0,156.8,0.069,0.5463,-0.0042,0.0826,0.6609,-0.0051,0.1203,14.0,6.78,16.94,10.3,6.73,4.0,0.0,14.0,0.286,0.0,0.653,1.0,0.0,0.0,0.0,0.4430071331573612,32.0,18.0,11.0,7.0,7.031989063232851,33.0,18.0,11.0,7.0,7.47,-0.47,,,,,,,4.181088270858523,45.21739130434783,2.9938689320388354,68.68218895814118,0.30390349096522645,0.38495575221238937,JudkQu00,230.0,11.0,1.4,2.196,20.91,36.0,0.0,1.0,-0.885,7.462,-0.5,0.0278,452.0,0.505,14.0,2003-10-29,2025.0,2.0,36.0,2025,2026,2,72.0,221.0,Ohio State; Mississippi,22.8,False,353,2.403116147308782,0.2237960339943343,0.8753541076487252,0.5212464589235127,42,28,3.4107648725212463,0.6666666666666666,2.959741061558557,2.392,0.225,1.808,2.109,31.0,639,0.07981220657276995,0.0842,0.3405,2.444,1028,0.5924124513618677,17,60.47,0.5161,0.4839,-0.0372,-0.0478,-0.2882,39.0,42,2.47,16.4,5503.0,1435.0,0.261,5,1,-1.741936492300181,18.5,26.5,15.1,522,421,88,37,114,23,0.169,0.088,0.202,12.129,11.2,10.271,2.571,16.429,266.0,0.638,0.376,4.75,6.577,0.722,3.596,-0.417,7.462,-11.4,0.026,-0.109,-0.203,,60.99,8.96,41,78,fantasypros_ecr,0.0,26.0,22.0,-0.325,25.0,-0.282,Fairly priced
/nfl/rankings/ppr-cheatsheets.php,redraft-overall,ro,David Montgomery,18239,RB,61.73,9.12,42,84,,david-montgomery.php,,,92.6,,,,,,8.0,David Montgomery,2026-08-14,HOU,david montgomery,18239,00-0035685,fp_id,HOU,HOU,HOU,HOU,HOU,roster_2026,1.0,RB,62,23,RB23,1.0,2.0,3.0,1.0,0.0,1.0,7.0,1.0,-1.7448692192556337,158.0,716.0,8.0,41.0,0.4719967973507009,1.0,24.0,29.0,192.0,0.0,12.0,199.0,11.0,3.129931774982925,0.0,0.0,142.92000000000002,166.92000000000002,17.0,DET,1.0,154.92000000000002,0.0527,0.3575,0.0033,0.0527,0.3575,0.0033,0.0814,17.0,6.0,13.82,8.3,6.72,2.0,2.0,17.0,0.118,0.118,0.81,2.0,0.0,0.0,0.0,0.7898416681813752,34.0,24.0,16.0,8.0,8.96810157002267,36.0,24.0,16.0,8.0,9.76,-1.76,,,,,,,3.533477653631286,34.177215189873415,2.6708068965517247,125.45359190542285,0.7990674643657507,0.37579617834394907,MontDa01,158.0,3.0,2.342,2.19,52.67,29.0,0.0,0.0,-0.292,8.292,0.5,0.0,408.0,0.371,17.0,1997-06-07,2019.0,3.0,73.0,2019,2026,8,71.0,230.0,Iowa State,29.2,False,399,2.7453634085213037,0.20300751879699247,1.1077694235588973,0.49624060150375937,35,17,3.837092731829574,0.4857142857142857,2.881685621942606,2.812,0.1937,2.099,1.8,23.0,643,0.04821150855365474,0.0526,0.2216,2.345,1078,0.5705009276437848,17,63.41,0.5638,0.4362,-0.0098,-0.0779,0.036,38.0,58,3.41,23.8,6010.0,4286.0,0.713,5,2,-0.8783071157455384,34.1,59.3,45.8,553,475,82,21,150,18,0.148,0.044,0.12,9.819,9.113,8.407,1.706,9.294,187.0,0.893,0.409,6.621,8.0,0.828,4.532,0.414,8.292,16.0,0.043,0.003,0.108,,61.73,9.12,42,84,fantasypros_ecr,0.0,27.0,23.0,-0.333,34.0,-0.641,Fairly priced
/nfl/rankings/ppr-cheatsheets.php,redraft-overall,ro,TreVeyon Henderson,23065,RB,64.21,9.84,41,89,,treveyon-henderson.php,,,92.9,,,,,,11.0,TreVeyon Henderson,2026-08-14,NEP,treveyon henderson,23065,00-0040734,fp_id,NE,NE,NE,NE,NE,roster_2026,2.0,RB,63,24,RB24,0.0,0.0,0.0,0.0,0.0,0.0,0.0,0.0,0.0,180.0,911.0,9.0,45.0,8.434334797185944,1.0,35.0,42.0,221.0,1.0,-1.0,244.0,7.0,2.6789682244892425,0.0,0.0,171.20000000000002,206.20000000000002,17.0,NE,1.0,188.70000000000002,0.0871,0.3644,-0.0002,0.0871,0.3644,-0.0002,0.1305,17.0,5.5,23.72,11.1,9.6,4.0,2.0,17.0,0.235,0.118,0.865,4.0,3.0,1.0,1.0,1.8180480146417504,36.0,21.0,8.0,9.0,6.500478359142842,40.0,24.0,9.0,10.0,8.32,1.68,,,,,,,3.489352360043908,30.555555555555557,2.9211242236024844,148.9560622090986,0.8463412625516966,0.3977272727272727,HendTr02,180.0,11.0,3.05,2.011,16.36,42.0,3.0,2.0,-0.657,6.971,0.0,0.0476,501.0,0.459,17.0,2002-10-22,2025.0,2.0,38.0,2025,2026,2,70.0,202.0,Ohio State,23.8,False,371,2.7795148247978436,0.1940700808625337,1.196765498652291,1.2048517520215634,33,19,4.630727762803234,0.5757575757575758,2.9254952414655953,2.802,0.1883,2.561,1.874,33.0,613,0.07830342577487764,0.0789,0.261,2.406,1017,0.5417895771878073,17,59.82,0.5691,0.4309,0.0242,0.0077,0.2873,38.0,64,3.76,28.8,5553.0,2959.0,0.533,5,3,-0.36940490310560165,43.3,43.5,41.6,482,494,128,10,154,17,0.266,0.02,0.11,12.129,11.1,10.071,2.471,10.588,222.0,0.929,0.412,5.262,6.314,0.833,5.061,-0.024,6.971,-221.0,0.045,0.047,0.064,,64.21,9.84,41,89,fantasypros_ecr,0.0,21.0,24.0,-0.035,25.0,-0.211,Fairly priced
/nfl/rankings/ppr-cheatsheets.php,redraft-overall,ro,Carnell Tate,26009,WR,65.44,18.21,45,176,,carnell-tate.php,,,91.9,,,,,,9.0,Carnell Tate,2026-08-14,TEN,carnell tate,26009,00-0041438,fp_id,TEN,TEN,TEN,TEN,TEN,roster_2026,1.0,WR,64,30,WR30,,,,,,,,,,,,,,,,,,,,,,,,,,,,,,,,,,,,,,,,,,,,,,,,,,,,,,,,,,,,,,,,,,,,,,,,,,,,,,,,,,,,,,,,,,,,,,2005-01-19,,,,2026,2026,0,74.0,192.0,Ohio State,21.6,True,328,3.0146341463414634,0.16158536585365854,1.146341463414634,0.6920731707317073,30,20,4.304878048780488,0.6666666666666666,2.877694091874751,3.085,0.1549,2.54,1.664,24.0,646,0.08668730650154799,0.0872,0.3175,2.389,995,0.6261306532663317,17,58.53,0.5401,0.4599,-0.0385,-0.0573,-0.2208,40.0,35,2.06,16.7,5402.0,2848.0,0.527,5,3,0.4634566520975053,58.4,27.6,41.1,530,378,152,0,93,8,0.287,0.0,0.086,,,,,,,,,,,,,,,,,,,Rookie - no 2025 NFL production,65.44,18.21,45,176,fantasypros_ecr,0.0,,30.0,,,,
/nfl/rankings/ppr-cheatsheets.php,redraft-overall,ro,Caleb Williams,23084,QB,68.07,10.9,37,98,,caleb-williams.php,,,93.0,,,,,,10.0,Caleb Williams,2026-08-14,CHI,caleb williams,23084,00-0039918,fp_id,CHI,CHI,CHI,CHI,CHI,roster_2026,1.0,QB,65,7,QB7,330.0,568.0,3942.0,27.0,7.0,24.0,4899.0,187.0,42.217395757990325,77.0,388.0,3.0,28.0,5.398831434064522,0.0,2.0,2.0,22.0,1.0,-3.0,25.0,2.0,5.277009675628506,0.0,0.0,316.68,318.68,17.0,CHI,1.0,317.68,0.0038,0.1525,-0.0007,0.0038,0.1525,-0.0007,0.0052,17.0,11.8,24.74,18.98,8.23,9.0,1.0,17.0,0.529,0.059,0.434,1.0,1.0,1.0,1.0,0.580259222333001,17.0,7.0,2.0,3.0,2.4929125578510196,18.0,8.0,3.0,4.0,3.07,0.93,,,,,,,,,,,,,WillCa03,77.0,5.0,4.26,0.779,15.4,2.0,0.0,0.0,,,,,1143.0,0.991,17.0,2001-11-18,2024.0,1.0,1.0,2024,2026,3,73.0,226.0,USC; Oklahoma,24.7,False,400,3.37625,0.13,1.5225,0.63,34,27,4.805,0.7941176470588235,2.987690086425477,3.337,0.1354,3.125,1.739,26.0,640,0.0375,0.0358,0.2787,2.496,1096,0.5474452554744526,17,64.47,0.5233,0.4767,-0.039,0.0786,0.0802,37.0,58,3.41,25.9,5814.0,4660.0,0.802,5,4,1.6751810081057914,80.3,61.1,76.3,532,505,161,20,163,26,0.303,0.04,0.16,18.746,18.687,18.628,0.118,4.529,79.0,4.034,0.279,,,,5.039,,,,0.051,0.07,2.639,,68.07,10.9,37,98,fantasypros_ecr,0.0,5.0,7.0,0.064,8.0,-0.068,Fairly priced
/nfl/rankings/ppr-cheatsheets.php,redraft-overall,ro,Parker Washington,23106,WR,69.78,18.03,45,126,,parker-washington.php,,,85.6,,,,,,7.0,Parker Washington,2026-08-14,JAC,parker washington,23106,00-0038606,fp_id,JAX,JAX,JAX,JAX,JAX,roster_2026,1.0,PR,66,31,WR31,0.0,0.0,0.0,0.0,0.0,0.0,0.0,0.0,0.0,7.0,0.0,0.0,1.0,-1.4225425639080198,0.0,58.0,95.0,847.0,5.0,1187.0,265.0,37.0,29.718381770590817,0.0,2.0,126.7,184.7,16.0,JAX,1.0,155.7,0.1737,0.0143,0.2433,0.1841,0.0153,0.2611,0.4589,16.0,5.65,18.77,9.9,7.41,4.0,1.0,16.0,0.25,0.062,0.748,14.0,4.0,1.0,5.0,4.0635522604479,1.0,1.0,1.0,0.0,0.3140545800440366,15.0,5.0,2.0,5.0,4.38,0.62,2.3909522431815406,6.4245652173913035,12.607368421052632,24.55037777695786,1.73018754269504,61.05263157894737,,,,,,,WashPa01,7.0,0.0,,,,95.0,5.0,7.0,10.034,4.569,12.5,0.0737,672.0,0.614,16.0,2002-03-21,2023.0,6.0,185.0,2023,2026,4,70.0,204.0,Penn State,24.4,False,373,2.8525469168900806,0.18498659517426275,1.1099195710455765,0.6836461126005362,30,15,4.131367292225201,0.5,2.9156883624839196,2.885,0.1784,2.219,1.781,22.0,644,0.06366459627329192,0.0647,0.2504,2.395,1074,0.5614525139664804,17,63.18,0.5756,0.4244,0.0164,-0.0041,0.0592,40.0,72,4.24,27.9,5856.0,5856.0,1.0,5,5,-0.5430315206154958,40.2,50.8,44.3,547,489,132,271,198,85,0.241,0.554,0.429,11.544,9.731,7.919,5.938,0.438,102.0,1.811,0.275,8.916,14.603,0.611,,12.495,4.569,0.714,0.049,,0.313,,69.78,18.03,45,126,fantasypros_ecr,0.0,27.0,31.0,-0.05,35.0,-0.401,Fairly priced
/nfl/rankings/ppr-cheatsheets.php,redraft-overall,ro,Marvin Harrison Jr.,23064,WR,69.8,11.64,45,100,,marvin-harrison-jr.php,,,88.2,,,,,,14.0,Marvin Harrison,2026-08-14,ARI,marvin harrison,23064,00-0039849,fp_id,ARI,ARI,ARI,ARI,ARI,roster_2026,1.0,WR,67,32,WR32,0.0,0.0,0.0,0.0,0.0,0.0,0.0,0.0,0.0,0.0,0.0,0.0,0.0,0.0,0.0,41.0,73.0,608.0,4.0,946.0,119.0,30.0,31.114757475455512,0.0,0.0,86.80000000000001,127.80000000000001,12.0,ARI,1.0,107.30000000000001,0.1183,0.0,0.2126,0.1802,0.0,0.3254,0.4981,12.0,5.08,18.28,10.35,7.1,2.0,1.0,12.0,0.167,0.083,0.686,10.0,5.0,3.0,4.0,3.9257277251297884,0.0,0.0,0.0,0.0,0.0,10.0,5.0,3.0,4.0,3.93,0.07,2.419982614294804,4.941944444444444,13.550410958904111,21.984611349907325,0.6372885258224761,56.16438356164384,,,,,,,HarrMa09,,,,,,73.0,3.0,4.0,11.927,2.902,12.9,0.0548,566.0,0.712,12.0,2002-08-11,2024.0,1.0,4.0,2024,2026,3,75.0,220.0,Ohio State,24.0,False,292,2.761986301369863,0.19863013698630136,1.1472602739726028,0.8287671232876712,32,21,4.2020547945205475,0.65625,2.9389525318652057,2.771,0.2005,2.593,1.732,22.0,745,0.07919463087248323,0.0839,0.282,2.373,1074,0.6610800744878957,17,63.18,0.6204,0.3796,0.0399,-0.0591,0.0023,39.0,61,3.59,20.9,5838.0,4005.0,0.686,5,3,-0.34443965422600703,43.8,35.6,36.9,617,366,106,173,153,41,0.172,0.473,0.268,10.65,8.942,7.233,6.083,0.0,73.0,1.751,0.226,8.329,14.829,0.562,,12.959,2.902,0.643,0.055,,0.426,,69.8,11.64,45,100,fantasypros_ecr,0.0,49.0,32.0,-0.979,41.0,-0.629,Slight reach
/nfl/rankings/ppr-cheatsheets.php,redraft-overall,ro,Justin Herbert,18635,QB,70.0,11.18,37,101,,justin-herbert.php,,,91.1,,,,,,7.0,Justin Herbert,2026-08-14,LAC,justin herbert,18635,00-0036355,fp_id,LAC,LAC,LAC,LAC,LAC,roster_2026,1.0,QB,68,8,QB8,340.0,512.0,3727.0,26.0,13.0,54.0,4011.0,175.0,16.114613501478505,83.0,498.0,2.0,34.0,15.896310587013945,1.0,0.0,0.0,0.0,0.0,0.0,0.0,0.0,0.0,0.0,0.0,286.88,286.88,16.0,LAC,1.0,286.88,0.0,0.1781,0.0,0.0,0.1865,0.0,0.0,16.0,12.76,27.85,14.92,7.74,5.0,1.0,16.0,0.312,0.062,0.519,0.0,0.0,0.0,0.0,0.0,11.0,6.0,3.0,2.0,2.383246274976776,11.0,6.0,3.0,2.0,2.38,-0.38,,,,,,,,,,,,,HerbJu00,83.0,3.0,4.904,1.096,27.67,,,,,,,,1043.0,0.968,16.0,1998-03-10,2020.0,1.0,6.0,2020,2026,7,78.0,236.0,Oregon,28.4,False,359,2.713091922005571,0.22841225626740946,1.1253481894150419,0.7465181058495822,36,22,4.066852367688022,0.6111111111111112,2.8910496424917547,2.77,0.2195,2.614,1.822,24.0,681,0.0881057268722467,0.0832,0.3427,2.37,1080,0.5787037037037037,17,63.53,0.579,0.421,0.0064,0.0187,-0.0542,39.0,59,3.47,21.6,5784.0,1183.0,0.205,5,1,-0.5169002070393753,40.7,23.0,26.9,544,466,15,23,152,2,0.028,0.049,0.013,17.93,17.93,17.93,0.0,5.188,83.0,3.456,0.275,,,,6.0,,,,0.024,0.192,,,70.0,11.18,37,101,fantasypros_ecr,0.0,10.0,8.0,-0.12,11.0,-0.164,Fairly priced
/nfl/rankings/ppr-cheatsheets.php,redraft-overall,ro,Bhayshul Tuten,27297,RB,70.03,10.68,47,99,,bhayshul-tuten.php,,,90.1,,,,,,7.0,Bhayshul Tuten,2026-08-14,JAC,bhayshul tuten,27297,00-0040719,fp_id,JAX,JAX,JAX,JAX,JAX,roster_2026,1.0,RB,69,25,RB25,0.0,0.0,0.0,0.0,0.0,0.0,0.0,0.0,0.0,83.0,307.0,5.0,23.0,-10.188328399251226,1.0,10.0,14.0,79.0,2.0,8.0,80.0,3.0,5.495415985467844,0.0,0.0,78.6,88.6,15.0,JAX,1.0,83.6,0.0256,0.1697,0.0016,0.0295,0.1917,0.0019,0.0456,15.0,2.05,9.57,4.8,4.92,0.0,5.0,15.0,0.0,0.333,1.025,2.0,1.0,0.0,2.0,0.5500091262104849,25.0,8.0,7.0,5.0,4.20564905810068,27.0,9.0,7.0,7.0,4.76,2.24,,,,,,,,,,,,,TuteBh00,83.0,5.0,1.651,2.048,16.6,14.0,1.0,0.0,-0.1,8.0,0.6,0.0,215.0,0.211,15.0,2002-02-14,2025.0,4.0,104.0,2025,2026,2,69.0,209.0,Virginia Tech; North Carolina A&T,24.5,False,373,2.8525469168900806,0.18498659517426275,1.1099195710455765,0.6836461126005362,30,15,4.131367292225201,0.5,2.9156883624839196,2.885,0.1784,2.219,1.781,22.0,644,0.06366459627329192,0.0647,0.2504,2.395,1074,0.5614525139664804,17,63.18,0.5756,0.4244,0.0164,-0.0041,0.0592,40.0,72,4.24,27.9,5856.0,5856.0,1.0,5,5,-0.5430315206154958,40.2,50.8,44.3,547,489,132,271,198,85,0.241,0.554,0.429,5.907,5.573,5.24,0.933,5.533,97.0,0.913,0.412,5.643,7.9,0.714,3.699,0.571,8.0,9.875,0.072,-0.123,0.393,,70.03,10.68,47,99,fantasypros_ecr,0.0,49.0,25.0,-1.227,50.0,-1.271,Overpriced
/nfl/rankings/ppr-cheatsheets.php,redraft-overall,ro,Tucker Kraft,25298,TE,72.87,12.62,32,111,,tucker-kraft.php,,,92.5,,,,,,11.0,Tucker Kraft,2026-08-14,GBP,tucker kraft,25298,00-0038996,fp_id,GB,GB,GB,GB,GB,roster_2026,1.0,TE,70,5,TE5,0.0,0.0,0.0,0.0,0.0,0.0,0.0,0.0,0.0,1.0,3.0,0.0,0.0,-0.6811154326424003,0.0,32.0,44.0,489.0,6.0,201.0,344.0,22.0,39.123876830533845,0.0,0.0,85.2,117.19999999999999,8.0,GB,1.0,101.19999999999999,0.0957,0.002,0.0492,0.188,0.0044,0.1089,0.3582,8.0,8.9,24.02,11.45,9.87,2.0,0.0,8.0,0.25,0.0,0.862,12.0,3.0,0.0,6.0,2.854321520627686,0.0,0.0,0.0,0.0,0.0035709184402228254,12.0,3.0,0.0,6.0,2.86,3.14,,,,,,,,,,,,,KrafTu00,1.0,0.0,,,,44.0,6.0,3.0,4.531,10.75,4.7,0.0682,439.0,0.86,8.0,2000-11-03,2023.0,3.0,78.0,2023,2026,4,77.0,259.0,South Dakota State,25.8,False,386,2.972279792746114,0.15544041450777202,1.1269430051813472,0.3911917098445596,43,26,3.966321243523316,0.6046511627906976,3.01595136627878,2.905,0.1629,2.199,1.941,30.0,552,0.05253623188405797,0.0493,0.2454,2.41,993,0.5226586102719033,17,58.41,0.5063,0.4937,-0.0441,-0.0102,0.229,39.0,59,3.47,23.0,5321.0,3745.0,0.704,5,4,-0.26169708218232307,45.3,58.7,52.5,460,492,155,148,161,52,0.337,0.301,0.323,14.65,12.65,10.65,5.5,0.125,45.0,2.604,0.267,11.114,15.281,0.727,,4.568,10.75,2.433,0.133,,0.889,,72.87,12.62,32,111,fantasypros_ecr,0.0,22.0,5.0,-0.752,4.0,0.037,Slight reach
/nfl/rankings/ppr-cheatsheets.php,redraft-overall,ro,Jadarian Price,27329,RB,75.71,8.56,43,89,,jadarian-price.php,,,89.2,,,,,,11.0,Jadarian Price,2026-08-14,SEA,jadarian price,27329,00-0041512,fp_id,SEA,SEA,SEA,SEA,SEA,roster_2026,2.0,KR,71,26,RB26,,,,,,,,,,,,,,,,,,,,,,,,,,,,,,,,,,,,,,,,,,,,,,,,,,,,,,,,,,,,,,,,,,,,,,,,,,,,,,,,,,,,,,,,,,,,,,2003-10-09,,,,2026,2026,0,71.0,203.0,Notre Dame,22.9,True,435,2.8048275862068963,0.2045977011494253,1.206896551724138,0.8091954022988506,31,19,4.266666666666667,0.6129032258064516,2.995508653666123,2.758,0.2121,2.477,1.657,42.0,518,0.052123552123552123,0.0535,0.2266,2.4,997,0.5075225677031093,17,58.65,0.5204,0.4796,-0.0677,-0.0491,0.1122,39.0,60,3.53,28.4,5338.0,5026.0,0.942,5,5,-0.5945717447641805,39.3,60.5,49.9,455,507,39,221,158,37,0.086,0.436,0.234,,,,,,,,,,,,,,,,,,,Rookie - no 2025 NFL production,75.71,8.56,43,89,fantasypros_ecr,0.0,,26.0,,,,
/nfl/rankings/ppr-cheatsheets.php,redraft-overall,ro,Jaylen Warren,24209,RB,75.93,7.26,63,102,,jaylen-warren.php,,,87.8,,,,,,9.0,Jaylen Warren,2026-08-14,PIT,jaylen warren,24209,00-0037228,fp_id,PIT,PIT,PIT,PIT,PIT,roster_2026,1.0,RB,72,27,RB27,0.0,0.0,0.0,0.0,0.0,0.0,0.0,0.0,0.0,211.0,958.0,6.0,52.0,-0.500219264824409,0.0,40.0,45.0,333.0,2.0,-113.0,439.0,13.0,10.641412097988951,0.0,0.0,177.1,217.1,16.0,PIT,1.0,197.1,0.0862,0.5184,-0.0357,0.09,0.5582,-0.0365,0.1095,16.0,9.15,17.27,12.95,5.62,4.0,0.0,16.0,0.25,0.0,0.434,5.0,4.0,1.0,2.0,2.1077043169879794,40.0,22.0,14.0,6.0,8.965379999084167,45.0,26.0,15.0,8.0,11.07,-3.07,,,,,,,3.718382045929021,32.22748815165877,2.8846185567010307,180.59451243303204,0.864088576234603,0.4449760765550239,WarrJa01,211.0,23.0,2.185,2.355,9.17,45.0,9.0,1.0,-2.65,10.975,-2.4,0.0222,489.0,0.508,16.0,1998-11-01,,,,2022,2026,5,68.0,215.0,Oklahoma State,27.8,False,368,2.856521739130435,0.17391304347826086,1.2173913043478262,0.8641304347826086,50,34,4.366847826086956,0.68,2.9347229330117464,2.87,0.172,2.285,2.029,42.0,591,0.05245346869712352,0.0526,0.1636,2.209,975,0.5948717948717949,17,57.35,0.5795,0.4205,-0.007,0.0188,0.0312,40.0,51,3.0,23.4,5344.0,4403.0,0.824,5,5,-0.19256088395271825,46.5,65.1,57.4,522,407,179,129,156,59,0.343,0.317,0.378,13.569,12.319,11.069,2.812,13.188,256.0,0.848,0.444,7.4,8.325,0.889,4.54,-2.511,10.975,-2.947,0.031,-0.002,0.236,,75.93,7.26,63,102,fantasypros_ecr,0.0,17.0,27.0,0.246,19.0,0.158,Fairly priced
/nfl/rankings/ppr-cheatsheets.php,redraft-overall,ro,Harold Fannin Jr.,27050,TE,76.95,15.73,32,173,,harold-fannin-jr.php,,,94.2,,,,,-1.0,11.0,Harold Fannin,2026-08-14,CLE,harold fannin,27050,00-0040663,fp_id,CLE,CLE,CLE,CLE,CLE,roster_2026,1.0,TE,73,6,TE6,0.0,0.0,0.0,0.0,0.0,0.0,0.0,0.0,0.0,7.0,13.0,1.0,2.0,-1.7708569074748084,1.0,72.0,107.0,731.0,6.0,646.0,352.0,32.0,1.4001505646189791,0.0,0.0,114.4,186.4,16.0,CLE,1.0,150.4,0.205,0.0166,0.1799,0.2136,0.0176,0.19,0.4534,16.0,8.2,17.58,11.15,5.73,4.0,0.0,16.0,0.25,0.0,0.514,10.0,3.0,2.0,6.0,3.8449771052439594,2.0,1.0,1.0,1.0,0.5976285815179541,12.0,4.0,3.0,7.0,4.44,2.56,2.9405754311771437,5.6982417582417595,5.864766355140187,18.085688923729595,1.2151738271185781,67.28971962616822,,,,,,,FannHa00,7.0,1.0,,,,107.0,7.0,4.0,5.264,4.889,6.0,0.0374,786.0,0.759,16.0,2004-07-20,2025.0,3.0,67.0,2025,2026,2,76.0,241.0,Bowling Green,22.1,False,353,2.403116147308782,0.2237960339943343,0.8753541076487252,0.5212464589235127,42,28,3.4107648725212463,0.6666666666666666,2.959741061558557,2.392,0.225,1.808,2.109,31.0,639,0.07981220657276995,0.0842,0.3405,2.444,1028,0.5924124513618677,17,60.47,0.5161,0.4839,-0.0372,-0.0478,-0.2882,39.0,42,2.47,16.4,5503.0,1435.0,0.261,5,1,-1.741936492300181,18.5,26.5,15.1,522,421,88,37,114,23,0.169,0.088,0.202,11.65,9.4,7.15,6.688,0.438,114.0,1.635,0.237,6.832,10.153,0.673,,6.037,4.889,1.132,0.061,,0.013,,76.95,15.73,32,173,fantasypros_ecr,0.0,6.0,6.0,-0.015,8.0,-0.103,Fairly priced
/nfl/rankings/ppr-cheatsheets.php,redraft-overall,ro,Brian Thomas Jr.,23000,WR,77.84,13.0,48,110,,brian-thomas-jr.php,,,87.2,,,,,,7.0,Brian Thomas,2026-08-14,JAC,brian thomas,23000,00-0039893,fp_id,JAX,JAX,JAX,JAX,JAX,roster_2026,1.0,WR,74,33,WR33,0.0,0.0,0.0,0.0,0.0,0.0,0.0,0.0,0.0,3.0,21.0,1.0,2.0,2.8626816660398617,0.0,48.0,91.0,707.0,2.0,1315.0,159.0,33.0,17.201031782087778,0.0,0.0,90.8,138.8,14.0,JAX,1.0,114.80000000000001,0.1664,0.0061,0.2695,0.1928,0.0078,0.3081,0.5049,14.0,7.6,12.25,8.7,5.01,1.0,0.0,14.0,0.071,0.0,0.576,7.0,5.0,1.0,2.0,3.2282579477116697,1.0,1.0,0.0,1.0,0.1608398621911926,8.0,6.0,1.0,3.0,3.39,-0.39,2.6550007311032955,5.523258426966292,14.173846153846151,26.438647628183837,0.2518726496674901,52.74725274725275,,,,,,,ThomBr06,3.0,0.0,,,,91.0,2.0,10.0,11.417,3.312,14.5,0.1099,741.0,0.776,14.0,2002-10-08,2024.0,1.0,23.0,2024,2026,3,74.0,209.0,LSU,23.9,False,373,2.8525469168900806,0.18498659517426275,1.1099195710455765,0.6836461126005362,30,15,4.131367292225201,0.5,2.9156883624839196,2.885,0.1784,2.219,1.781,22.0,644,0.06366459627329192,0.0647,0.2504,2.395,1074,0.5614525139664804,17,63.18,0.5756,0.4244,0.0164,-0.0041,0.0592,40.0,72,4.24,27.9,5856.0,5856.0,1.0,5,5,-0.5430315206154958,40.2,50.8,44.3,547,489,132,271,198,85,0.241,0.554,0.429,9.914,8.2,6.486,6.5,0.214,94.0,1.477,0.187,7.769,14.729,0.527,,14.451,3.312,0.538,0.032,,0.189,,77.84,13.0,48,110,fantasypros_ecr,0.0,42.0,33.0,-0.637,47.0,-0.856,Slight reach
/nfl/rankings/ppr-cheatsheets.php,redraft-overall,ro,DK Metcalf,18219,WR,78.2,13.05,48,116,,dk-metcalf.php,,,89.6,,,,,,9.0,DK Metcalf,2026-08-14,PIT,dk metcalf,18219,00-0035640,fp_id,PIT,PIT,PIT,PIT,PIT,roster_2026,1.0,WR,75,34,WR34,0.0,0.0,0.0,0.0,0.0,0.0,0.0,0.0,0.0,2.0,12.0,1.0,1.0,1.6868094765814021,0.0,59.0,99.0,850.0,6.0,1044.0,414.0,37.0,32.92583931352815,0.0,0.0,128.20000000000002,187.2,15.0,PIT,1.0,157.7,0.1897,0.0049,0.3298,0.2245,0.0056,0.3965,0.6143,15.0,8.1,19.2,12.2,6.0,4.0,0.0,15.0,0.267,0.0,0.492,13.0,7.0,6.0,6.0,5.728490622436758,1.0,1.0,0.0,1.0,0.1398508447753978,14.0,8.0,6.0,7.0,5.87,1.13,2.629921503950311,4.497835051546391,9.822121212121214,31.598701463291,2.8053312561478903,59.59595959595959,,,,,,,MetcDK00,2.0,0.0,,,,99.0,8.0,5.0,7.39,7.017,10.5,0.0505,776.0,0.873,15.0,1997-12-14,2019.0,2.0,64.0,2019,2026,8,76.0,229.0,Mississippi,28.7,False,368,2.856521739130435,0.17391304347826086,1.2173913043478262,0.8641304347826086,50,34,4.366847826086956,0.68,2.9347229330117464,2.87,0.172,2.285,2.029,42.0,591,0.05245346869712352,0.0526,0.1636,2.209,975,0.5948717948717949,17,57.35,0.5795,0.4205,-0.007,0.0188,0.0312,40.0,51,3.0,23.4,5344.0,4403.0,0.824,5,5,-0.19256088395271825,46.5,65.1,57.4,522,407,179,129,156,59,0.343,0.317,0.378,12.48,10.513,8.547,6.6,0.133,101.0,1.853,0.241,8.586,14.407,0.596,,10.545,7.017,0.814,0.069,,0.333,,78.2,13.05,48,116,fantasypros_ecr,0.0,26.0,34.0,0.1,25.0,0.143,Fairly priced
/nfl/rankings/ppr-cheatsheets.php,redraft-overall,ro,Trevor Lawrence,19780,QB,79.86,12.48,59,108,,trevor-lawrence.php,,,88.6,,,,,,7.0,Trevor Lawrence,2026-08-14,JAC,trevor lawrence,19780,00-0036971,fp_id,JAX,JAX,JAX,JAX,JAX,roster_2026,1.0,QB,76,9,QB9,341.0,560.0,4007.0,29.0,12.0,41.0,4876.0,194.0,38.409721436388125,82.0,359.0,9.0,40.0,26.844758512154925,1.0,0.0,0.0,0.0,0.0,0.0,0.0,0.0,0.0,0.0,0.0,338.18,338.18,17.0,JAX,1.0,338.18,0.0,0.1677,0.0,0.0,0.1677,0.0,0.0,17.0,15.02,25.06,19.24,8.79,11.0,0.0,17.0,0.647,0.0,0.457,0.0,0.0,0.0,0.0,0.0,23.0,14.0,10.0,9.0,5.4528870448522015,23.0,14.0,10.0,9.0,5.45,3.55,,,,,,,,,,,,,LawrTr00,82.0,5.0,3.317,1.061,16.4,,,,,,,,1114.0,0.967,17.0,1999-10-06,2021.0,1.0,1.0,2021,2026,6,78.0,220.0,Clemson,26.9,False,373,2.8525469168900806,0.18498659517426275,1.1099195710455765,0.6836461126005362,30,15,4.131367292225201,0.5,2.9156883624839196,2.885,0.1784,2.219,1.781,22.0,644,0.06366459627329192,0.0647,0.2504,2.395,1074,0.5614525139664804,17,63.18,0.5756,0.4244,0.0164,-0.0041,0.0592,40.0,72,4.24,27.9,5856.0,5856.0,1.0,5,5,-0.5430315206154958,40.2,50.8,44.3,547,489,132,271,198,85,0.241,0.554,0.429,19.893,19.893,19.893,0.0,4.824,82.0,4.124,0.304,,,,4.378,,,,0.11,0.327,,,79.86,12.48,59,108,fantasypros_ecr,0.0,4.0,9.0,0.179,5.0,0.134,Fairly priced
/nfl/rankings/ppr-cheatsheets.php,redraft-overall,ro,Dak Prescott,15600,QB,80.01,12.87,37,108,,dak-prescott.php,,,92.1,,,,,,14.0,Dak Prescott,2026-08-14,DAL,dak prescott,15600,00-0033077,fp_id,DAL,DAL,DAL,DAL,DAL,roster_2026,1.0,QB,77,10,QB10,404.0,600.0,4552.0,30.0,10.0,31.0,4809.0,220.0,114.34943320495893,53.0,177.0,2.0,15.0,-9.431144701789524,1.0,0.0,0.0,0.0,0.0,0.0,0.0,0.0,0.0,0.0,0.0,313.78,313.78,17.0,DAL,1.0,313.78,0.0,0.114,0.0,0.0,0.114,0.0,0.0,17.0,12.04,25.96,20.6,8.28,10.0,2.0,17.0,0.588,0.118,0.402,0.0,0.0,0.0,0.0,0.0,8.0,6.0,4.0,2.0,2.3409541802162552,8.0,6.0,4.0,2.0,2.34,-0.34,,,,,,,,,,,,,PresDa01,53.0,3.0,2.642,0.698,17.67,,,,,,,,1135.0,0.951,17.0,1993-07-29,2016.0,4.0,135.0,2016,2026,11,74.0,230.0,Mississippi State,33.1,False,383,3.1652741514360314,0.13054830287206268,1.2558746736292428,0.8459530026109661,34,24,4.663185378590079,0.7058823529411765,3.0401662544448724,3.074,0.1352,2.563,2.03,33.0,681,0.04552129221732746,0.044,0.2356,2.396,1104,0.5932971014492754,17,64.94,0.5628,0.4372,-0.0098,0.005,0.1615,36.0,65,3.82,27.7,5938.0,5037.0,0.848,5,5,0.6426441330126125,61.6,62.2,65.1,607,465,34,0,187,4,0.056,0.0,0.021,18.458,18.458,18.458,0.0,3.118,53.0,5.92,0.276,,,,3.34,,,,0.038,-0.178,,,80.01,12.87,37,108,fantasypros_ecr,0.0,6.0,10.0,0.126,9.0,-0.005,Fairly priced
/nfl/rankings/ppr-cheatsheets.php,redraft-overall,ro,Tony Pollard,18705,RB,81.52,8.37,58,102,,tony-pollard.php,,,86.5,,,,,,9.0,Tony Pollard,2026-08-14,TEN,tony pollard,18705,00-0035261,fp_id,TEN,TEN,TEN,TEN,TEN,roster_2026,1.0,RB,78,28,RB28,0.0,0.0,0.0,0.0,0.0,0.0,0.0,0.0,0.0,242.0,1082.0,5.0,48.0,-21.694286570463255,2.0,33.0,41.0,206.0,0.0,12.0,203.0,11.0,-11.82717167921672,1.0,0.0,152.8,185.8,17.0,TEN,1.0,169.3,0.0774,0.6402,0.0031,0.0774,0.6402,0.0031,0.1183,17.0,7.8,14.44,9.5,5.62,2.0,0.0,17.0,0.118,0.0,0.592,1.0,0.0,0.0,0.0,0.768679870570365,19.0,12.0,4.0,5.0,4.8060667478578205,20.0,12.0,4.0,5.0,5.57,-0.57,,,,,,,3.7430683918669128,23.140495867768596,2.876459821428572,112.7213932869472,0.4677236235972913,0.4024896265560166,PollTo00,242.0,16.0,2.645,1.826,15.12,41.0,2.0,2.0,0.091,6.152,0.3,0.0488,657.0,0.625,17.0,1997-04-30,2019.0,4.0,128.0,2019,2026,8,72.0,209.0,Memphis,29.3,False,328,3.0146341463414634,0.16158536585365854,1.146341463414634,0.6920731707317073,30,20,4.304878048780488,0.6666666666666666,2.877694091874751,3.085,0.1549,2.54,1.664,24.0,646,0.08668730650154799,0.0872,0.3175,2.389,995,0.6261306532663317,17,58.53,0.5401,0.4599,-0.0385,-0.0573,-0.2208,40.0,35,2.06,16.7,5402.0,2848.0,0.527,5,3,0.4634566520975053,58.4,27.6,41.1,530,378,152,0,93,8,0.287,0.0,0.086,10.929,9.959,8.988,2.412,14.235,283.0,0.657,0.283,5.024,6.242,0.805,4.471,0.293,6.152,17.167,0.018,-0.09,-0.288,,81.52,8.37,58,102,fantasypros_ecr,0.0,23.0,28.0,0.019,31.0,-0.332,Fairly priced
/nfl/rankings/ppr-cheatsheets.php,redraft-overall,ro,Chris Godwin Jr.,16406,WR,81.74,12.65,51,123,,chris-godwin.php,,,80.0,,,,,,10.0,Chris Godwin,2026-08-14,TBB,chris godwin,16406,00-0033921,fp_id,TB,TB,TB,TB,TB,roster_2026,2.0,WR,79,35,WR35,0.0,0.0,0.0,0.0,0.0,0.0,0.0,0.0,0.0,0.0,0.0,0.0,0.0,0.0,0.0,33.0,51.0,360.0,2.0,361.0,206.0,21.0,14.700097180323755,0.0,0.0,50.0,83.0,9.0,TB,1.0,66.5,0.0943,0.0,0.0832,0.1828,0.0,0.1682,0.3919,9.0,5.6,13.36,8.0,6.73,1.0,0.0,9.0,0.111,0.0,0.841,7.0,5.0,2.0,2.0,2.7534360456213554,0.0,0.0,0.0,0.0,0.0,7.0,5.0,2.0,2.0,2.75,-0.75,2.817862940990965,6.597083333333334,7.82,9.140664750615384,2.1981631419739625,64.70588235294117,,,,,,,GodwCh00,,,,,,51.0,4.0,1.0,4.667,6.242,7.0,0.0196,428.0,0.709,9.0,1996-02-27,2017.0,3.0,84.0,2017,2026,10,73.0,209.0,Penn State,30.5,False,398,2.764070351758794,0.18341708542713567,1.0527638190954773,0.42462311557788945,48,34,3.7613065326633164,0.7083333333333334,2.976963633345108,2.736,0.1938,2.699,1.426,31.0,638,0.05956112852664577,0.0571,0.172,2.292,1065,0.564319248826291,17,62.65,0.5148,0.4852,-0.0347,0.0138,-0.0264,41.0,53,3.12,22.4,5692.0,4502.0,0.791,5,4,-0.20250354300156095,46.3,65.4,57.4,541,472,111,138,136,38,0.205,0.292,0.279,9.222,7.389,5.556,5.667,0.0,51.0,1.627,0.194,7.059,10.909,0.647,,7.078,6.242,0.997,0.039,,0.288,,81.74,12.65,51,123,fantasypros_ecr,0.0,67.0,35.0,-1.661,51.0,-0.961,Overpriced
/nfl/rankings/ppr-cheatsheets.php,redraft-overall,ro,Rhamondre Stevenson,22726,RB,81.99,8.38,65,103,,rhamondre-stevenson.php,,,85.6,,,,,,11.0,Rhamondre Stevenson,2026-08-14,NEP,rhamondre stevenson,22726,00-0036875,fp_id,NE,NE,NE,NE,NE,roster_2026,1.0,RB,80,29,RB29,0.0,0.0,0.0,0.0,0.0,0.0,0.0,0.0,0.0,130.0,603.0,7.0,29.0,-18.276205582510894,2.0,32.0,37.0,345.0,2.0,159.0,263.0,11.0,13.097800446866753,1.0,0.0,146.8,178.8,14.0,NE,1.0,162.8,0.0768,0.2632,0.0355,0.0944,0.3194,0.0462,0.1739,14.0,4.8,21.5,10.85,10.05,3.0,2.0,14.0,0.214,0.143,0.927,5.0,0.0,0.0,2.0,1.3239122768089346,26.0,16.0,11.0,7.0,6.502283889989523,31.0,16.0,11.0,9.0,7.83,1.17,,,,,,,3.5201824212271973,31.538461538461537,2.6823157894736838,175.6316926563889,1.36148598958441,0.4496124031007752,StevRh00,130.0,16.0,1.869,2.769,8.12,37.0,0.0,0.0,2.562,8.219,4.3,0.0,533.0,0.594,14.0,1998-02-23,2021.0,4.0,120.0,2021,2026,6,72.0,227.0,Oklahoma; Cerritos College,28.5,False,371,2.7795148247978436,0.1940700808625337,1.196765498652291,1.2048517520215634,33,19,4.630727762803234,0.5757575757575758,2.9254952414655953,2.802,0.1883,2.561,1.874,33.0,613,0.07830342577487764,0.0789,0.261,2.406,1017,0.5417895771878073,17,59.82,0.5691,0.4309,0.0242,0.0077,0.2873,38.0,64,3.76,28.8,5553.0,2959.0,0.533,5,3,-0.36940490310560165,43.3,43.5,41.6,482,494,128,10,154,17,0.266,0.02,0.11,12.771,11.629,10.486,2.643,9.286,167.0,1.071,0.335,9.324,10.781,0.865,4.638,4.297,8.219,2.17,0.054,-0.141,0.354,,81.99,8.38,65,103,fantasypros_ecr,0.0,25.0,29.0,-0.033,22.0,0.098,Fairly priced
/nfl/rankings/ppr-cheatsheets.php,redraft-overall,ro,Sam LaPorta,22978,TE,82.49,10.07,54,97,,sam-laporta.php,,,95.1,,,,,,6.0,Sam LaPorta,2026-08-14,DET,sam laporta,22978,00-0039065,fp_id,DET,DET,DET,DET,DET,roster_2026,1.0,TE,81,7,TE7,0.0,0.0,0.0,0.0,0.0,0.0,0.0,0.0,0.0,0.0,0.0,0.0,0.0,0.0,0.0,40.0,49.0,489.0,3.0,277.0,274.0,23.0,36.4278423127509,0.0,0.0,66.9,106.9,9.0,DET,1.0,86.9,0.0891,0.0,0.0754,0.1863,0.0,0.1582,0.3902,9.0,6.9,19.46,10.3,6.45,4.0,0.0,9.0,0.444,0.0,0.627,6.0,3.0,1.0,3.0,2.2329826034371547,0.0,0.0,0.0,0.0,0.0,6.0,3.0,1.0,3.0,2.23,0.77,3.3747942463098943,6.365806451612903,5.70265306122449,7.4790494008570265,0.9542622798697664,81.63265306122449,,,,,,,LaPoSa01,,,,,,49.0,5.0,0.0,5.375,6.85,5.7,0.0,517.0,0.907,9.0,2001-01-12,2023.0,2.0,34.0,2023,2026,4,75.0,245.0,Iowa,25.6,False,407,2.8449631449631454,0.17444717444717445,1.230958230958231,1.3022113022113022,31,20,4.8108108108108105,0.6451612903225806,2.997145152771477,2.796,0.1795,2.844,1.774,23.0,624,0.0625,0.0608,0.2646,2.297,1051,0.5889628924833492,17,61.82,0.5469,0.4531,-0.0456,-0.0408,0.1681,38.0,65,3.82,28.3,5583.0,2910.0,0.521,5,3,-0.0015935740283760658,50.0,44.8,46.7,550,442,79,167,179,45,0.144,0.378,0.251,11.878,9.656,7.433,5.444,0.0,49.0,2.182,0.207,9.98,12.225,0.816,,5.653,6.85,1.765,0.061,,0.743,,82.49,10.07,54,97,fantasypros_ecr,0.0,25.0,7.0,-0.812,7.0,-0.024,Slight reach
/nfl/rankings/ppr-cheatsheets.php,redraft-overall,ro,Kyle Pitts Sr.,20164,TE,82.88,9.33,66,111,,kyle-pitts.php,,,95.1,,,,,,11.0,Kyle Pitts,2026-08-14,ATL,kyle pitts,20164,00-0036970,fp_id,ATL,ATL,ATL,ATL,ATL,roster_2026,1.0,TE,82,8,TE8,0.0,0.0,0.0,0.0,0.0,0.0,0.0,0.0,0.0,0.0,0.0,0.0,0.0,0.0,0.0,88.0,118.0,928.0,5.0,869.0,400.0,51.0,24.583952355669652,0.0,0.0,122.8,210.8,17.0,ATL,1.0,166.8,0.2274,0.0,0.2077,0.2274,0.0,0.2077,0.4865,17.0,5.8,16.88,11.8,9.94,6.0,0.0,17.0,0.353,0.0,0.842,12.0,6.0,1.0,5.0,4.638010419962718,0.0,0.0,0.0,0.0,0.0,12.0,6.0,1.0,5.0,4.64,0.36,3.5547753226125387,5.607234042553192,7.164237288135594,20.678538231984735,-0.8783310835916964,74.57627118644068,,,,,,,PittKy00,,,,,,118.0,2.0,2.0,6.0,4.545,7.4,0.0169,961.0,0.88,17.0,2000-10-06,2021.0,1.0,4.0,2021,2026,6,78.0,250.0,Florida,25.9,False,439,3.0546697038724373,0.1662870159453303,1.3530751708428246,0.89749430523918,42,22,4.674259681093394,0.5238095238095238,2.9317976654275206,3.071,0.1627,2.522,1.96,31.0,583,0.044596912521440824,0.0494,0.2037,2.4,1036,0.5511583011583011,17,60.94,0.549,0.451,-0.0621,-0.0314,-0.0132,38.0,53,3.12,20.8,5484.0,4377.0,0.798,5,4,0.14901204675380456,52.7,66.9,62.4,519,477,151,160,132,49,0.291,0.335,0.371,12.4,9.812,7.224,6.941,0.0,118.0,1.786,0.219,7.864,10.545,0.746,,7.364,4.545,1.068,0.042,,0.208,,82.88,9.33,66,111,fantasypros_ecr,0.0,2.0,8.0,0.231,5.0,0.099,Fairly priced
/nfl/rankings/ppr-cheatsheets.php,redraft-overall,ro,Michael Pittman Jr.,19278,WR,83.42,13.88,40,118,,michael-pittman.php,,,82.8,,,,,,9.0,Michael Pittman,2026-08-14,PIT,michael pittman,19278,00-0036252,fp_id,PIT,PIT,PIT,PIT,PIT,roster_2026,2.0,WR,83,36,WR36,0.0,0.0,0.0,0.0,0.0,0.0,0.0,0.0,0.0,0.0,0.0,0.0,0.0,0.0,0.0,80.0,111.0,784.0,7.0,907.0,259.0,47.0,22.318667689412333,0.0,0.0,122.4,202.4,17.0,IND,1.0,162.4,0.2094,0.0,0.2122,0.2094,0.0,0.2122,0.4626,17.0,4.0,20.3,13.7,7.49,3.0,0.0,17.0,0.176,0.0,0.547,15.0,8.0,4.0,7.0,5.76535165493196,0.0,0.0,0.0,0.0,0.0,15.0,8.0,4.0,7.0,5.77,1.23,3.0333786487343044,6.776542056074766,7.985405405405407,20.674357527044744,0.4207668233996258,72.07207207207207,,,,,,,PittMi01,,,,,,111.0,3.0,6.0,6.562,3.238,8.2,0.0541,918.0,0.855,17.0,1997-10-05,2020.0,2.0,34.0,2020,2026,7,76.0,223.0,USC,28.9,False,368,2.856521739130435,0.17391304347826086,1.2173913043478262,0.8641304347826086,50,34,4.366847826086956,0.68,2.9347229330117464,2.87,0.172,2.285,2.029,42.0,591,0.05245346869712352,0.0526,0.1636,2.209,975,0.5948717948717949,17,57.35,0.5795,0.4205,-0.007,0.0188,0.0312,40.0,51,3.0,23.4,5344.0,4403.0,0.824,5,5,-0.19256088395271825,46.5,65.1,57.4,522,407,179,129,156,59,0.343,0.317,0.378,11.906,9.553,7.2,6.529,0.0,111.0,1.823,0.22,7.063,9.8,0.721,,8.171,3.238,0.864,0.063,,0.201,,83.42,13.88,40,118,fantasypros_ecr,0.0,18.0,36.0,0.521,30.0,-0.005,Slight value
/nfl/rankings/ppr-cheatsheets.php,redraft-overall,ro,Jordyn Tyson,26035,WR,83.83,18.12,51,165,,jordyn-tyson.php,,,86.1,,,,,4.0,8.0,Jordyn Tyson,2026-08-14,NOS,jordyn tyson,26035,00-0041029,fp_id,NO,NO,NO,NO,NO,roster_2026,2.0,WR,84,37,WR37,,,,,,,,,,,,,,,,,,,,,,,,,,,,,,,,,,,,,,,,,,,,,,,,,,,,,,,,,,,,,,,,,,,,,,,,,,,,,,,,,,,,,,,,,,,,,,2004-08-12,,,,2026,2026,0,74.0,200.0,Arizona State; Colorado,22.0,True,300,2.896333333333333,0.15,0.9566666666666667,0.31666666666666665,20,11,3.72,0.55,2.962003325988386,2.883,0.1505,2.057,1.628,31.0,670,0.07313432835820896,0.0763,0.2132,2.2,1064,0.5968045112781954,17,62.59,0.5383,0.4617,-0.0301,-0.1008,-0.0795,35.0,48,2.82,18.0,5643.0,4426.0,0.784,5,4,-0.42136189488230485,42.4,44.9,41.9,565,435,127,21,113,15,0.225,0.048,0.133,,,,,,,,,,,,,,,,,,,Rookie - no 2025 NFL production,83.83,18.12,51,165,fantasypros_ecr,0.0,,37.0,,,,
/nfl/rankings/ppr-cheatsheets.php,redraft-overall,ro,Courtland Sutton,17253,WR,85.42,14.97,55,116,,courtland-sutton.php,,,87.4,,,,,,10.0,Courtland Sutton,2026-08-14,DEN,courtland sutton,17253,00-0034348,fp_id,DEN,DEN,DEN,DEN,DEN,roster_2026,1.0,WR,85,38,WR38,0.0,0.0,0.0,0.0,0.0,1.0,0.0,0.0,-4.031719361392031,0.0,0.0,0.0,0.0,0.0,0.0,74.0,124.0,1017.0,7.0,1542.0,222.0,52.0,45.593916971176796,0.0,0.0,145.70000000000002,219.70000000000002,17.0,DEN,1.0,182.70000000000002,0.2123,0.0,0.352,0.2123,0.0,0.352,0.5648,17.0,8.0,20.0,12.2,7.48,4.0,2.0,17.0,0.235,0.118,0.613,19.0,7.0,5.0,7.0,6.290531649661494,0.0,0.0,0.0,0.0,0.0,19.0,7.0,5.0,7.0,6.29,0.71,2.2785379059503152,5.272857142857143,12.563387096774193,35.580658643930754,0.11508914575137519,59.67741935483871,,,,,,,SuttCo00,,,,,,124.0,3.0,8.0,10.743,3.0,12.4,0.0645,975.0,0.854,17.0,1995-10-10,2018.0,2.0,40.0,2018,2026,9,76.0,216.0,SMU,30.9,False,354,2.959322033898305,0.17231638418079095,1.2429378531073447,0.807909604519774,29,16,4.423728813559322,0.5517241379310345,2.956234245392568,2.952,0.1682,2.592,1.833,20.0,671,0.03427719821162444,0.037,0.2088,2.401,1079,0.593141797961075,17,63.47,0.59,0.41,0.0157,0.0004,0.0835,38.0,59,3.47,23.6,5797.0,5793.0,0.999,5,5,0.002534775558983432,50.0,70.8,63.2,584,456,4,0,157,1,0.007,0.0,0.006,12.924,10.747,8.571,7.294,0.0,124.0,1.772,0.225,8.202,13.743,0.597,,12.435,3.0,0.66,0.056,,0.368,,85.42,14.97,55,116,fantasypros_ecr,0.0,13.0,38.0,0.811,23.0,0.373,Slight value
/nfl/rankings/ppr-cheatsheets.php,redraft-overall,ro,Josh Downs,24706,WR,85.44,13.37,51,126,,josh-downs.php,,,77.9,,,,,,13.0,Josh Downs,2026-08-14,IND,josh downs,24706,00-0038997,fp_id,IND,IND,IND,IND,IND,roster_2026,2.0,WR,86,39,WR39,0.0,0.0,0.0,0.0,0.0,0.0,0.0,0.0,0.0,2.0,-2.0,0.0,0.0,-1.5216300988104194,0.0,58.0,88.0,566.0,4.0,659.0,144.0,36.0,8.65751017263293,0.0,0.0,80.4,138.4,16.0,IND,1.0,109.4,0.166,0.0045,0.1542,0.1767,0.0048,0.1672,0.3821,16.0,5.4,12.62,8.0,4.74,0.0,1.0,16.0,0.0,0.062,0.592,15.0,5.0,2.0,4.0,4.434008491003312,0.0,0.0,0.0,0.0,0.019543812922313823,15.0,5.0,2.0,4.0,4.45,-0.45,2.6805034029614965,7.213918918918919,7.7382954545454545,15.8832749443711,0.1343339505280543,65.9090909090909,,,,,,,DownJo00,2.0,0.0,,,,88.0,1.0,4.0,7.276,2.483,7.2,0.0455,594.0,0.587,16.0,2001-08-12,2023.0,3.0,79.0,2023,2026,4,69.0,171.0,North Carolina,25.0,False,373,3.01769436997319,0.15281501340482573,1.2171581769436997,1.0750670241286864,32,22,4.7319034852546915,0.6875,2.8940363763010377,3.072,0.1487,2.428,2.113,29.0,599,0.048414023372287146,0.047,0.2121,2.237,1011,0.5736894164193868,17,59.47,0.5637,0.4363,-0.0091,0.094,0.0558,39.0,70,4.12,27.4,5369.0,4465.0,0.832,5,5,0.42626114302073953,57.7,58.5,60.3,530,442,147,24,179,20,0.277,0.054,0.112,8.65,6.838,5.025,5.5,0.125,90.0,1.538,0.233,6.432,9.759,0.659,,7.489,2.483,0.859,0.044,,0.098,,85.44,13.37,51,126,fantasypros_ecr,0.0,43.0,39.0,-0.468,55.0,-0.994,Slight reach
/nfl/rankings/ppr-cheatsheets.php,redraft-overall,ro,Chuba Hubbard,19792,RB,86.83,11.41,61,127,,chuba-hubbard.php,,,87.1,,,,,,5.0,Chuba Hubbard,2026-08-14,CAR,chuba hubbard,19792,00-0036555,fp_id,CAR,CAR,CAR,CAR,CAR,roster_2026,1.0,RB,87,30,RB30,0.0,0.0,0.0,0.0,0.0,0.0,0.0,0.0,0.0,134.0,511.0,1.0,31.0,-15.674370924937554,1.0,30.0,39.0,223.0,3.0,-40.0,291.0,12.0,4.579954675038078,0.0,0.0,95.4,125.4,15.0,CAR,1.0,110.4,0.0812,0.2907,-0.0123,0.0903,0.3427,-0.0139,0.1257,15.0,3.75,17.1,7.5,6.15,3.0,2.0,15.0,0.2,0.133,0.82,6.0,4.0,3.0,3.0,2.8480501137554084,18.0,7.0,1.0,1.0,2.32980795993418,24.0,11.0,4.0,4.0,5.18,-1.18,,,,,,,3.7402152641878668,20.149253731343283,2.5749055118110222,-39.19197367441393,-0.2969088914728328,0.38636363636363635,HubbCh01,134.0,1.0,2.007,1.806,134.0,39.0,3.0,4.0,-2.267,9.7,-1.0,0.1026,432.0,0.458,15.0,1999-06-11,2021.0,4.0,126.0,2021,2026,6,73.0,216.0,Oklahoma State,27.2,False,391,3.167007672634271,0.13810741687979539,1.1585677749360614,0.5345268542199488,29,20,4.29923273657289,0.6896551724137931,2.936153855960689,3.179,0.1391,2.49,1.798,18.0,582,0.06013745704467354,0.0629,0.2718,2.4,996,0.5532128514056225,17,58.59,0.5106,0.4894,-0.061,-0.0262,-0.0498,39.0,48,2.82,18.3,5317.0,3170.0,0.596,5,3,0.7242481938282351,63.1,47.3,56.6,480,461,50,242,136,40,0.104,0.525,0.294,8.36,7.36,6.36,2.6,8.933,173.0,0.725,0.29,5.718,7.433,0.769,3.813,-1.026,9.7,-5.575,0.023,-0.117,0.117,,86.83,11.41,61,127,fantasypros_ecr,0.0,37.0,30.0,-0.524,42.0,-0.743,Slight reach
/nfl/rankings/ppr-cheatsheets.php,redraft-overall,ro,Wan'Dale Robinson,22985,WR,87.71,14.12,48,135,,wandale-robinson.php,,,71.1,,,,,,9.0,WanDale Robinson,2026-08-14,TEN,wandale robinson,22985,00-0038117,fp_id,TEN,TEN,TEN,TEN,TEN,roster_2026,2.0,WR,88,40,WR40,0.0,0.0,0.0,0.0,0.0,0.0,0.0,0.0,0.0,3.0,5.0,0.0,1.0,1.9220478277420625,0.0,92.0,140.0,1014.0,4.0,1187.0,386.0,39.0,19.46254311013073,0.0,0.0,125.9,217.9,16.0,NYG,1.0,171.9,0.2783,0.0059,0.2753,0.2972,0.0063,0.2873,0.6469,16.0,7.75,21.82,11.85,8.19,4.0,0.0,16.0,0.25,0.0,0.691,13.0,5.0,5.0,4.0,5.214702805849773,0.0,0.0,0.0,0.0,0.035516707404404824,13.0,5.0,5.0,4.0,5.25,-1.25,3.365855718834662,6.710916666666666,8.654928571428572,27.615607265765675,0.34481725246261075,65.71428571428571,,,,,,,RobiWa01,3.0,0.0,,,,140.0,6.0,4.0,6.826,4.196,8.5,0.0286,973.0,0.908,16.0,2001-01-05,2022.0,2.0,43.0,2022,2026,5,68.0,185.0,Kentucky,25.6,False,328,3.0146341463414634,0.16158536585365854,1.146341463414634,0.6920731707317073,30,20,4.304878048780488,0.6666666666666666,2.877694091874751,3.085,0.1549,2.54,1.664,24.0,646,0.08668730650154799,0.0872,0.3175,2.389,995,0.6261306532663317,17,58.53,0.5401,0.4599,-0.0385,-0.0573,-0.2208,40.0,35,2.06,16.7,5402.0,2848.0,0.527,5,3,0.4634566520975053,58.4,27.6,41.1,530,378,152,0,93,8,0.287,0.0,0.086,13.619,10.744,7.869,8.75,0.188,143.0,1.524,0.224,7.243,11.022,0.657,,8.479,4.196,0.854,0.028,,0.139,,87.71,14.12,48,135,fantasypros_ecr,0.0,14.0,40.0,0.838,17.0,0.706,Slight value
/nfl/rankings/ppr-cheatsheets.php,redraft-overall,ro,Rico Dowdle,19647,RB,88.55,11.52,68,132,,rico-dowdle.php,,,86.0,,,,,,9.0,Rico Dowdle,2026-08-14,PIT,rico dowdle,19647,00-0036139,fp_id,PIT,PIT,PIT,PIT,PIT,roster_2026,2.0,PR,89,31,RB31,0.0,0.0,0.0,0.0,0.0,0.0,0.0,0.0,0.0,236.0,1076.0,6.0,51.0,-2.3056625725313875,1.0,39.0,50.0,297.0,1.0,-52.0,350.0,14.0,-0.9027191577064797,0.0,0.0,177.3,216.3,17.0,CAR,1.0,196.8,0.1042,0.5119,-0.016,0.1042,0.5119,-0.016,0.1451,17.0,5.4,22.98,10.6,9.8,3.0,0.0,17.0,0.176,0.0,0.925,5.0,1.0,0.0,1.0,1.6186874849896202,34.0,13.0,8.0,6.0,5.784952341295547,39.0,14.0,8.0,7.0,7.4,-0.4,,,,,,,3.2699163568773244,21.1864406779661,2.7527104072398187,146.36559518219224,0.6308861861301389,0.4353448275862069,DowdRi01,236.0,14.0,2.525,2.034,16.86,50.0,3.0,2.0,-1.359,8.974,-1.0,0.04,591.0,0.561,17.0,1998-06-14,,,,2020,2026,7,72.0,215.0,South Carolina,28.2,False,368,2.856521739130435,0.17391304347826086,1.2173913043478262,0.8641304347826086,50,34,4.366847826086956,0.68,2.9347229330117464,2.87,0.172,2.285,2.029,42.0,591,0.05245346869712352,0.0526,0.1636,2.209,975,0.5948717948717949,17,57.35,0.5795,0.4205,-0.007,0.0188,0.0312,40.0,51,3.0,23.4,5344.0,4403.0,0.824,5,5,-0.19256088395271825,46.5,65.1,57.4,522,407,179,129,156,59,0.343,0.317,0.378,12.724,11.576,10.429,2.941,13.882,286.0,0.756,0.366,5.94,7.615,0.78,4.559,-1.04,8.974,-5.712,0.024,-0.01,-0.018,,88.55,11.52,68,132,fantasypros_ecr,0.0,18.0,31.0,0.344,23.0,0.125,Fairly priced
/nfl/rankings/ppr-cheatsheets.php,redraft-overall,ro,Michael Wilson,25333,WR,90.53,15.82,49,137,,michael-wilson.php,,,83.8,,,,,,14.0,Michael Wilson,2026-08-14,ARI,michael wilson,25333,00-0038559,fp_id,ARI,ARI,ARI,ARI,ARI,roster_2026,2.0,WR,90,41,WR41,0.0,0.0,0.0,0.0,0.0,0.0,0.0,0.0,0.0,0.0,0.0,0.0,0.0,0.0,0.0,78.0,126.0,1006.0,7.0,1502.0,273.0,51.0,25.752180702367646,0.0,0.0,142.6,220.6,17.0,ARI,1.0,181.6,0.2042,0.0,0.3375,0.2042,0.0,0.3375,0.5426,17.0,6.6,21.44,8.4,10.6,5.0,2.0,17.0,0.294,0.118,1.262,16.0,4.0,0.0,7.0,4.683164505834354,0.0,0.0,0.0,0.0,0.0,16.0,4.0,0.0,7.0,4.68,2.32,2.4353189951454493,5.981370967741934,11.377063492063494,31.859884162847663,0.5737247600414466,61.904761904761905,,,,,,,WilsMi02,,,,,,126.0,3.0,1.0,9.397,3.5,11.9,0.0079,923.0,0.814,17.0,2000-02-23,2023.0,3.0,94.0,2023,2026,4,74.0,213.0,Stanford,26.5,False,292,2.761986301369863,0.19863013698630136,1.1472602739726028,0.8287671232876712,32,21,4.2020547945205475,0.65625,2.9389525318652057,2.771,0.2005,2.593,1.732,22.0,745,0.07919463087248323,0.0839,0.282,2.373,1074,0.6610800744878957,17,63.18,0.6204,0.3796,0.0399,-0.0591,0.0023,39.0,61,3.59,20.9,5838.0,4005.0,0.686,5,3,-0.34443965422600703,43.8,35.6,36.9,617,366,106,173,153,41,0.172,0.473,0.268,12.976,10.682,8.388,7.412,0.0,126.0,1.751,0.239,7.984,12.897,0.619,,11.921,3.5,0.67,0.056,,0.204,,90.53,15.82,49,137,fantasypros_ecr,0.0,10.0,41.0,1.049,21.0,0.567,Underpriced
/nfl/rankings/ppr-cheatsheets.php,redraft-overall,ro,Alec Pierce,23791,WR,91.0,19.93,51,154,,alec-pierce.php,,,85.2,,,,,-5.0,13.0,Alec Pierce,2026-08-14,IND,alec pierce,23791,00-0037664,fp_id,IND,IND,IND,IND,IND,roster_2026,1.0,WR,91,42,WR42,0.0,0.0,0.0,0.0,0.0,0.0,0.0,0.0,0.0,0.0,0.0,0.0,0.0,0.0,0.0,47.0,84.0,1003.0,6.0,1593.0,174.0,41.0,55.77911305843583,0.0,0.0,136.3,183.3,15.0,IND,1.0,159.8,0.1585,0.0,0.3726,0.1799,0.0,0.4298,0.5707,15.0,5.7,18.34,10.8,8.3,2.0,1.0,15.0,0.133,0.067,0.769,9.0,4.0,1.0,6.0,2.9734874948814407,0.0,0.0,0.0,0.0,0.0,9.0,4.0,1.0,6.0,2.97,3.03,2.0751778712475626,6.278333333333333,19.052619047619046,37.32897320949586,1.277728300330324,55.952380952380956,,,,,,,PierAl00,,,,,,84.0,1.0,1.0,17.638,3.702,18.9,0.0119,813.0,0.859,15.0,2000-05-02,2022.0,2.0,53.0,2022,2026,5,75.0,211.0,Cincinnati,26.3,False,373,3.01769436997319,0.15281501340482573,1.2171581769436997,1.0750670241286864,32,22,4.7319034852546915,0.6875,2.8940363763010377,3.072,0.1487,2.428,2.113,29.0,599,0.048414023372287146,0.047,0.2121,2.237,1011,0.5736894164193868,17,59.47,0.5637,0.4363,-0.0091,0.094,0.0558,39.0,70,4.12,27.4,5369.0,4465.0,0.832,5,5,0.42626114302073953,57.7,58.5,60.3,530,442,147,24,179,20,0.277,0.054,0.112,12.22,10.653,9.087,5.6,0.0,84.0,2.182,0.225,11.94,21.34,0.56,,18.964,3.702,0.63,0.071,,0.664,,91.0,19.93,51,154,fantasypros_ecr,0.0,28.0,42.0,0.296,27.0,0.339,Fairly priced
/nfl/rankings/ppr-cheatsheets.php,redraft-overall,ro,RJ Harvey,27142,RB,92.56,16.42,61,130,,rj-harvey.php,,,84.0,,,,,,10.0,RJ Harvey,2026-08-14,DEN,rj harvey,27142,00-0040730,fp_id,DEN,DEN,DEN,DEN,DEN,roster_2026,2.0,RB,92,32,RB32,0.0,1.0,0.0,0.0,0.0,0.0,2.0,0.0,-0.4586076693958603,146.0,540.0,7.0,28.0,-22.887165030931452,1.0,47.0,58.0,356.0,5.0,28.0,360.0,18.0,19.075492267793077,0.0,0.0,159.6,206.6,17.0,DEN,1.0,183.1,0.0993,0.3202,0.0064,0.0993,0.3202,0.0064,0.1534,17.0,6.0,21.68,8.0,7.66,7.0,0.0,17.0,0.412,0.0,0.957,11.0,6.0,3.0,5.0,3.76859767518903,28.0,14.0,9.0,7.0,5.222833422414914,39.0,20.0,12.0,12.0,8.99,3.01,,,,,,,4.847722222222219,32.87671232876712,3.072744186046513,-90.76210528686875,-0.6437028743749557,0.3120567375886525,HarvRJ00,146.0,7.0,1.904,1.795,20.86,58.0,5.0,7.0,-0.085,7.66,0.5,0.1207,481.0,0.421,17.0,2001-02-04,2025.0,2.0,60.0,2025,2026,2,69.0,208.0,UCF; Virginia,25.5,False,354,2.959322033898305,0.17231638418079095,1.2429378531073447,0.807909604519774,29,16,4.423728813559322,0.5517241379310345,2.956234245392568,2.952,0.1682,2.592,1.833,20.0,671,0.03427719821162444,0.037,0.2088,2.401,1079,0.593141797961075,17,63.47,0.59,0.41,0.0157,0.0004,0.0835,38.0,59,3.47,23.6,5797.0,5793.0,0.999,5,5,0.002534775558983432,50.0,70.8,63.2,584,456,4,0,157,1,0.007,0.0,0.006,12.153,10.771,9.388,3.412,8.588,204.0,1.013,0.43,6.138,7.574,0.81,3.699,0.483,7.66,12.714,0.059,-0.157,0.329,,92.56,16.42,61,130,fantasypros_ecr,0.0,20.0,32.0,0.292,24.0,0.116,Fairly priced
/nfl/rankings/ppr-cheatsheets.php,redraft-overall,ro,Jaxson Dart,23160,QB,94.7,12.62,63,119,,jaxson-dart.php,,,93.2,,,,,,8.0,Jaxson Dart,2026-08-14,NYG,jaxson dart,23160,00-0040691,fp_id,NYG,NYG,NYG,NYG,NYG,roster_2026,1.0,QB,93,11,QB11,216.0,339.0,2272.0,15.0,5.0,35.0,2773.0,102.0,3.4194322537895676,86.0,487.0,9.0,38.0,38.1240470729286,1.0,0.0,0.0,0.0,0.0,0.0,0.0,0.0,0.0,0.0,0.0,241.58,241.58,14.0,NYG,1.0,241.58,0.0,0.1683,0.0,0.0,0.2092,0.0,0.0,14.0,14.06,26.33,20.12,10.23,8.0,3.0,14.0,0.571,0.214,0.509,0.0,0.0,0.0,0.0,0.0,22.0,12.0,7.0,9.0,4.723871295007523,22.0,12.0,7.0,9.0,4.72,4.28,,,,,,,,,,,,,DartJa00,86.0,0.0,4.895,0.767,,,,,,,,,774.0,0.836,14.0,2003-05-13,2025.0,1.0,25.0,2025,2026,2,74.0,223.0,Mississippi; USC,23.3,False,396,2.9964646464646463,0.14646464646464646,1.0808080808080809,0.44191919191919193,24,15,4.007575757575758,0.625,2.970851609928484,2.974,0.1475,2.714,1.581,16.0,624,0.07692307692307693,0.076,0.2947,2.388,1079,0.5338276181649676,17,63.47,0.494,0.506,-0.0466,0.0356,-0.008,36.0,61,3.59,22.4,5756.0,4159.0,0.723,5,4,0.3758722777586546,56.8,36.8,45.9,503,511,177,3,162,21,0.352,0.006,0.13,17.256,17.256,17.256,0.0,6.143,86.0,2.809,0.312,,,,5.663,,,,0.105,0.443,,,94.7,12.62,63,119,fantasypros_ecr,0.0,13.0,11.0,-0.145,14.0,-0.189,Fairly priced
/nfl/rankings/ppr-cheatsheets.php,redraft-overall,ro,Brock Purdy,19797,QB,97.35,9.37,63,125,,brock-purdy.php,,,86.4,,,,,,8.0,Brock Purdy,2026-08-14,SFO,brock purdy,19797,00-0037834,fp_id,SF,SF,SF,SF,SF,roster_2026,1.0,QB,94,12,QB12,197.0,284.0,2167.0,20.0,10.0,11.0,2158.0,130.0,63.12993911682054,33.0,147.0,3.0,16.0,16.192089706484694,0.0,0.0,0.0,0.0,0.0,0.0,0.0,0.0,0.0,0.0,0.0,177.38,177.38,9.0,SF,1.0,177.38,0.0,0.0686,0.0,0.0,0.1218,0.0,0.0,9.0,16.78,29.96,17.66,10.29,4.0,0.0,9.0,0.444,0.0,0.583,0.0,0.0,0.0,0.0,0.0,7.0,3.0,2.0,3.0,1.290952954635406,7.0,3.0,2.0,3.0,1.29,1.71,,,,,,,,,,,,,PurdBr00,33.0,0.0,3.818,0.636,,,,,,,,,576.0,0.978,9.0,1999-12-27,2022.0,7.0,262.0,2022,2026,5,73.0,220.0,Iowa State,26.6,False,405,2.914567901234568,0.18024691358024691,1.1753086419753087,0.4024691358024691,29,19,3.948148148148148,0.6551724137931034,2.957108820107495,2.906,0.1848,2.349,1.428,23.0,624,0.04326923076923077,0.0428,0.2125,2.547,1065,0.5661971830985916,17,62.65,0.5521,0.4479,-0.0088,-0.0044,0.1587,38.0,66,3.88,25.7,5615.0,4784.0,0.852,5,4,-0.1969656526141422,46.4,74.5,63.3,550,481,170,94,185,38,0.309,0.195,0.205,19.709,19.709,19.709,0.0,3.667,33.0,5.375,0.308,,,,4.455,,,,0.091,0.491,,,97.35,9.37,63,125,fantasypros_ecr,0.0,23.0,12.0,-0.548,6.0,0.197,Slight reach
/nfl/rankings/ppr-cheatsheets.php,redraft-overall,ro,Travis Kelce,11594,TE,98.69,13.65,66,138,,travis-kelce.php,,,88.9,,,,,,5.0,Travis Kelce,2026-08-14,KCC,travis kelce,11594,00-0030506,fp_id,KC,KC,KC,KC,KC,roster_2026,1.0,TE,95,9,TE9,0.0,0.0,0.0,0.0,0.0,0.0,0.0,0.0,0.0,1.0,1.0,0.0,0.0,-1.8751907240366563,0.0,76.0,108.0,851.0,5.0,735.0,424.0,46.0,40.41275376944829,0.0,0.0,117.2,193.20000000000002,17.0,KC,1.0,155.20000000000002,0.1967,0.0023,0.171,0.1967,0.0023,0.171,0.4148,17.0,8.4,17.66,10.1,6.41,4.0,1.0,17.0,0.235,0.059,0.634,12.0,7.0,3.0,5.0,5.096713238421191,1.0,1.0,1.0,0.0,0.2601626016260163,13.0,8.0,4.0,5.0,5.36,-0.36,3.2110720981975143,5.642235294117647,6.313518518518519,16.55216945910386,0.42684288775839985,70.37037037037037,,,,,,,KelcTr00,1.0,0.0,,,,108.0,1.0,7.0,5.645,5.553,6.8,0.0648,902.0,0.819,17.0,1989-10-05,2013.0,3.0,63.0,2013,2026,14,77.0,250.0,Cincinnati,36.9,False,336,3.0196428571428573,0.13392857142857142,0.9583333333333334,0.19642857142857142,48,39,3.7113095238095237,0.8125,2.9061980034779267,3.062,0.1258,2.623,1.591,14.0,686,0.06851311953352769,0.0659,0.2877,2.212,1048,0.6020992366412213,17,61.65,0.5721,0.4279,0.0395,0.0273,0.0399,38.0,63,3.71,21.3,5605.0,4845.0,0.864,5,5,0.8942498700724988,66.2,34.0,50.1,549,430,147,129,166,43,0.268,0.3,0.259,11.365,9.129,6.894,6.353,0.059,109.0,1.772,0.214,7.88,11.197,0.704,,6.806,5.579,1.158,0.046,,0.374,,98.69,13.65,66,138,fantasypros_ecr,0.0,3.0,9.0,0.222,9.0,-0.041,Fairly priced
/nfl/rankings/ppr-cheatsheets.php,redraft-overall,ro,Patrick Mahomes II,16413,QB,101.13,11.7,63,129,,patrick-mahomes.php,,,87.9,,,,,,5.0,Patrick Mahomes,2026-08-14,KCC,patrick mahomes,16413,00-0033873,fp_id,KC,KC,KC,KC,KC,roster_2026,1.0,QB,96,13,QB13,315.0,502.0,3587.0,22.0,11.0,34.0,4050.0,173.0,68.24694077617175,64.0,422.0,5.0,27.0,29.164493967895396,0.0,1.0,1.0,-10.0,0.0,-8.0,-2.0,0.0,-2.5388513491488993,0.0,0.0,284.68,285.68,14.0,KC,1.0,285.18,0.0018,0.1488,-0.0019,0.0021,0.1716,-0.0021,0.0017,14.0,13.2,27.41,22.52,8.0,9.0,0.0,14.0,0.643,0.0,0.355,0.0,0.0,0.0,0.0,0.0038984183559812877,15.0,5.0,2.0,5.0,1.9044511165906957,15.0,5.0,2.0,5.0,1.91,3.09,,,,,,,,,,,,,MahoPa00,64.0,4.0,5.609,0.984,16.0,1.0,0.0,0.0,,,,,934.0,0.974,14.0,1995-09-17,2017.0,1.0,10.0,2017,2026,10,74.0,225.0,Texas Tech,30.9,False,336,3.0196428571428573,0.13392857142857142,0.9583333333333334,0.19642857142857142,48,39,3.7113095238095237,0.8125,2.9061980034779267,3.062,0.1258,2.623,1.591,14.0,686,0.06851311953352769,0.0659,0.2877,2.212,1048,0.6020992366412213,17,61.65,0.5721,0.4279,0.0395,0.0273,0.0399,38.0,63,3.71,21.3,5605.0,4845.0,0.864,5,5,0.8942498700724988,66.2,34.0,50.1,549,430,147,129,166,43,0.268,0.3,0.259,20.406,20.37,20.334,0.071,4.571,65.0,4.395,0.306,,,,6.594,,,,0.077,0.456,-2.539,,101.13,11.7,63,129,fantasypros_ecr,0.0,11.0,13.0,0.014,4.0,0.32,Fairly priced
/nfl/rankings/ppr-cheatsheets.php,redraft-overall,ro,Bo Nix,22910,QB,101.34,9.64,70,125,,bo-nix.php,,,87.2,,,,,,10.0,Bo Nix,2026-08-14,DEN,bo nix,22910,00-0039732,fp_id,DEN,DEN,DEN,DEN,DEN,roster_2026,1.0,QB,97,14,QB14,388.0,612.0,3931.0,25.0,11.0,22.0,4486.0,196.0,63.32275760694129,83.0,356.0,5.0,25.0,8.413744388815456,1.0,0.0,1.0,0.0,0.0,2.0,0.0,0.0,-0.4586076693958603,0.0,0.0,304.84000000000003,304.84000000000003,17.0,DEN,1.0,304.84000000000003,0.0017,0.182,0.0005,0.0017,0.182,0.0005,0.0029,17.0,13.36,24.96,16.44,8.37,6.0,2.0,17.0,0.353,0.118,0.509,1.0,0.0,0.0,0.0,0.14660493827160495,14.0,6.0,1.0,5.0,1.5868218371884526,15.0,6.0,1.0,5.0,1.73,3.27,,,,,,,,,,,,,NixxBo00,83.0,0.0,3.542,0.747,,1.0,0.0,0.0,,,,,1136.0,0.996,17.0,2000-02-25,2024.0,1.0,12.0,2024,2026,3,74.0,217.0,Oregon; Auburn,26.5,False,354,2.959322033898305,0.17231638418079095,1.2429378531073447,0.807909604519774,29,16,4.423728813559322,0.5517241379310345,2.956234245392568,2.952,0.1682,2.592,1.833,20.0,671,0.03427719821162444,0.037,0.2088,2.401,1079,0.593141797961075,17,63.47,0.59,0.41,0.0157,0.0004,0.0835,38.0,59,3.47,23.6,5797.0,5793.0,0.999,5,5,0.002534775558983432,50.0,70.8,63.2,584,456,4,0,157,1,0.007,0.0,0.006,17.932,17.932,17.932,0.059,4.882,84.0,3.629,0.268,,,,4.289,,,,0.06,0.101,-0.459,,101.34,9.64,70,125,fantasypros_ecr,0.0,7.0,14.0,0.224,10.0,0.092,Fairly priced
/nfl/rankings/ppr-cheatsheets.php,redraft-overall,ro,Makai Lemon,25420,WR,101.45,15.64,70,136,,makai-lemon.php,,,82.9,,,,,,10.0,Makai Lemon,2026-08-14,PHI,makai lemon,25420,00-0040867,fp_id,PHI,PHI,PHI,PHI,PHI,roster_2026,3.0,WR,98,43,WR43,,,,,,,,,,,,,,,,,,,,,,,,,,,,,,,,,,,,,,,,,,,,,,,,,,,,,,,,,,,,,,,,,,,,,,,,,,,,,,,,,,,,,,,,,,,,,,2004-06-02,,,,2026,2026,0,71.0,192.0,USC,22.2,True,364,2.776098901098901,0.22252747252747251,1.348901098901099,0.8626373626373627,15,7,4.376373626373627,0.4666666666666667,2.975338302218848,2.749,0.2192,2.6,1.559,33.0,573,0.06108202443280977,0.0577,0.2334,2.491,995,0.5346733668341709,17,58.53,0.5347,0.4653,-0.0248,0.0054,0.0436,39.0,47,2.76,22.3,5320.0,4835.0,0.909,5,5,-0.7945989975117697,35.6,61.6,48.2,464,478,175,12,148,23,0.377,0.025,0.155,,,,,,,,,,,,,,,,,,,Rookie - no 2025 NFL production,101.45,15.64,70,136,fantasypros_ecr,0.0,,43.0,,,,
/nfl/rankings/ppr-cheatsheets.php,redraft-overall,ro,Kenny Gainwell,23310,RB,101.59,14.64,77,156,,kenneth-gainwell.php,,,79.3,,,,,,10.0,Kenny Gainwell,2026-08-14,TBB,kenny gainwell,23310,00-0036919,fp_id,TB,TB,TB,TB,TB,roster_2026,1.0,KR,99,33,RB33,0.0,0.0,0.0,0.0,0.0,0.0,0.0,0.0,0.0,114.0,537.0,5.0,34.0,-0.6565729569410905,0.0,73.0,85.0,486.0,3.0,-17.0,528.0,23.0,3.932619308918184,1.0,0.0,148.3,221.3,17.0,PIT,1.0,184.8,0.1628,0.2801,-0.0054,0.1628,0.2801,-0.0054,0.2404,17.0,6.5,22.84,9.6,9.38,7.0,1.0,17.0,0.412,0.059,0.977,17.0,6.0,1.0,3.0,5.032164432068603,23.0,16.0,9.0,5.0,5.53951973302469,40.0,22.0,10.0,8.0,10.57,-2.57,,,,,,,4.028603351955305,31.57894736842105,3.011181818181818,62.78498936682331,0.5813424941372529,0.42592592592592593,GainKe00,114.0,14.0,2.632,2.079,8.14,85.0,5.0,2.0,-0.575,7.233,-0.2,0.0235,517.0,0.496,17.0,1999-03-14,2021.0,5.0,150.0,2021,2026,6,69.0,200.0,Memphis,27.4,False,398,2.764070351758794,0.18341708542713567,1.0527638190954773,0.42462311557788945,48,34,3.7613065326633164,0.7083333333333334,2.976963633345108,2.736,0.1938,2.699,1.426,31.0,638,0.05956112852664577,0.0571,0.172,2.292,1065,0.564319248826291,17,62.65,0.5148,0.4852,-0.0347,0.0138,-0.0264,41.0,53,3.12,22.4,5692.0,4502.0,0.791,5,4,-0.20250354300156095,46.3,65.4,57.4,541,472,111,138,136,38,0.205,0.292,0.279,13.018,10.871,8.724,5.0,6.706,199.0,1.112,0.428,5.718,6.658,0.859,4.711,-0.2,7.233,-28.588,0.04,-0.006,0.046,,101.59,14.64,77,156,fantasypros_ecr,0.0,16.0,33.0,0.503,20.0,0.327,Slight value
/nfl/rankings/ppr-cheatsheets.php,redraft-overall,ro,J.K. Dobbins,19245,RB,102.06,17.7,72,177,,jk-dobbins.php,,,82.6,,,,,,10.0,JK Dobbins,2026-08-14,DEN,j k dobbins,19245,00-0036158,fp_id,DEN,DEN,DEN,DEN,DEN,roster_2026,1.0,RB,100,34,RB34,0.0,0.0,0.0,0.0,0.0,0.0,0.0,0.0,0.0,153.0,772.0,4.0,37.0,4.184236817905912,0.0,11.0,14.0,37.0,0.0,-30.0,56.0,0.0,-4.985711282643024,0.0,0.0,104.9,115.9,10.0,DEN,1.0,110.4,0.024,0.3355,-0.0068,0.0423,0.5667,-0.0111,0.0557,10.0,9.1,15.36,12.8,4.1,0.0,0.0,10.0,0.0,0.0,0.32,0.0,0.0,0.0,0.0,0.24861294956757843,20.0,11.0,7.0,4.0,4.896929744578504,20.0,11.0,7.0,4.0,5.15,-1.15,,,,,,,3.4600647668393782,36.60130718954248,2.885368055555555,161.0490092350509,1.0808658337922878,0.44966442953020136,DobbJK00,153.0,9.0,2.601,2.444,17.0,14.0,0.0,1.0,-1.727,5.091,-2.1,0.0714,340.0,0.511,10.0,1998-12-17,2020.0,2.0,55.0,2020,2026,7,70.0,215.0,Ohio State,27.7,False,354,2.959322033898305,0.17231638418079095,1.2429378531073447,0.807909604519774,29,16,4.423728813559322,0.5517241379310345,2.956234245392568,2.952,0.1682,2.592,1.833,20.0,671,0.03427719821162444,0.037,0.2088,2.401,1079,0.593141797961075,17,63.47,0.59,0.41,0.0157,0.0004,0.0835,38.0,59,3.47,23.6,5797.0,5793.0,0.999,5,5,0.002534775558983432,50.0,70.8,63.2,584,456,4,0,157,1,0.007,0.0,0.006,11.59,11.04,10.49,1.4,15.3,167.0,0.694,0.341,2.643,3.364,0.786,5.046,-2.143,5.091,-1.233,0.024,0.027,-0.356,,102.06,17.7,72,177,fantasypros_ecr,0.0,42.0,34.0,-0.601,27.0,0.056,Slight reach
/nfl/rankings/ppr-cheatsheets.php,redraft-overall,ro,Jakobi Meyers,18598,WR,102.19,17.8,62,158,,jakobi-meyers.php,,,75.6,,,,,,7.0,Jakobi Meyers,2026-08-14,JAC,jakobi meyers,18598,00-0034960,fp_id,JAX,JAX,JAX,JAX,JAX,roster_2026,3.0,WR,101,44,WR44,0.0,0.0,0.0,0.0,0.0,0.0,0.0,0.0,0.0,5.0,13.0,0.0,1.0,-0.40705584074021317,0.0,75.0,110.0,835.0,3.0,1008.0,282.0,43.0,10.014071694386388,1.0,0.0,100.80000000000001,175.8,16.0,JAX,2.0,138.3,0.1057,0.0058,0.1248,0.2282,0.0112,0.2528,0.5193,16.0,7.72,14.95,9.35,4.35,1.0,0.0,16.0,0.062,0.0,0.466,15.0,6.0,2.0,3.0,4.9996159337747,2.0,1.0,1.0,0.0,0.32057060254488895,17.0,7.0,3.0,3.0,5.32,-2.32,2.73208851411209,6.408333333333333,9.42172727272727,31.79003162469978,0.3350269468008644,68.18181818181817,,,,,,,MeyeJa01,5.0,0.0,,,,110.0,4.0,2.0,7.373,3.76,9.13,0.0182,872.0,0.85,16.0,1996-11-09,,,,2019,2026,8,74.0,200.0,N.C. State,29.8,False,373,2.8525469168900806,0.18498659517426275,1.1099195710455765,0.6836461126005362,30,15,4.131367292225201,0.5,2.9156883624839196,2.885,0.1784,2.219,1.781,22.0,644,0.06366459627329192,0.0647,0.2504,2.395,1074,0.5614525139664804,17,63.18,0.5756,0.4244,0.0164,-0.0041,0.0592,40.0,72,4.24,27.9,5856.0,5856.0,1.0,5,5,-0.5430315206154958,40.2,50.8,44.3,547,489,132,271,198,85,0.241,0.554,0.429,10.988,8.644,6.3,6.875,0.312,115.0,1.529,0.202,7.591,11.133,0.682,,9.164,3.76,0.828,0.026,,0.091,,102.19,17.8,62,158,fantasypros_ecr,0.0,32.0,44.0,0.191,39.0,-0.116,Fairly priced
/nfl/rankings/ppr-cheatsheets.php,redraft-overall,ro,Quentin Johnston,23123,WR,102.53,15.22,62,131,,quentin-johnston.php,,,77.3,,,,,,7.0,Quentin Johnston,2026-08-14,LAC,quentin johnston,23123,00-0038544,fp_id,LAC,LAC,LAC,LAC,LAC,roster_2026,2.0,WR,102,45,WR45,0.0,0.0,0.0,0.0,0.0,0.0,0.0,0.0,0.0,2.0,7.0,0.0,0.0,-0.37045799556653947,0.0,51.0,84.0,735.0,8.0,989.0,221.0,27.0,23.91051853808693,1.0,0.0,120.2,171.2,13.0,LAC,1.0,145.7,0.1544,0.0043,0.2244,0.201,0.0057,0.2899,0.5044,13.0,9.2,21.08,14.8,7.44,3.0,1.0,13.0,0.231,0.077,0.503,15.0,7.0,2.0,8.0,4.555918022533983,0.0,0.0,0.0,0.0,0.012157959814149445,15.0,7.0,2.0,8.0,4.57,3.43,2.3646944838775346,5.252682926829268,12.307738095238097,23.346167308365423,0.751558103025554,60.71428571428571,,,,,,,JohnQu02,2.0,0.0,,,,84.0,5.0,2.0,10.078,4.333,11.8,0.0238,723.0,0.769,14.0,2001-09-06,2023.0,1.0,21.0,2023,2026,4,74.0,208.0,TCU,24.9,False,359,2.713091922005571,0.22841225626740946,1.1253481894150419,0.7465181058495822,36,22,4.066852367688022,0.6111111111111112,2.8910496424917547,2.77,0.2195,2.614,1.822,24.0,681,0.0881057268722467,0.0832,0.3427,2.37,1080,0.5787037037037037,17,63.53,0.579,0.421,0.0064,0.0187,-0.0542,39.0,59,3.47,21.6,5784.0,1183.0,0.205,5,1,-0.5169002070393753,40.7,23.0,26.9,544,466,15,23,152,2,0.028,0.049,0.013,13.169,11.208,9.246,6.462,0.154,86.0,1.991,0.237,8.75,14.412,0.607,,11.774,4.333,0.743,0.093,,0.285,,102.53,15.22,62,131,fantasypros_ecr,0.0,35.0,45.0,0.095,20.0,0.752,Fairly priced
/nfl/rankings/ppr-cheatsheets.php,redraft-overall,ro,Matthew Stafford,9451,QB,104.67,14.0,63,148,,matthew-stafford.php,,,91.0,,,,,,11.0,Matthew Stafford,2026-08-14,LAR,matthew stafford,9451,00-0026498,fp_id,LAR,LAR,LAR,LAR,LAR,roster_2026,1.0,QB,103,15,QB15,388.0,597.0,4707.0,46.0,8.0,23.0,5528.0,236.0,150.45430748211436,29.0,1.0,0.0,0.0,-31.835313609830337,1.0,0.0,0.0,0.0,0.0,0.0,0.0,0.0,0.0,0.0,0.0,350.38,350.38,17.0,LAR,1.0,350.38,0.0,0.0624,0.0,0.0,0.0624,0.0,0.0,17.0,13.6,27.19,22.92,6.98,10.0,0.0,17.0,0.588,0.0,0.305,0.0,0.0,0.0,0.0,0.0,3.0,2.0,1.0,0.0,0.7656102805895924,3.0,2.0,1.0,0.0,0.77,-0.77,,,,,,,,,,,,,StafMa00,29.0,0.0,-0.034,0.069,,,,,,,,,1117.0,0.985,17.0,1988-02-07,2009.0,1.0,1.0,2009,2026,18,75.0,214.0,Georgia,38.5,False,413,3.4554479418886195,0.1234866828087167,1.5084745762711864,0.711864406779661,47,30,4.9491525423728815,0.6382978723404256,2.941767200697229,3.462,0.1266,2.811,1.817,35.0,624,0.03685897435897436,0.0424,0.194,2.396,1056,0.584280303030303,17,62.12,0.6185,0.3815,0.0296,0.0262,0.2292,37.0,76,4.47,30.5,5675.0,5129.0,0.904,5,5,1.462288323590789,76.4,71.5,80.4,581,465,15,0,195,1,0.026,0.0,0.005,20.611,20.611,20.611,0.0,1.706,29.0,12.082,0.314,,,,0.034,,,,0.0,-1.098,,,104.67,14.0,63,148,fantasypros_ecr,0.0,3.0,15.0,0.435,3.0,0.435,Slight value
/nfl/rankings/ppr-cheatsheets.php,redraft-overall,ro,George Kittle,16499,TE,105.31,21.17,73,229,,george-kittle.php,,,89.6,,,,,,8.0,George Kittle,2026-08-14,SFO,george kittle,16499,00-0033288,fp_id,SF,SF,SF,SF,SF,roster_2026,1.0,TE,104,10,TE10,0.0,0.0,0.0,0.0,0.0,0.0,0.0,0.0,0.0,1.0,-3.0,0.0,0.0,-0.9897125085117295,0.0,57.0,69.0,628.0,7.0,460.0,252.0,38.0,46.32006312680379,0.0,0.0,104.5,161.5,11.0,SF,1.0,133.0,0.1255,0.0021,0.1114,0.2163,0.0031,0.191,0.4582,11.0,9.3,23.95,13.8,8.26,5.0,1.0,11.0,0.455,0.091,0.599,13.0,5.0,3.0,7.0,4.358596692390439,1.0,0.0,0.0,0.0,0.04467912266450041,14.0,5.0,3.0,7.0,4.4,2.6,3.6455113598778652,5.138679245283019,6.953913043478261,11.761562521448392,0.892990684542919,82.6086956521739,,,,,,,KittGe00,1.0,0.0,,,,69.0,2.0,1.0,6.596,4.421,6.7,0.0145,554.0,0.812,11.0,1993-10-09,2017.0,5.0,146.0,2017,2026,10,76.0,250.0,Iowa,32.9,False,405,2.914567901234568,0.18024691358024691,1.1753086419753087,0.4024691358024691,29,19,3.948148148148148,0.6551724137931034,2.957108820107495,2.906,0.1848,2.349,1.428,23.0,624,0.04326923076923077,0.0428,0.2125,2.547,1065,0.5661971830985916,17,62.65,0.5521,0.4479,-0.0088,-0.0044,0.1587,38.0,66,3.88,25.7,5615.0,4784.0,0.852,5,4,-0.1969656526141422,46.4,74.5,63.3,550,481,170,94,185,38,0.309,0.195,0.205,14.682,12.091,9.5,6.273,0.091,70.0,2.307,0.292,9.101,11.018,0.826,,6.667,4.421,1.365,0.1,,0.671,,105.31,21.17,73,229,fantasypros_ecr,0.0,13.0,10.0,-0.18,3.0,0.257,Fairly priced
/nfl/rankings/ppr-cheatsheets.php,redraft-overall,ro,Kyle Monangai,27131,RB,106.05,13.88,78,156,,kyle-monangai.php,,,81.7,,,,,,10.0,Kyle Monangai,2026-08-14,CHI,kyle monangai,27131,00-0040236,fp_id,CHI,CHI,CHI,CHI,CHI,roster_2026,2.0,RB,105,35,RB35,0.0,0.0,0.0,0.0,0.0,0.0,0.0,0.0,0.0,169.0,783.0,5.0,40.0,3.6714812355933244,0.0,18.0,30.0,164.0,0.0,2.0,162.0,7.0,-7.266987946189103,0.0,0.0,128.7,146.7,17.0,CHI,1.0,137.7,0.0564,0.3347,0.0004,0.0564,0.3347,0.0004,0.0849,17.0,3.3,15.36,7.7,6.28,3.0,2.0,17.0,0.176,0.118,0.816,3.0,1.0,0.0,0.0,1.1838466868648987,36.0,19.0,10.0,5.0,6.318132400242228,39.0,20.0,10.0,5.0,7.5,-2.5,,,,,,,3.5214942528735627,18.93491124260355,2.587894736842107,47.485956437526056,0.28954851486296374,0.40853658536585363,MonaKy00,169.0,5.0,2.716,1.917,33.8,30.0,3.0,6.0,0.111,9.0,-0.3,0.2,478.0,0.409,17.0,2002-06-06,2025.0,7.0,233.0,2025,2026,2,68.0,207.0,Rutgers,24.2,False,400,3.37625,0.13,1.5225,0.63,34,27,4.805,0.7941176470588235,2.987690086425477,3.337,0.1354,3.125,1.739,26.0,640,0.0375,0.0358,0.2787,2.496,1096,0.5474452554744526,17,64.47,0.5233,0.4767,-0.039,0.0786,0.0802,37.0,58,3.41,25.9,5814.0,4660.0,0.802,5,4,1.6751810081057914,80.3,61.1,76.3,532,505,161,20,163,26,0.303,0.04,0.16,8.629,8.1,7.571,1.765,9.941,199.0,0.737,0.307,5.467,9.111,0.6,4.633,0.067,9.0,82.0,0.025,0.022,-0.242,,106.05,13.88,78,156,fantasypros_ecr,0.0,29.0,35.0,0.004,39.0,-0.435,Fairly priced
/nfl/rankings/ppr-cheatsheets.php,redraft-overall,ro,Jonathon Brooks,26148,RB,106.31,31.34,67,243,,jonathon-brooks.php,,,74.0,,,,,4.0,5.0,Jonathon Brooks,2026-08-14,CAR,jonathon brooks,26148,00-0039344,fp_id,CAR,CAR,CAR,CAR,CAR,roster_2026,2.0,RB,106,36,RB36,,,,,,,,,,,,,,,,,,,,,,,,,,,,,,,,,,,,,,,,,,,,,,,,,,,,,,,,,,,,,,,,,,,,,,,,,,,,,,,,,,,,,,,,,,,,,,2003-07-21,2024.0,2.0,46.0,2024,2026,3,72.0,216.0,Texas,23.1,False,391,3.167007672634271,0.13810741687979539,1.1585677749360614,0.5345268542199488,29,20,4.29923273657289,0.6896551724137931,2.936153855960689,3.179,0.1391,2.49,1.798,18.0,582,0.06013745704467354,0.0629,0.2718,2.4,996,0.5532128514056225,17,58.59,0.5106,0.4894,-0.061,-0.0262,-0.0498,39.0,48,2.82,18.3,5317.0,3170.0,0.596,5,3,0.7242481938282351,63.1,47.3,56.6,480,461,50,242,136,40,0.104,0.525,0.294,,,,,,0.0,,,,,,,,,,,,,No 2025 regular-season production - missed season,106.31,31.34,67,243,fantasypros_ecr,0.0,,36.0,,,,
/nfl/rankings/ppr-cheatsheets.php,redraft-overall,ro,Jared Goff,15501,QB,106.71,11.25,59,124,,jared-goff.php,,,74.7,,,,,,6.0,Jared Goff,2026-08-14,DET,jared goff,15501,00-0033106,fp_id,DET,DET,DET,DET,DET,roster_2026,1.0,QB,107,16,QB16,393.0,578.0,4564.0,34.0,8.0,38.0,3715.0,223.0,106.46015123964267,19.0,45.0,0.0,5.0,-14.424143070451017,2.0,0.0,0.0,0.0,0.0,0.0,0.0,0.0,0.0,0.0,0.0,297.06,297.06,17.0,DET,1.0,297.06,0.0,0.043,0.0,0.0,0.043,0.0,0.0,17.0,12.68,25.23,16.82,7.52,7.0,1.0,17.0,0.412,0.059,0.447,0.0,0.0,0.0,0.0,0.0,1.0,1.0,0.0,0.0,0.19442333264667896,1.0,1.0,0.0,0.0,0.19,-0.19,,,,,,,,,,,,,GoffJa00,19.0,0.0,,,,,,,,,,,1083.0,0.985,17.0,1994-10-14,2016.0,1.0,1.0,2016,2026,11,76.0,217.0,California,31.8,False,407,2.8449631449631454,0.17444717444717445,1.230958230958231,1.3022113022113022,31,20,4.8108108108108105,0.6451612903225806,2.997145152771477,2.796,0.1795,2.844,1.774,23.0,624,0.0625,0.0608,0.2646,2.297,1051,0.5889628924833492,17,61.82,0.5469,0.4531,-0.0456,-0.0408,0.1681,38.0,65,3.82,28.3,5583.0,2910.0,0.521,5,3,-0.0015935740283760658,50.0,44.8,46.7,550,442,79,167,179,45,0.144,0.378,0.251,17.474,17.474,17.474,0.0,1.118,19.0,15.635,0.274,,,,,,,,0.0,,,,106.71,11.25,59,124,fantasypros_ecr,0.0,9.0,16.0,0.207,12.0,0.076,Fairly priced
/nfl/rankings/ppr-cheatsheets.php,redraft-overall,ro,Jordan Addison,23107,WR,108.59,14.13,68,149,,jordan-addison.php,,,79.2,,,,,,6.0,Jordan Addison,2026-08-14,MIN,jordan addison,23107,00-0038994,fp_id,MIN,MIN,MIN,MIN,MIN,roster_2026,2.0,WR,108,46,WR46,0.0,0.0,0.0,0.0,0.0,0.0,0.0,0.0,0.0,2.0,81.0,1.0,2.0,7.7909535416984,0.0,42.0,79.0,610.0,3.0,1083.0,139.0,26.0,13.98937148091309,0.0,0.0,93.10000000000001,135.1,14.0,MIN,1.0,114.1,0.1688,0.0049,0.2907,0.196,0.006,0.3417,0.5332,14.0,6.98,15.12,9.3,5.66,1.0,1.0,14.0,0.071,0.071,0.609,13.0,5.0,3.0,3.0,4.4690402671241,0.0,0.0,0.0,1.0,0.019543812922313823,13.0,5.0,3.0,4.0,4.49,-0.49,2.867290530063287,7.27987012987013,14.401518987341772,29.910561710316692,0.6265016269309078,53.16455696202531,,,,,,,AddiJo00,2.0,1.0,,,,79.0,1.0,6.0,11.238,3.286,13.7,0.0759,714.0,0.851,14.0,2002-01-27,2023.0,1.0,23.0,2023,2026,4,71.0,179.0,USC; Pittsburgh,24.6,False,348,3.0678160919540227,0.16091954022988506,1.2701149425287357,0.5488505747126436,30,21,4.2844827586206895,0.7,3.0555950650203525,2.961,0.1751,2.441,2.049,27.0,571,0.10507880910683012,0.1028,0.3037,2.429,943,0.5800636267232238,17,55.47,0.5369,0.4631,-0.012,-0.0149,-0.1883,39.0,53,3.12,20.2,5009.0,4102.0,0.819,5,5,0.10048516062954754,51.8,26.2,36.0,468,410,82,24,131,17,0.175,0.059,0.13,9.65,8.15,6.65,5.643,0.143,81.0,1.668,0.189,7.722,14.524,0.532,,13.709,3.31,0.563,0.049,,0.177,,108.59,14.13,68,149,fantasypros_ecr,0.0,44.0,46.0,-0.264,49.0,-0.483,Fairly priced
/nfl/rankings/ppr-cheatsheets.php,redraft-overall,ro,Rachaad White,23891,RB,108.98,14.86,75,141,,rachaad-white.php,,,74.0,,,,,,7.0,Rachaad White,2026-08-14,WAS,rachaad white,23891,00-0037256,fp_id,WAS,WAS,WAS,WAS,WAS,roster_2026,2.0,RB,109,37,RB37,0.0,0.0,0.0,0.0,0.0,0.0,0.0,0.0,0.0,132.0,572.0,4.0,37.0,10.428743410305238,0.0,40.0,45.0,218.0,0.0,-102.0,329.0,10.0,-1.8114817599400306,0.0,0.0,103.0,143.0,17.0,TB,1.0,123.0,0.0832,0.2797,-0.0235,0.0832,0.2797,-0.0235,0.1084,17.0,5.2,12.92,8.0,5.5,2.0,1.0,17.0,0.118,0.059,0.687,10.0,1.0,0.0,0.0,2.227534142394259,18.0,9.0,8.0,4.0,5.197803179110725,28.0,10.0,8.0,4.0,7.43,-3.43,,,,,,,3.5456643356643363,20.454545454545457,2.738070866141733,-28.327290243606285,-0.22304952947721485,0.3543307086614173,WhitRa01,132.0,9.0,2.826,1.508,14.67,45.0,4.0,0.0,-2.775,8.225,-2.3,0.0,574.0,0.511,17.0,1999-01-12,2022.0,3.0,91.0,2022,2026,5,72.0,214.0,Arizona State; Mt. San Antonio; Kearney State,27.6,False,345,3.0182608695652173,0.16521739130434782,1.272463768115942,0.8521739130434782,31,17,4.547826086956522,0.5483870967741935,2.968561425726617,2.998,0.1651,2.512,2.219,38.0,564,0.06560283687943262,0.0606,0.2217,2.36,979,0.5148110316649642,17,57.59,0.4747,0.5253,-0.0427,0.0192,-0.0055,38.0,50,2.94,20.9,5375.0,3794.0,0.706,5,4,0.03687914342290299,50.7,56.8,54.8,432,484,138,142,138,56,0.319,0.293,0.406,8.412,7.235,6.059,2.647,7.765,177.0,0.808,0.249,4.844,5.45,0.889,4.333,-2.267,8.225,-2.137,0.023,0.079,-0.04,,108.98,14.86,75,141,fantasypros_ecr,0.0,31.0,37.0,-0.013,41.0,-0.452,Fairly priced
/nfl/rankings/ppr-cheatsheets.php,redraft-overall,ro,Jayden Reed,23020,WR,109.66,13.54,76,149,,jayden-reed.php,,,75.3,,,,,,11.0,Jayden Reed,2026-08-14,GBP,jayden reed,23020,00-0039146,fp_id,GB,GB,GB,GB,GB,roster_2026,2.0,WR,110,47,WR47,0.0,0.0,0.0,0.0,0.0,0.0,0.0,0.0,0.0,3.0,28.0,0.0,1.0,1.411399862729013,0.0,19.0,22.0,207.0,1.0,179.0,85.0,8.0,11.54951262965493,0.0,0.0,29.5,48.5,5.0,GB,1.0,39.0,0.0478,0.0061,0.0438,0.1692,0.0227,0.1287,0.3439,5.0,8.1,11.7,9.3,2.48,0.0,0.0,5.0,0.0,0.0,0.266,4.0,0.0,0.0,1.0,0.7962057549827898,0.0,0.0,0.0,0.0,0.010712755320668475,4.0,0.0,0.0,1.0,0.81,0.19,,,,,,,,,,,,,ReedJa03,3.0,1.0,,,,22.0,2.0,1.0,6.421,4.474,8.1,0.0455,169.0,0.411,7.0,2000-04-28,2023.0,2.0,50.0,2023,2026,4,71.0,187.0,Michigan State; Western Michigan,26.3,False,386,2.972279792746114,0.15544041450777202,1.1269430051813472,0.3911917098445596,43,26,3.966321243523316,0.6046511627906976,3.01595136627878,2.905,0.1629,2.199,1.941,30.0,552,0.05253623188405797,0.0493,0.2454,2.41,993,0.5226586102719033,17,58.41,0.5063,0.4937,-0.0441,-0.0102,0.229,39.0,59,3.47,23.0,5321.0,3745.0,0.704,5,4,-0.26169708218232307,45.3,58.7,52.5,460,492,155,148,161,52,0.337,0.301,0.323,9.7,7.8,5.9,4.4,0.6,25.0,1.94,0.287,9.409,10.895,0.864,,8.136,4.474,1.156,0.04,,0.525,,109.66,13.54,76,149,fantasypros_ecr,0.0,83.0,47.0,-1.938,48.0,-0.404,Overpriced
/nfl/rankings/ppr-cheatsheets.php,redraft-overall,ro,Stefon Diggs,13981,WR,111.6,38.04,60,223,,stefon-diggs.php,,,69.5,,,,,22.0,7.0,Stefon Diggs,2026-08-14,WAS,stefon diggs,13981,00-0031588,fp_id,,WAS,WAS,WAS,WAS,depth_chart_2026,2.0,WR,111,48,WR48,0.0,0.0,0.0,0.0,0.0,0.0,0.0,0.0,0.0,0.0,0.0,0.0,0.0,0.0,0.0,85.0,102.0,1013.0,4.0,871.0,354.0,51.0,70.37037388862552,0.0,0.0,125.30000000000001,210.3,17.0,NE,1.0,167.8,0.2116,0.0,0.1946,0.2116,0.0,0.1946,0.4536,17.0,5.8,21.06,11.7,6.81,4.0,0.0,17.0,0.235,0.0,0.582,12.0,7.0,4.0,4.0,4.933712978870734,0.0,0.0,0.0,0.0,0.0,12.0,7.0,4.0,4.0,4.93,-0.93,3.0207758245932177,5.835773195876288,8.530098039215687,19.759274188969766,0.8458535333886728,83.33333333333334,,,,,,,DiggSt00,,,,,,102.0,2.0,3.0,7.753,4.165,8.5,0.0294,587.0,0.538,17.0,1993-11-29,2015.0,5.0,146.0,2015,2026,12,72.0,191.0,Maryland,32.7,False,345,3.0182608695652173,0.16521739130434782,1.272463768115942,0.8521739130434782,31,17,4.547826086956522,0.5483870967741935,2.968561425726617,2.998,0.1651,2.512,2.219,38.0,564,0.06560283687943262,0.0606,0.2217,2.36,979,0.5148110316649642,17,57.59,0.4747,0.5253,-0.0427,0.0192,-0.0055,38.0,50,2.94,20.9,5375.0,3794.0,0.706,5,4,0.03687914342290299,50.7,56.8,54.8,432,484,138,142,138,56,0.319,0.293,0.406,12.371,9.871,7.371,6.0,0.0,102.0,2.062,0.358,9.931,11.918,0.833,,8.539,4.165,1.163,0.039,,0.69,,111.6,38.04,60,223,fantasypros_ecr,0.0,17.0,48.0,0.99,26.0,0.595,Slight value
/nfl/rankings/ppr-cheatsheets.php,redraft-overall,ro,Blake Corum,23013,RB,112.83,13.44,84,145,,blake-corum.php,,,79.7,,,,,,11.0,Blake Corum,2026-08-14,LAR,blake corum,23013,00-0039738,fp_id,LAR,LAR,LAR,LAR,LAR,roster_2026,2.0,RB,112,38,RB38,0.0,0.0,0.0,0.0,0.0,0.0,0.0,0.0,0.0,145.0,746.0,6.0,44.0,15.928533232799964,0.0,8.0,14.0,36.0,0.0,25.0,37.0,2.0,-5.868113433069084,0.0,0.0,114.2,122.2,17.0,LAR,1.0,118.2,0.0241,0.3118,0.0046,0.0241,0.3118,0.0046,0.0394,17.0,2.4,13.1,5.3,6.49,1.0,5.0,17.0,0.059,0.294,1.225,1.0,0.0,0.0,0.0,0.26874376807320993,27.0,16.0,13.0,6.0,7.018902211154545,28.0,16.0,13.0,6.0,7.29,-1.29,,,,,,,3.4556166219839133,21.379310344827587,2.750044444444445,123.00612634455297,0.8542092107260623,0.4375,CoruBl00,145.0,12.0,3.51,1.634,12.08,14.0,0.0,3.0,-0.125,4.625,2.1,0.2143,332.0,0.291,17.0,2000-11-25,2024.0,3.0,83.0,2024,2026,3,68.0,202.0,Michigan,25.7,False,413,3.4554479418886195,0.1234866828087167,1.5084745762711864,0.711864406779661,47,30,4.9491525423728815,0.6382978723404256,2.941767200697229,3.462,0.1266,2.811,1.817,35.0,624,0.03685897435897436,0.0424,0.194,2.396,1056,0.584280303030303,17,62.12,0.6185,0.3815,0.0296,0.0262,0.2292,37.0,76,4.47,30.5,5675.0,5129.0,0.904,5,5,1.462288323590789,76.4,71.5,80.4,581,465,15,0,195,1,0.026,0.0,0.005,7.188,6.953,6.718,0.824,8.529,159.0,0.769,0.368,2.571,4.5,0.571,5.145,1.786,4.625,1.44,0.038,0.11,-0.419,,112.83,13.44,84,145,fantasypros_ecr,0.0,39.0,38.0,-0.328,47.0,-0.679,Fairly priced
/nfl/rankings/ppr-cheatsheets.php,redraft-overall,ro,Kyler Murray,18600,QB,113.28,9.12,92,134,,kyler-murray.php,,,66.0,,,,,,6.0,Kyler Murray,2026-08-14,MIN,kyler murray,18600,00-0035228,fp_id,MIN,MIN,MIN,MIN,MIN,roster_2026,1.0,QB,113,17,QB17,110.0,161.0,962.0,6.0,3.0,16.0,941.0,50.0,5.72059112573841,29.0,173.0,1.0,10.0,4.088747776171658,1.0,0.0,0.0,0.0,0.0,0.0,0.0,0.0,0.0,0.0,0.0,77.78,77.78,5.0,ARI,1.0,77.78,0.0,0.0792,0.0,0.0,0.2358,0.0,0.0,5.0,14.06,16.99,15.3,1.78,0.0,0.0,5.0,0.0,0.0,0.116,0.0,0.0,0.0,0.0,0.0,4.0,2.0,1.0,1.0,0.6364357514089065,4.0,2.0,1.0,1.0,0.64,0.36,,,,,,,,,,,,,MurrKy00,29.0,2.0,4.483,1.483,14.5,,,,,,,,318.0,0.988,5.0,1997-08-07,2019.0,1.0,1.0,2019,2026,8,70.0,207.0,Oklahoma; Texas A&M,29.0,False,348,3.0678160919540227,0.16091954022988506,1.2701149425287357,0.5488505747126436,30,21,4.2844827586206895,0.7,3.0555950650203525,2.961,0.1751,2.441,2.049,27.0,571,0.10507880910683012,0.1028,0.3037,2.429,943,0.5800636267232238,17,55.47,0.5369,0.4631,-0.012,-0.0149,-0.1883,39.0,53,3.12,20.2,5009.0,4102.0,0.819,5,5,0.10048516062954754,51.8,26.2,36.0,468,410,82,24,131,17,0.175,0.059,0.13,15.556,15.556,15.556,0.0,5.8,29.0,2.682,0.245,,,,5.966,,,,0.034,0.141,,,113.28,9.12,92,134,fantasypros_ecr,0.0,29.0,17.0,-0.634,21.0,-0.283,Slight reach
/nfl/rankings/ppr-cheatsheets.php,redraft-overall,ro,Jake Ferguson,22718,TE,113.4,15.91,73,160,,jake-ferguson.php,,,85.5,,,,,,14.0,Jake Ferguson,2026-08-14,DAL,jake ferguson,22718,00-0038041,fp_id,DAL,DAL,DAL,DAL,DAL,roster_2026,1.0,TE,114,11,TE11,0.0,0.0,0.0,0.0,0.0,0.0,0.0,0.0,0.0,1.0,1.0,0.0,0.0,-0.6943626506254077,0.0,82.0,102.0,600.0,8.0,475.0,307.0,30.0,19.060186915451013,2.0,0.0,106.10000000000001,188.1,17.0,DAL,1.0,147.1,0.168,0.0022,0.0964,0.168,0.0022,0.0964,0.3195,17.0,7.3,19.52,10.8,7.09,5.0,2.0,17.0,0.294,0.118,0.656,24.0,13.0,8.0,8.0,8.060455745447783,0.0,0.0,0.0,0.0,0.0035709184402228254,24.0,13.0,8.0,8.0,8.06,-0.06,3.3069435180725164,5.874533333333333,4.8510784313725495,9.764920410007855,0.18055357177799713,80.3921568627451,,,,,,,FergJa00,1.0,0.0,,,,102.0,6.0,2.0,3.573,3.744,4.7,0.0196,786.0,0.667,17.0,1999-01-18,2022.0,4.0,129.0,2022,2026,5,77.0,250.0,Wisconsin,27.6,False,383,3.1652741514360314,0.13054830287206268,1.2558746736292428,0.8459530026109661,34,24,4.663185378590079,0.7058823529411765,3.0401662544448724,3.074,0.1352,2.563,2.03,33.0,681,0.04552129221732746,0.044,0.2356,2.396,1104,0.5932971014492754,17,64.94,0.5628,0.4372,-0.0098,0.005,0.1615,36.0,65,3.82,27.7,5938.0,5037.0,0.848,5,5,0.6426441330126125,61.6,62.2,65.1,607,465,34,0,187,4,0.056,0.0,0.021,11.065,8.653,6.241,6.0,0.059,103.0,1.826,0.239,5.882,7.317,0.804,,4.657,3.744,1.263,0.078,,0.187,,113.4,15.91,73,160,fantasypros_ecr,0.0,5.0,11.0,0.206,11.0,-0.058,Fairly priced
/nfl/rankings/ppr-cheatsheets.php,redraft-overall,ro,Aaron Jones Sr.,16673,RB,113.67,13.47,77,141,,aaron-jones.php,,,76.9,,,,,,6.0,Aaron Jones,2026-08-14,MIN,aaron jones,16673,00-0033293,fp_id,MIN,MIN,MIN,MIN,MIN,roster_2026,1.0,RB,115,39,RB39,0.0,0.0,0.0,0.0,0.0,0.0,0.0,0.0,0.0,132.0,548.0,2.0,28.0,-2.374720258308603,0.0,28.0,41.0,199.0,1.0,-25.0,227.0,9.0,-7.550731344502498,1.0,0.0,90.7,118.7,12.0,MIN,1.0,104.7,0.0876,0.322,-0.0067,0.1376,0.4681,-0.0106,0.199,12.0,6.95,15.44,10.3,4.51,2.0,1.0,12.0,0.167,0.083,0.438,5.0,0.0,0.0,1.0,1.285085329137726,14.0,6.0,3.0,2.0,2.524673845125371,19.0,6.0,3.0,3.0,3.81,-0.81,,,,,,,3.9162226277372256,25.0,2.8967377049180323,-15.265472400994668,-0.1183369953565478,0.35658914728682173,JoneAa00,132.0,5.0,2.379,1.773,26.4,41.0,0.0,2.0,-1.0,8.107,-0.5,0.0488,366.0,0.551,12.0,1994-12-02,2017.0,5.0,182.0,2017,2026,10,69.0,208.0,Texas-El Paso,31.7,False,348,3.0678160919540227,0.16091954022988506,1.2701149425287357,0.5488505747126436,30,21,4.2844827586206895,0.7,3.0555950650203525,2.961,0.1751,2.441,2.049,27.0,571,0.10507880910683012,0.1028,0.3037,2.429,943,0.5800636267232238,17,55.47,0.5369,0.4631,-0.012,-0.0149,-0.1883,39.0,53,3.12,20.2,5009.0,4102.0,0.819,5,5,0.10048516062954754,51.8,26.2,36.0,468,410,82,24,131,17,0.175,0.059,0.13,9.892,8.725,7.558,3.417,11.0,173.0,0.686,0.324,4.854,7.107,0.683,4.152,-0.61,8.107,-7.96,0.017,-0.018,-0.184,,113.67,13.47,77,141,fantasypros_ecr,0.0,40.0,39.0,-0.337,33.0,-0.03,Fairly priced
/nfl/rankings/ppr-cheatsheets.php,redraft-overall,ro,Dalton Kincaid,25247,TE,114.64,14.17,95,155,,dalton-kincaid.php,,,80.0,,,,,,7.0,Dalton Kincaid,2026-08-14,BUF,dalton kincaid,25247,00-0038933,fp_id,BUF,BUF,BUF,BUF,BUF,roster_2026,1.0,TE,116,12,TE12,0.0,0.0,0.0,0.0,0.0,0.0,0.0,0.0,0.0,0.0,0.0,0.0,0.0,0.0,0.0,39.0,49.0,571.0,5.0,465.0,259.0,27.0,39.38840316268242,0.0,0.0,87.10000000000001,126.10000000000001,12.0,BUF,1.0,106.60000000000001,0.1023,0.0,0.1332,0.1463,0.0,0.1931,0.3546,12.0,6.22,17.08,8.8,6.56,3.0,1.0,12.0,0.25,0.083,0.746,8.0,4.0,1.0,5.0,2.5547218610177653,0.0,0.0,0.0,0.0,0.0,8.0,4.0,1.0,5.0,2.55,2.45,3.4208099131570937,5.967631578947369,9.091020408163265,12.98838375591892,1.0236710119521906,79.59183673469387,,,,,,,KincDa00,,,,,,49.0,1.0,1.0,8.0,6.641,9.5,0.0204,302.0,0.374,12.0,1999-10-18,2023.0,1.0,25.0,2023,2026,4,75.0,246.0,Utah; Univ of California-San Diego,26.8,False,419,3.3665871121718376,0.12649164677804295,1.4463007159904535,0.8973747016706444,37,20,5.011933174224343,0.5405405405405406,2.9181796059011273,3.397,0.1265,2.905,2.057,35.0,584,0.0684931506849315,0.0702,0.2,2.507,1065,0.5098591549295775,17,62.65,0.5028,0.4972,-0.0352,0.1102,0.1599,40.0,68,4.0,28.3,5677.0,4330.0,0.763,5,4,1.261941935282192,72.8,64.4,73.6,479,547,19,17,180,2,0.04,0.031,0.011,10.508,8.883,7.258,4.083,0.0,49.0,2.573,0.418,11.653,14.641,0.796,,9.49,6.641,1.228,0.102,,0.804,,114.64,14.17,95,155,fantasypros_ecr,0.0,18.0,12.0,-0.329,14.0,-0.154,Fairly priced
/nfl/rankings/ppr-cheatsheets.php,redraft-overall,ro,Isaiah Likely,23781,TE,116.67,25.51,85,229,,isaiah-likely.php,,,82.0,,,,,,8.0,Isaiah Likely,2026-08-14,NYG,isaiah likely,23781,00-0037838,fp_id,NYG,NYG,NYG,NYG,NYG,roster_2026,1.0,TE,117,13,TE13,0.0,0.0,0.0,0.0,0.0,0.0,0.0,0.0,0.0,0.0,0.0,0.0,0.0,0.0,0.0,27.0,36.0,307.0,1.0,287.0,117.0,11.0,5.395420267448534,1.0,0.0,34.7,61.7,12.0,BAL,1.0,48.2,0.0885,0.0,0.085,0.1241,0.0,0.1211,0.2709,12.0,2.5,10.22,3.6,4.1,0.0,1.0,12.0,0.0,0.083,1.14,6.0,2.0,2.0,1.0,2.069446870313821,0.0,0.0,0.0,0.0,0.0,6.0,2.0,2.0,1.0,2.07,-1.07,,,,,,,,,,,,,LikeIs00,,,,,,36.0,1.0,1.0,7.037,4.333,8.0,0.0278,487.0,0.559,14.0,2000-04-18,2022.0,4.0,139.0,2022,2026,5,76.0,245.0,Coastal Carolina,26.3,False,396,2.9964646464646463,0.14646464646464646,1.0808080808080809,0.44191919191919193,24,15,4.007575757575758,0.625,2.970851609928484,2.974,0.1475,2.714,1.581,16.0,624,0.07692307692307693,0.076,0.2947,2.388,1079,0.5338276181649676,17,63.47,0.494,0.506,-0.0466,0.0356,-0.008,36.0,61,3.59,22.4,5756.0,4159.0,0.723,5,4,0.3758722777586546,56.8,36.8,45.9,503,511,177,3,162,21,0.352,0.006,0.13,5.142,4.017,2.892,3.0,0.0,36.0,1.714,0.127,8.528,11.37,0.75,,7.972,4.333,1.07,0.028,,0.15,,116.67,25.51,85,229,fantasypros_ecr,0.0,31.0,13.0,-0.863,31.0,-0.863,Slight reach
/nfl/rankings/ppr-cheatsheets.php,redraft-overall,ro,Baker Mayfield,17237,QB,117.48,9.55,74,136,,baker-mayfield.php,,,58.1,,,,,,10.0,Baker Mayfield,2026-08-14,TBB,baker mayfield,17237,00-0034855,fp_id,TB,TB,TB,TB,TB,roster_2026,1.0,QB,118,18,QB18,343.0,543.0,3693.0,26.0,11.0,36.0,4406.0,172.0,0.6775508272753221,55.0,382.0,1.0,27.0,35.721468872510776,0.0,0.0,0.0,0.0,0.0,0.0,0.0,0.0,0.0,0.0,0.0,271.92,271.92,17.0,TB,1.0,271.92,0.0,0.1165,0.0,0.0,0.1165,0.0,0.0,17.0,12.7,21.51,17.44,6.24,8.0,2.0,17.0,0.471,0.118,0.358,0.0,0.0,0.0,0.0,0.0,4.0,1.0,1.0,1.0,0.7346090909314695,4.0,1.0,1.0,1.0,0.73,0.27,,,,,,,,,,,,,MayfBa00,55.0,7.0,5.109,1.836,7.86,,,,,,,,1099.0,0.971,17.0,1995-04-14,2018.0,1.0,1.0,2018,2026,9,73.0,215.0,Oklahoma; Texas Tech,31.3,False,398,2.764070351758794,0.18341708542713567,1.0527638190954773,0.42462311557788945,48,34,3.7613065326633164,0.7083333333333334,2.976963633345108,2.736,0.1938,2.699,1.426,31.0,638,0.05956112852664577,0.0571,0.172,2.292,1065,0.564319248826291,17,62.65,0.5148,0.4852,-0.0347,0.0138,-0.0264,41.0,53,3.12,22.4,5692.0,4502.0,0.791,5,4,-0.20250354300156095,46.3,65.4,57.4,541,472,111,138,136,38,0.205,0.292,0.279,15.995,15.995,15.995,0.0,3.235,55.0,4.944,0.247,,,,6.945,,,,0.018,0.649,,,117.48,9.55,74,136,fantasypros_ecr,0.0,12.0,18.0,0.147,19.0,-0.16,Fairly priced
/nfl/rankings/ppr-cheatsheets.php,redraft-overall,ro,Jordan Love,19246,QB,119.28,9.6,92,145,,jordan-love.php,,,54.1,,,,,,11.0,Jordan Love,2026-08-14,GBP,jordan love,19246,00-0036264,fp_id,GB,GB,GB,GB,GB,roster_2026,1.0,QB,119,19,QB19,291.0,439.0,3381.0,23.0,6.0,21.0,3871.0,159.0,110.6112878329032,47.0,199.0,0.0,14.0,12.338995846435106,0.0,0.0,0.0,0.0,0.0,0.0,0.0,0.0,0.0,0.0,0.0,235.14,235.14,15.0,GB,1.0,235.14,0.0,0.0955,0.0,0.0,0.1068,0.0,0.0,15.0,10.07,25.27,14.96,7.41,6.0,1.0,15.0,0.4,0.067,0.495,0.0,0.0,0.0,0.0,0.0,6.0,3.0,2.0,0.0,1.0078154463870304,6.0,3.0,2.0,0.0,1.01,-1.01,,,,,,,,,,,,,LoveJo03,47.0,2.0,3.149,1.085,23.5,,,,,,,,894.0,0.943,15.0,1998-11-02,2020.0,1.0,26.0,2020,2026,7,76.0,219.0,Utah State,27.8,False,386,2.972279792746114,0.15544041450777202,1.1269430051813472,0.3911917098445596,43,26,3.966321243523316,0.6046511627906976,3.01595136627878,2.905,0.1629,2.199,1.941,30.0,552,0.05253623188405797,0.0493,0.2454,2.41,993,0.5226586102719033,17,58.41,0.5063,0.4937,-0.0441,-0.0102,0.229,39.0,59,3.47,23.0,5321.0,3745.0,0.704,5,4,-0.26169708218232307,45.3,58.7,52.5,460,492,155,148,161,52,0.337,0.301,0.323,15.676,15.676,15.676,0.0,3.133,47.0,5.003,0.263,,,,4.234,,,,0.0,0.263,,,119.28,9.6,92,145,fantasypros_ecr,0.0,15.0,19.0,0.051,20.0,-0.169,Fairly priced
/nfl/rankings/ppr-cheatsheets.php,redraft-overall,ro,Jacory Croskey-Merritt,27316,RB,119.51,13.21,78,143,,jacory-croskeymerritt.php,,,73.6,,,,,,7.0,Jacory Croskey-Merritt,2026-08-14,WAS,jacory croskey merritt,27316,00-0040242,fp_id,WAS,WAS,WAS,WAS,WAS,roster_2026,1.0,RB,120,40,RB40,0.0,0.0,0.0,0.0,0.0,0.0,0.0,0.0,0.0,175.0,805.0,8.0,41.0,-6.5307797417188995,2.0,9.0,13.0,68.0,0.0,-19.0,77.0,3.0,1.0342133147642016,0.0,0.0,131.3,140.3,17.0,WAS,1.0,135.8,0.0301,0.3616,-0.0051,0.0301,0.3616,-0.0051,0.0416,17.0,3.0,15.04,5.1,7.47,2.0,2.0,17.0,0.118,0.118,1.464,1.0,0.0,0.0,0.0,0.3363047408910769,31.0,20.0,12.0,8.0,7.1812692691982045,32.0,20.0,12.0,8.0,7.52,0.48,,,,,,,3.475391304347828,28.000000000000004,2.8252911392405062,138.06645228203115,0.7889511558973209,0.38285714285714284,CrosJa00,175.0,13.0,2.531,2.069,13.46,13.0,0.0,0.0,-1.0,8.556,-1.5,0.0,406.0,0.395,17.0,2001-04-12,2025.0,7.0,245.0,2025,2026,2,71.0,208.0,Arizona; New Mexico; Alabama State,25.3,False,345,3.0182608695652173,0.16521739130434782,1.272463768115942,0.8521739130434782,31,17,4.547826086956522,0.5483870967741935,2.968561425726617,2.998,0.1651,2.512,2.219,38.0,564,0.06560283687943262,0.0606,0.2217,2.36,979,0.5148110316649642,17,57.59,0.4747,0.5253,-0.0427,0.0192,-0.0055,38.0,50,2.94,20.9,5375.0,3794.0,0.706,5,4,0.03687914342290299,50.7,56.8,54.8,432,484,138,142,138,56,0.319,0.293,0.406,8.253,7.988,7.724,0.765,10.294,188.0,0.746,0.346,5.231,7.556,0.692,4.6,-1.462,8.556,-3.579,0.043,-0.037,0.08,,119.51,13.21,78,143,fantasypros_ecr,0.0,32.0,40.0,0.049,43.0,-0.433,Fairly priced
/nfl/rankings/ppr-cheatsheets.php,redraft-overall,ro,Khalil Shakir,23748,WR,120.35,16.98,83,173,,khalil-shakir.php,,,59.1,,,,,,7.0,Khalil Shakir,2026-08-14,BUF,khalil shakir,23748,00-0037261,fp_id,BUF,BUF,BUF,BUF,BUF,roster_2026,1.0,PR,121,49,WR49,0.0,0.0,0.0,0.0,0.0,0.0,0.0,0.0,0.0,1.0,5.0,0.0,0.0,-0.10540814138948917,0.0,72.0,95.0,719.0,4.0,349.0,541.0,28.0,7.502132030080418,1.0,0.0,94.4,166.4,16.0,BUF,1.0,130.4,0.1983,0.0018,0.0999,0.2106,0.002,0.1055,0.3898,16.0,7.12,16.38,11.15,5.8,1.0,3.0,16.0,0.062,0.188,0.52,13.0,4.0,1.0,4.0,4.121489454834097,0.0,0.0,0.0,0.0,0.00858704137392662,13.0,4.0,1.0,4.0,4.13,-0.13,3.8039981933559166,6.6916,3.5365263157894735,9.795957640362948,1.8837417064048285,75.78947368421053,,,,,,,ShakKh00,1.0,0.0,,,,95.0,7.0,3.0,2.472,7.514,3.7,0.0316,635.0,0.598,16.0,2000-02-03,2022.0,5.0,148.0,2022,2026,5,72.0,190.0,Boise State,26.5,False,419,3.3665871121718376,0.12649164677804295,1.4463007159904535,0.8973747016706444,37,20,5.011933174224343,0.5405405405405406,2.9181796059011273,3.397,0.1265,2.905,2.057,35.0,584,0.0684931506849315,0.0702,0.2,2.507,1065,0.5098591549295775,17,62.65,0.5028,0.4972,-0.0352,0.1102,0.1599,40.0,68,4.0,28.3,5677.0,4330.0,0.763,5,4,1.261941935282192,72.8,64.4,73.6,479,547,19,17,180,2,0.04,0.031,0.011,10.4,8.15,5.9,5.938,0.062,96.0,1.733,0.262,7.568,9.986,0.758,,3.674,7.514,2.06,0.042,,0.079,,120.35,16.98,83,173,fantasypros_ecr,0.0,36.0,49.0,0.193,44.0,-0.158,Fairly priced
/nfl/rankings/ppr-cheatsheets.php,redraft-overall,ro,Dallas Goedert,17270,TE,122.31,16.33,87,158,,dallas-goedert.php,,,85.2,,,,,,10.0,Dallas Goedert,2026-08-14,PHI,dallas goedert,17270,00-0034351,fp_id,PHI,PHI,PHI,PHI,PHI,roster_2026,1.0,TE,122,14,TE14,0.0,0.0,0.0,0.0,0.0,0.0,0.0,0.0,0.0,0.0,0.0,0.0,0.0,0.0,0.0,60.0,82.0,591.0,11.0,583.0,234.0,34.0,36.12277578752909,0.0,0.0,125.1,185.1,15.0,PHI,1.0,155.1,0.1767,0.0,0.1384,0.2005,0.0,0.1565,0.4103,15.0,6.55,19.51,10.9,7.17,5.0,0.0,15.0,0.333,0.0,0.658,15.0,9.0,8.0,11.0,6.361575830581474,0.0,0.0,0.0,0.0,0.0,15.0,9.0,8.0,11.0,6.36,4.64,3.360714903567619,5.985820895522389,7.115853658536586,13.912798821167485,0.10727028021704266,73.17073170731707,,,,,,,GoedDa00,,,,,,82.0,3.0,4.0,5.95,3.9,7.1,0.0488,787.0,0.846,15.0,1995-01-03,2018.0,2.0,49.0,2018,2026,9,77.0,256.0,South Dakota State,31.6,False,364,2.776098901098901,0.22252747252747251,1.348901098901099,0.8626373626373627,15,7,4.376373626373627,0.4666666666666667,2.975338302218848,2.749,0.2192,2.6,1.559,33.0,573,0.06108202443280977,0.0577,0.2334,2.491,995,0.5346733668341709,17,58.53,0.5347,0.4653,-0.0248,0.0054,0.0436,39.0,47,2.76,22.3,5320.0,4835.0,0.909,5,5,-0.7945989975117697,35.6,61.6,48.2,464,478,175,12,148,23,0.377,0.025,0.155,12.34,10.34,8.34,5.467,0.0,82.0,2.257,0.235,7.207,9.85,0.732,,7.11,3.9,1.014,0.134,,0.441,,122.31,16.33,87,158,fantasypros_ecr,0.0,7.0,14.0,0.224,6.0,0.268,Fairly priced
/nfl/rankings/ppr-cheatsheets.php,redraft-overall,ro,Tyler Shough,23096,QB,122.47,14.13,104,195,,tyler-shough.php,,,47.8,,,,,,8.0,Tyler Shough,2026-08-14,NOS,tyler shough,23096,00-0040743,fp_id,NO,NO,NO,NO,NO,roster_2026,1.0,QB,123,20,QB20,221.0,327.0,2384.0,10.0,6.0,31.0,2708.0,107.0,2.059938944321194,45.0,186.0,3.0,11.0,1.02317729410436,1.0,0.0,0.0,0.0,0.0,0.0,0.0,0.0,0.0,0.0,0.0,157.96,157.96,11.0,NO,1.0,157.96,0.0,0.1034,0.0,0.0,0.1613,0.0,0.0,11.0,8.58,21.51,17.36,7.66,5.0,2.0,11.0,0.455,0.182,0.441,0.0,0.0,0.0,0.0,0.0,10.0,7.0,4.0,3.0,2.5457926556186874,10.0,7.0,4.0,3.0,2.55,0.45,,,,,,,,,,,,,ShouTy00,45.0,2.0,3.333,0.8,22.5,,,,,,,,605.0,0.835,11.0,1999-09-28,2025.0,2.0,40.0,2025,2026,2,77.0,219.0,Louisville; Texas Tech; Oregon,26.9,False,300,2.896333333333333,0.15,0.9566666666666667,0.31666666666666665,20,11,3.72,0.55,2.962003325988386,2.883,0.1505,2.057,1.628,31.0,670,0.07313432835820896,0.0763,0.2132,2.2,1064,0.5968045112781954,17,62.59,0.5383,0.4617,-0.0301,-0.1008,-0.0795,35.0,48,2.82,18.0,5643.0,4426.0,0.784,5,4,-0.42136189488230485,42.4,44.9,41.9,565,435,127,21,113,15,0.225,0.048,0.133,14.36,14.36,14.36,0.0,4.091,45.0,3.51,0.261,,,,4.133,,,,0.067,0.023,,,122.47,14.13,104,195,fantasypros_ecr,0.0,26.0,20.0,-0.396,23.0,-0.265,Slight reach
/nfl/rankings/ppr-cheatsheets.php,redraft-overall,ro,Jordan Mason,22969,RB,122.48,13.87,84,146,,jordan-mason.php,,,65.7,,,,,,6.0,Jordan Mason,2026-08-14,MIN,jordan mason,22969,00-0037525,fp_id,MIN,MIN,MIN,MIN,MIN,roster_2026,2.0,RB,124,41,RB41,0.0,0.0,0.0,0.0,0.0,0.0,0.0,0.0,0.0,159.0,758.0,6.0,45.0,-5.773454468377167,1.0,14.0,16.0,51.0,0.0,-52.0,102.0,1.0,-4.607733096369531,0.0,0.0,114.9,128.9,16.0,MIN,1.0,121.9,0.0342,0.3878,-0.014,0.0352,0.4162,-0.0142,0.0429,16.0,4.18,11.58,7.15,5.5,1.0,2.0,16.0,0.062,0.125,0.769,1.0,0.0,0.0,0.0,0.3309612258803062,29.0,9.0,7.0,6.0,4.534921801524746,30.0,9.0,7.0,6.0,4.87,1.13,,,,,,,3.7010686015831147,24.528301886792452,2.8646783216783223,158.26997907132977,1.0210966391698695,0.43870967741935485,MasoJo00,159.0,13.0,2.346,2.421,12.23,16.0,1.0,0.0,-3.643,7.286,-3.3,0.0,413.0,0.428,16.0,1999-05-24,,,,2022,2026,5,71.0,230.0,Georgia Tech,27.2,False,348,3.0678160919540227,0.16091954022988506,1.2701149425287357,0.5488505747126436,30,21,4.2844827586206895,0.7,3.0555950650203525,2.961,0.1751,2.441,2.049,27.0,571,0.10507880910683012,0.1028,0.3037,2.429,943,0.5800636267232238,17,55.47,0.5369,0.4631,-0.012,-0.0149,-0.1883,39.0,53,3.12,20.2,5009.0,4102.0,0.819,5,5,0.10048516062954754,51.8,26.2,36.0,468,410,82,24,131,17,0.175,0.059,0.13,8.056,7.619,7.181,1.0,9.938,175.0,0.737,0.312,3.188,3.643,0.875,4.767,-3.25,7.286,-0.981,0.034,-0.036,-0.288,,122.48,13.87,84,146,fantasypros_ecr,0.0,35.0,41.0,-0.047,44.0,-0.441,Fairly priced
/nfl/rankings/ppr-cheatsheets.php,redraft-overall,ro,Jayden Higgins,27077,WR,122.79,13.21,94,176,,jayden-higgins.php,,,46.8,,,,,,8.0,Jayden Higgins,2026-08-14,HOU,jayden higgins,27077,00-0040130,fp_id,HOU,HOU,HOU,HOU,HOU,roster_2026,2.0,WR,125,50,WR50,0.0,0.0,0.0,0.0,0.0,0.0,0.0,0.0,0.0,0.0,0.0,0.0,0.0,0.0,0.0,41.0,68.0,525.0,6.0,839.0,123.0,28.0,16.757682784795296,0.0,0.0,88.5,129.5,17.0,HOU,1.0,109.0,0.123,0.0,0.1826,0.123,0.0,0.1826,0.3123,17.0,2.7,13.64,7.2,5.37,1.0,4.0,17.0,0.059,0.235,0.746,8.0,3.0,1.0,6.0,2.9393323995405525,0.0,0.0,0.0,0.0,0.0,8.0,3.0,1.0,6.0,2.94,3.06,2.698871699101625,5.7382089552238815,12.034411764705881,18.017688749347734,-0.09231228436505301,60.29411764705882,,,,,,,HiggJa00,,,,,,68.0,1.0,3.0,9.805,3.0,11.0,0.0441,671.0,0.572,17.0,2002-12-15,2025.0,2.0,34.0,2025,2026,2,76.0,215.0,Iowa State; Eastern Kentucky,23.7,False,399,2.7453634085213037,0.20300751879699247,1.1077694235588973,0.49624060150375937,35,17,3.837092731829574,0.4857142857142857,2.881685621942606,2.812,0.1937,2.099,1.8,23.0,643,0.04821150855365474,0.0526,0.2216,2.345,1078,0.5705009276437848,17,63.41,0.5638,0.4362,-0.0098,-0.0779,0.036,38.0,58,3.41,23.8,6010.0,4286.0,0.713,5,2,-0.8783071157455384,34.1,59.3,45.8,553,475,82,21,150,18,0.148,0.044,0.12,7.618,6.412,5.206,4.0,0.0,68.0,1.904,0.193,7.721,12.805,0.603,,12.338,3.0,0.626,0.088,,0.246,,122.79,13.21,94,176,fantasypros_ecr,0.0,46.0,50.0,-0.21,61.0,-0.868,Fairly priced
/nfl/rankings/ppr-cheatsheets.php,redraft-overall,ro,Jalen Coker,26403,WR,125.3,13.93,90,163,,jalen-coker.php,,,45.2,,,,,,5.0,Jalen Coker,2026-08-14,CAR,jalen coker,26403,00-0039491,fp_id,CAR,CAR,CAR,CAR,CAR,roster_2026,2.0,WR,126,51,WR51,0.0,0.0,0.0,0.0,0.0,0.0,0.0,0.0,0.0,0.0,0.0,0.0,0.0,0.0,0.0,33.0,43.0,394.0,3.0,435.0,102.0,22.0,21.855756275938127,1.0,0.0,57.400000000000006,90.4,11.0,CAR,1.0,73.9,0.0896,0.0,0.1335,0.1488,0.0,0.2211,0.378,11.0,4.35,15.35,6.6,5.87,1.0,1.0,11.0,0.091,0.091,0.889,3.0,2.0,0.0,3.0,1.3357031126978878,0.0,0.0,0.0,0.0,0.0,3.0,2.0,0.0,3.0,1.34,1.66,,,,,,,,,,,,,CokeJa01,,,,,,43.0,1.0,0.0,8.848,3.091,10.0,0.0,439.0,0.694,11.0,2001-10-30,,,,2024,2026,3,75.0,213.0,Holy Cross,24.8,False,391,3.167007672634271,0.13810741687979539,1.1585677749360614,0.5345268542199488,29,20,4.29923273657289,0.6896551724137931,2.936153855960689,3.179,0.1391,2.49,1.798,18.0,582,0.06013745704467354,0.0629,0.2718,2.4,996,0.5532128514056225,17,58.59,0.5106,0.4894,-0.061,-0.0262,-0.0498,39.0,48,2.82,18.3,5317.0,3170.0,0.596,5,3,0.7242481938282351,63.1,47.3,56.6,480,461,50,242,136,40,0.104,0.525,0.294,8.218,6.718,5.218,3.909,0.0,43.0,2.102,0.206,9.163,11.939,0.767,,10.116,3.091,0.906,0.07,,0.508,,125.3,13.93,90,163,fantasypros_ecr,0.0,63.0,51.0,-0.919,58.0,-0.701,Slight reach
/nfl/rankings/ppr-cheatsheets.php,redraft-overall,ro,Xavier Worthy,23019,WR,127.07,13.27,90,180,,xavier-worthy.php,,,67.3,,,,,,5.0,Xavier Worthy,2026-08-14,KCC,xavier worthy,23019,00-0039894,fp_id,KC,KC,KC,KC,KC,roster_2026,2.0,WR,127,52,WR52,0.0,0.0,0.0,0.0,0.0,0.0,0.0,0.0,0.0,11.0,87.0,0.0,4.0,3.584790744644124,0.0,42.0,73.0,532.0,1.0,944.0,193.0,22.0,14.828012368603758,0.0,0.0,67.9,109.9,14.0,KC,1.0,88.9,0.133,0.0256,0.2196,0.1604,0.0312,0.2729,0.4316,14.0,5.62,11.12,8.15,4.52,0.0,2.0,14.0,0.0,0.143,0.555,6.0,2.0,1.0,1.0,2.352272883972076,0.0,0.0,0.0,0.0,0.06910017785989121,6.0,2.0,1.0,1.0,2.42,-1.42,3.45903024945309,6.294428571428572,12.35821917808219,21.899715011190782,-0.4620464310351897,57.534246575342465,,,,,,,WortXa00,11.0,1.0,,,,73.0,2.0,1.0,8.071,4.595,12.1,0.0137,645.0,0.706,14.0,2003-04-27,2024.0,1.0,28.0,2024,2026,3,71.0,165.0,Texas,23.3,False,336,3.0196428571428573,0.13392857142857142,0.9583333333333334,0.19642857142857142,48,39,3.7113095238095237,0.8125,2.9061980034779267,3.062,0.1258,2.623,1.591,14.0,686,0.06851311953352769,0.0659,0.2877,2.212,1048,0.6020992366412213,17,61.65,0.5721,0.4279,0.0395,0.0273,0.0399,38.0,63,3.71,21.3,5605.0,4845.0,0.864,5,5,0.8942498700724988,66.2,34.0,50.1,549,430,147,129,166,43,0.268,0.3,0.259,7.85,6.35,4.85,5.214,0.786,84.0,1.308,0.17,7.288,12.667,0.575,,12.932,4.595,0.564,0.012,,0.203,,127.07,13.27,90,180,fantasypros_ecr,0.0,57.0,52.0,-0.621,60.0,-0.753,Slight reach
/nfl/rankings/ppr-cheatsheets.php,redraft-overall,ro,Mark Andrews,17269,TE,127.48,20.12,95,173,,mark-andrews.php,,,81.9,,,,,,13.0,Mark Andrews,2026-08-14,BAL,mark andrews,17269,00-0034753,fp_id,BAL,BAL,BAL,BAL,BAL,roster_2026,1.0,TE,128,15,TE15,0.0,0.0,0.0,0.0,0.0,0.0,0.0,0.0,0.0,10.0,48.0,1.0,7.0,6.520739546627738,0.0,48.0,70.0,422.0,5.0,508.0,101.0,24.0,1.547646746345297,0.0,0.0,83.0,131.0,17.0,BAL,1.0,107.0,0.172,0.0197,0.1505,0.172,0.0197,0.1505,0.3634,17.0,3.4,13.58,6.4,6.79,3.0,1.0,17.0,0.176,0.059,1.06,15.0,9.0,7.0,5.0,5.899768200412196,3.0,3.0,3.0,1.0,1.3677507400541236,18.0,12.0,10.0,6.0,7.27,-1.27,2.9106790289266518,4.64952380952381,7.8167142857142835,16.233463773834558,-0.40867243798696107,68.57142857142857,,,,,,,AndrMa00,10.0,0.0,,,,70.0,1.0,3.0,6.688,2.104,7.4,0.0429,630.0,0.617,17.0,1995-09-06,2018.0,3.0,86.0,2018,2026,9,77.0,250.0,Oklahoma,30.9,False,392,3.0367346938775515,0.15306122448979592,1.3112244897959184,1.5127551020408163,37,24,5.244897959183674,0.6486486486486487,2.952764271990162,3.032,0.1574,3.144,2.107,24.0,501,0.08982035928143713,0.0849,0.2725,2.454,956,0.4874476987447699,17,56.24,0.4667,0.5333,-0.0884,0.0996,-0.035,39.0,61,3.59,24.9,5080.0,2908.0,0.572,5,2,0.7827893624579995,64.1,41.0,53.2,407,507,75,64,160,26,0.184,0.126,0.162,7.706,6.294,4.882,4.118,0.588,80.0,1.638,0.208,6.029,8.792,0.686,,7.257,2.104,0.831,0.075,,0.022,,127.48,20.12,95,173,fantasypros_ecr,0.0,16.0,15.0,-0.135,23.0,-0.442,Fairly priced
/nfl/rankings/ppr-cheatsheets.php,redraft-overall,ro,Romeo Doubs,23794,WR,129.36,13.92,96,170,,romeo-doubs.php,,,58.8,,,,,,11.0,Romeo Doubs,2026-08-14,NEP,romeo doubs,23794,00-0037816,fp_id,NE,NE,NE,NE,NE,roster_2026,2.0,WR,129,53,WR53,0.0,0.0,0.0,0.0,0.0,0.0,0.0,0.0,0.0,0.0,0.0,0.0,0.0,0.0,0.0,55.0,85.0,724.0,6.0,1085.0,163.0,41.0,34.645472560090084,0.0,0.0,110.4,165.4,16.0,GB,1.0,137.9,0.1848,0.0,0.2654,0.1889,0.0,0.267,0.4702,16.0,5.32,15.38,9.35,7.26,1.0,2.0,16.0,0.062,0.125,0.777,17.0,8.0,5.0,6.0,6.034375723899279,0.0,0.0,0.0,0.0,0.0,17.0,8.0,5.0,6.0,6.03,-0.03,2.2660095331594556,5.987176470588234,12.795176470588235,27.05097848039556,0.36241829172258466,64.70588235294117,,,,,,,DoubRo00,,,,,,85.0,2.0,3.0,10.2,2.964,12.2,0.0353,780.0,0.776,16.0,2000-04-13,2022.0,4.0,132.0,2022,2026,5,74.0,210.0,Nevada,26.3,False,371,2.7795148247978436,0.1940700808625337,1.196765498652291,1.2048517520215634,33,19,4.630727762803234,0.5757575757575758,2.9254952414655953,2.802,0.1883,2.561,1.874,33.0,613,0.07830342577487764,0.0789,0.261,2.406,1017,0.5417895771878073,17,59.82,0.5691,0.4309,0.0242,0.0077,0.2873,38.0,64,3.76,28.8,5553.0,2959.0,0.533,5,3,-0.36940490310560165,43.3,43.5,41.6,482,494,128,10,154,17,0.266,0.02,0.11,10.338,8.619,6.9,5.312,0.0,85.0,1.946,0.212,8.518,13.164,0.647,,12.765,2.964,0.667,0.071,,0.408,,129.36,13.92,96,170,fantasypros_ecr,0.0,37.0,53.0,0.291,45.0,-0.06,Fairly priced
/nfl/rankings/ppr-cheatsheets.php,redraft-overall,ro,Malik Willis,23499,QB,130.22,23.63,101,300,,malik-willis.php,,,37.4,,,,,,6.0,Malik Willis,2026-08-14,MIA,malik willis,23499,00-0038128,fp_id,MIA,MIA,MIA,MIA,MIA,roster_2026,1.0,QB,130,21,QB21,30.0,35.0,422.0,3.0,0.0,3.0,354.0,19.0,28.084425085735283,22.0,123.0,2.0,9.0,1.0631115740658634,1.0,0.0,0.0,0.0,0.0,0.0,0.0,0.0,0.0,0.0,0.0,51.17999999999999,51.17999999999999,4.0,GB,1.0,51.17999999999999,0.0,0.0447,0.0,0.0,0.1746,0.0,0.0,4.0,4.53,23.29,9.54,13.52,1.0,2.0,4.0,0.25,0.5,1.417,0.0,0.0,0.0,0.0,0.0,5.0,3.0,1.0,2.0,0.7257730592086834,5.0,3.0,1.0,2.0,0.73,1.27,,,,,,,,,,,,,WillMa12,22.0,0.0,4.545,1.045,,,,,,,,,98.0,0.422,4.0,1999-05-25,2022.0,3.0,86.0,2022,2026,5,73.0,225.0,Liberty; Auburn,27.2,False,380,2.835526315789474,0.2131578947368421,1.4657894736842105,1.2263157894736842,29,17,4.8578947368421055,0.5862068965517241,2.9450156110798447,2.839,0.2101,2.199,2.532,38.0,530,0.07169811320754717,0.0727,0.2422,2.29,942,0.5498938428874734,17,55.41,0.5279,0.4721,-0.0584,-0.026,-0.0093,41.0,48,2.82,20.4,5041.0,3387.0,0.672,5,4,-0.6920984359417763,37.5,44.5,38.6,462,432,209,28,134,32,0.452,0.065,0.239,12.795,12.795,12.795,0.0,5.5,22.0,2.326,0.522,,,,5.591,,,,0.091,0.048,,,130.22,23.63,101,300,fantasypros_ecr,0.0,30.0,21.0,-0.536,27.0,-0.405,Slight reach
/nfl/rankings/ppr-cheatsheets.php,redraft-overall,ro,Matthew Golden,26024,WR,131.5,17.42,82,183,,matthew-golden.php,,,68.4,,,,,,11.0,Matthew Golden,2026-08-14,GBP,matthew golden,26024,00-0040667,fp_id,GB,GB,GB,GB,GB,roster_2026,3.0,WR,131,54,WR54,0.0,0.0,0.0,0.0,0.0,0.0,0.0,0.0,0.0,10.0,49.0,0.0,3.0,1.679660340945702,0.0,29.0,44.0,361.0,0.0,552.0,101.0,16.0,16.798845552614974,0.0,0.0,41.0,70.0,14.0,GB,1.0,55.5,0.0957,0.0203,0.135,0.1167,0.0254,0.1683,0.2929,14.0,1.9,10.16,3.4,4.3,0.0,3.0,14.0,0.0,0.214,1.265,2.0,0.0,0.0,0.0,1.0115798068064954,2.0,0.0,0.0,0.0,0.127957838718191,4.0,0.0,0.0,0.0,1.14,-1.14,,,,,,,,,,,,,GoldMa02,10.0,1.0,,,,44.0,0.0,1.0,8.966,3.483,12.5,0.0227,452.0,0.532,14.0,2003-08-01,2025.0,1.0,23.0,2025,2026,2,71.0,191.0,Texas; Houston,23.0,False,386,2.972279792746114,0.15544041450777202,1.1269430051813472,0.3911917098445596,43,26,3.966321243523316,0.6046511627906976,3.01595136627878,2.905,0.1629,2.199,1.941,30.0,552,0.05253623188405797,0.0493,0.2454,2.41,993,0.5226586102719033,17,58.41,0.5063,0.4937,-0.0441,-0.0102,0.229,39.0,59,3.47,23.0,5321.0,3745.0,0.704,5,4,-0.26169708218232307,45.3,58.7,52.5,460,492,155,148,161,52,0.337,0.301,0.323,5.0,3.964,2.929,3.143,0.714,54.0,1.296,0.155,8.205,12.448,0.659,,12.545,3.483,0.654,0.0,,0.382,,131.5,17.42,82,183,fantasypros_ecr,0.0,73.0,54.0,-1.251,81.0,-1.602,Overpriced
/nfl/rankings/ppr-cheatsheets.php,redraft-overall,ro,KC Concepcion,27331,WR,131.55,30.01,90,298,,kevin-concepcion.php,,,59.2,,,,,,11.0,KC Concepcion,2026-08-14,CLE,kc concepcion,27331,00-0041547,fp_id,CLE,CLE,CLE,CLE,CLE,roster_2026,2.0,WR,132,55,WR55,,,,,,,,,,,,,,,,,,,,,,,,,,,,,,,,,,,,,,,,,,,,,,,,,,,,,,,,,,,,,,,,,,,,,,,,,,,,,,,,,,,,,,,,,,,,,,2004-09-24,,,,2026,2026,0,72.0,190.0,Texas A&M; N.C. State,21.9,True,353,2.403116147308782,0.2237960339943343,0.8753541076487252,0.5212464589235127,42,28,3.4107648725212463,0.6666666666666666,2.959741061558557,2.392,0.225,1.808,2.109,31.0,639,0.07981220657276995,0.0842,0.3405,2.444,1028,0.5924124513618677,17,60.47,0.5161,0.4839,-0.0372,-0.0478,-0.2882,39.0,42,2.47,16.4,5503.0,1435.0,0.261,5,1,-1.741936492300181,18.5,26.5,15.1,522,421,88,37,114,23,0.169,0.088,0.202,,,,,,,,,,,,,,,,,,,Rookie - no 2025 NFL production,131.55,30.01,90,298,fantasypros_ecr,0.0,,55.0,,,,
/nfl/rankings/ppr-cheatsheets.php,redraft-overall,ro,Tyrone Tracy Jr.,22980,RB,132.07,10.77,113,177,,tyrone-tracy-jr.php,,,38.0,,,,,,8.0,Tyrone Tracy,2026-08-14,NYG,tyrone tracy,22980,00-0039384,fp_id,NYG,NYG,NYG,NYG,NYG,roster_2026,2.0,RB,133,42,RB42,0.0,0.0,0.0,0.0,0.0,0.0,0.0,0.0,0.0,176.0,740.0,2.0,39.0,-9.786288919902209,0.0,36.0,48.0,288.0,2.0,19.0,314.0,14.0,0.04056585703304272,1.0,0.0,124.80000000000001,160.8,15.0,NYG,1.0,142.8,0.0954,0.3444,0.0044,0.1081,0.4,0.0049,0.1656,15.0,6.15,17.71,8.1,7.66,3.0,1.0,15.0,0.2,0.067,0.946,5.0,1.0,0.0,2.0,1.6823500394515059,21.0,6.0,2.0,2.0,2.804281222953771,26.0,7.0,2.0,4.0,4.49,-0.49,,,,,,,3.959094594594597,17.045454545454543,2.736920731707316,15.025731753000514,0.08838665737059126,0.38823529411764707,TracTy00,176.0,5.0,2.494,1.71,35.2,48.0,6.0,2.0,-0.722,8.722,0.4,0.0417,548.0,0.545,15.0,1999-11-23,2024.0,5.0,166.0,2024,2026,3,71.0,210.0,Purdue; Iowa,26.7,False,396,2.9964646464646463,0.14646464646464646,1.0808080808080809,0.44191919191919193,24,15,4.007575757575758,0.625,2.970851609928484,2.974,0.1475,2.714,1.581,16.0,624,0.07692307692307693,0.076,0.2947,2.388,1079,0.5338276181649676,17,63.47,0.494,0.506,-0.0466,0.0356,-0.008,36.0,61,3.59,22.4,5756.0,4159.0,0.723,5,4,0.3758722777586546,56.8,36.8,45.9,503,511,177,3,162,21,0.352,0.006,0.13,10.72,9.52,8.32,3.2,11.733,224.0,0.718,0.293,6.0,8.0,0.75,4.205,0.396,8.722,15.158,0.018,-0.056,0.001,,132.07,10.77,113,177,fantasypros_ecr,0.0,28.0,42.0,0.296,32.0,0.12,Fairly priced
/nfl/rankings/ppr-cheatsheets.php,redraft-overall,ro,Tyler Allgeier,24172,RB,139.38,11.82,103,164,,tyler-allgeier.php,,,38.8,,,,,,14.0,Tyler Allgeier,2026-08-14,ARI,tyler allgeier,24172,00-0037263,fp_id,ARI,ARI,ARI,ARI,ARI,roster_2026,2.0,RB,134,43,RB43,0.0,0.0,0.0,0.0,0.0,0.0,0.0,0.0,0.0,143.0,514.0,8.0,36.0,-11.554740632796383,0.0,14.0,16.0,96.0,0.0,-26.0,120.0,3.0,2.7828413261449896,0.0,0.0,109.0,123.0,17.0,ATL,1.0,116.0,0.0308,0.2998,-0.0062,0.0308,0.2998,-0.0062,0.0419,17.0,2.3,12.54,8.3,5.35,1.0,4.0,17.0,0.059,0.235,0.645,1.0,0.0,0.0,0.0,0.4161550762738793,32.0,19.0,10.0,8.0,6.560835667199716,33.0,19.0,10.0,8.0,6.98,1.02,,,,,,,4.713307392996109,24.475524475524477,2.9118617886178866,-25.195713328282636,-0.17743460090339885,0.4084507042253521,AllgTy00,143.0,9.0,1.986,1.608,15.89,16.0,1.0,1.0,-1.714,8.571,-1.8,0.0625,328.0,0.302,17.0,2000-04-15,2022.0,5.0,151.0,2022,2026,5,70.0,225.0,BYU,26.3,False,292,2.761986301369863,0.19863013698630136,1.1472602739726028,0.8287671232876712,32,21,4.2020547945205475,0.65625,2.9389525318652057,2.771,0.2005,2.593,1.732,22.0,745,0.07919463087248323,0.0839,0.282,2.373,1074,0.6610800744878957,17,63.18,0.6204,0.3796,0.0399,-0.0591,0.0023,39.0,61,3.59,20.9,5838.0,4005.0,0.686,5,3,-0.34443965422600703,43.8,35.6,36.9,617,366,106,173,153,41,0.172,0.473,0.268,7.235,6.824,6.412,0.941,8.412,159.0,0.774,0.375,6.0,6.857,0.875,3.594,-1.625,8.571,-3.692,0.05,-0.081,0.174,,139.38,11.82,103,164,fantasypros_ecr,0.0,38.0,43.0,-0.107,46.0,-0.458,Fairly priced
/nfl/rankings/ppr-cheatsheets.php,redraft-overall,ro,Woody Marks,27520,RB,140.38,12.45,99,175,,woody-marks.php,,,49.5,,,,,,8.0,Woody Marks,2026-08-14,HOU,woody marks,27520,00-0040583,fp_id,HOU,HOU,HOU,HOU,HOU,roster_2026,2.0,RB,135,44,RB44,0.0,0.0,0.0,0.0,0.0,0.0,0.0,0.0,0.0,196.0,703.0,2.0,39.0,-29.178442436755464,0.0,24.0,36.0,208.0,3.0,77.0,223.0,7.0,7.229645392006979,0.0,0.0,121.10000000000001,145.1,16.0,HOU,1.0,133.1,0.0651,0.4126,0.0168,0.0694,0.4365,0.0179,0.1166,16.0,4.75,15.48,7.25,6.93,2.0,1.0,16.0,0.125,0.062,0.956,8.0,3.0,2.0,3.0,2.4412772232029547,33.0,15.0,9.0,2.0,5.952406800743534,41.0,18.0,11.0,5.0,8.39,-3.39,,,,,,,4.119871977240396,27.55102040816326,2.811613095238096,31.162022394658038,0.1623021999721773,0.4010416666666667,MarkWo00,196.0,6.0,1.816,1.77,32.67,36.0,3.0,2.0,-0.625,9.292,2.1,0.0556,571.0,0.515,16.0,2000-12-29,2025.0,4.0,116.0,2025,2026,2,70.0,208.0,USC; Mississippi State,25.6,False,399,2.7453634085213037,0.20300751879699247,1.1077694235588973,0.49624060150375937,35,17,3.837092731829574,0.4857142857142857,2.881685621942606,2.812,0.1937,2.099,1.8,23.0,643,0.04821150855365474,0.0526,0.2216,2.345,1078,0.5705009276437848,17,63.41,0.5638,0.4362,-0.0098,-0.0779,0.036,38.0,58,3.41,23.8,6010.0,4286.0,0.713,5,2,-0.8783071157455384,34.1,59.3,45.8,553,475,82,21,150,18,0.148,0.044,0.12,9.069,8.319,7.569,2.25,12.25,232.0,0.625,0.254,5.778,8.667,0.667,3.587,2.139,9.292,2.701,0.022,-0.149,0.201,,140.38,12.45,99,175,fantasypros_ecr,0.0,30.0,44.0,0.279,36.0,0.015,Fairly priced
/nfl/rankings/ppr-cheatsheets.php,redraft-overall,ro,C.J. Stroud,23071,QB,140.95,17.22,104,214,,cj-stroud.php,,,31.8,,,,,,8.0,CJ Stroud,2026-08-14,HOU,c j stroud,23071,00-0039163,fp_id,HOU,HOU,HOU,HOU,HOU,roster_2026,1.0,QB,136,22,QB22,273.0,423.0,3041.0,19.0,8.0,23.0,3405.0,136.0,47.66119819357808,48.0,209.0,1.0,18.0,15.04224827406197,0.0,0.0,0.0,0.0,0.0,0.0,0.0,0.0,0.0,0.0,0.0,208.54,208.54,14.0,HOU,1.0,208.54,0.0,0.1011,0.0,0.0,0.1188,0.0,0.0,14.0,10.64,21.8,13.71,6.52,4.0,1.0,14.0,0.286,0.071,0.476,0.0,0.0,0.0,0.0,0.0,6.0,3.0,2.0,1.0,1.5542688886402138,6.0,3.0,2.0,1.0,1.55,-0.55,,,,,,,,,,,,,StroCJ00,48.0,0.0,3.792,0.562,,,,,,,,,868.0,0.912,14.0,2001-10-03,2023.0,1.0,2.0,2023,2026,4,75.0,218.0,Ohio State,24.9,False,399,2.7453634085213037,0.20300751879699247,1.1077694235588973,0.49624060150375937,35,17,3.837092731829574,0.4857142857142857,2.881685621942606,2.812,0.1937,2.099,1.8,23.0,643,0.04821150855365474,0.0526,0.2216,2.345,1078,0.5705009276437848,17,63.41,0.5638,0.4362,-0.0098,-0.0779,0.036,38.0,58,3.41,23.8,6010.0,4286.0,0.713,5,2,-0.8783071157455384,34.1,59.3,45.8,553,475,82,21,150,18,0.148,0.044,0.12,14.896,14.896,14.896,0.0,3.429,48.0,4.345,0.24,,,,4.354,,,,0.021,0.313,,,140.95,17.22,104,214,fantasypros_ecr,0.0,21.0,22.0,-0.106,22.0,-0.15,Fairly priced
/nfl/rankings/ppr-cheatsheets.php,redraft-overall,ro,Sam Darnold,17236,QB,141.92,13.57,119,203,,sam-darnold.php,,,36.3,,,,,,11.0,Sam Darnold,2026-08-14,SEA,sam darnold,17236,00-0034869,fp_id,SEA,SEA,SEA,SEA,SEA,roster_2026,1.0,QB,137,23,QB23,323.0,477.0,4048.0,25.0,14.0,27.0,3751.0,178.0,74.57746712718988,35.0,95.0,0.0,10.0,-12.97238504093956,1.0,0.0,0.0,0.0,0.0,0.0,0.0,0.0,0.0,0.0,0.0,235.42,235.42,17.0,SEA,1.0,235.42,0.0,0.069,0.0,0.0,0.069,0.0,0.0,17.0,6.08,21.36,15.8,7.98,7.0,5.0,17.0,0.412,0.294,0.505,0.0,0.0,0.0,0.0,0.0,2.0,1.0,0.0,0.0,0.3370981825075311,2.0,1.0,0.0,0.0,0.34,-0.34,,,,,,,,,,,,,DarnSa00,35.0,0.0,2.486,0.229,,,,,,,,,1026.0,0.962,17.0,1997-06-05,2018.0,1.0,3.0,2018,2026,9,75.0,225.0,USC,29.2,False,435,2.8048275862068963,0.2045977011494253,1.206896551724138,0.8091954022988506,31,19,4.266666666666667,0.6129032258064516,2.995508653666123,2.758,0.2121,2.477,1.657,42.0,518,0.052123552123552123,0.0535,0.2266,2.4,997,0.5075225677031093,17,58.65,0.5204,0.4796,-0.0677,-0.0491,0.1122,39.0,60,3.53,28.4,5338.0,5026.0,0.942,5,5,-0.5945717447641805,39.3,60.5,49.9,455,507,39,221,158,37,0.086,0.436,0.234,13.848,13.848,13.848,0.0,2.059,35.0,6.726,0.229,,,,2.714,,,,0.0,-0.371,,,141.92,13.57,119,203,fantasypros_ecr,0.0,14.0,23.0,0.236,25.0,-0.246,Fairly priced
/nfl/rankings/ppr-cheatsheets.php,redraft-overall,ro,Deebo Samuel Sr.,18244,WR,142.01,34.85,83,241,,deebo-samuel.php,,,58.5,,,,,6.0,8.0,Deebo Samuel,2026-08-14,SFO,deebo samuel,18244,00-0035719,fp_id,,SF,SF,SF,SF,depth_chart_2026,2.0,WR,138,56,WR56,0.0,0.0,0.0,0.0,0.0,0.0,0.0,0.0,0.0,17.0,75.0,1.0,4.0,0.1426005618995987,0.0,72.0,99.0,727.0,5.0,527.0,466.0,32.0,17.621090014982265,0.0,0.0,116.2,188.20000000000002,16.0,WAS,1.0,152.20000000000002,0.2292,0.0351,0.1405,0.2469,0.0373,0.1532,0.4776,16.0,6.22,20.55,10.25,6.94,4.0,0.0,16.0,0.25,0.0,0.677,12.0,7.0,3.0,5.0,5.079920124299821,4.0,2.0,1.0,1.0,0.5596730578560684,16.0,9.0,4.0,6.0,5.64,0.36,3.5421433779842006,6.291604938271605,5.321818181818182,13.985453387131027,1.088712527554387,72.72727272727273,,,,,,,SamuDe00,17.0,2.0,,,,99.0,6.0,6.0,3.625,6.472,5.2,0.0606,713.0,0.722,16.0,1996-01-15,2019.0,2.0,36.0,2019,2026,8,72.0,215.0,South Carolina,30.6,False,405,2.914567901234568,0.18024691358024691,1.1753086419753087,0.4024691358024691,29,19,3.948148148148148,0.6551724137931034,2.957108820107495,2.906,0.1848,2.349,1.428,23.0,624,0.04326923076923077,0.0428,0.2125,2.547,1065,0.5661971830985916,17,62.65,0.5521,0.4479,-0.0088,-0.0044,0.1587,38.0,66,3.88,25.7,5615.0,4784.0,0.852,5,4,-0.1969656526141422,46.4,74.5,63.3,550,481,170,94,185,38,0.309,0.195,0.205,11.763,9.513,7.262,6.188,1.062,116.0,1.622,0.264,7.343,10.097,0.727,,5.323,6.472,1.38,0.052,,0.178,,142.01,34.85,83,241,fantasypros_ecr,0.0,25.0,56.0,0.923,33.0,0.572,Slight value
/nfl/rankings/ppr-cheatsheets.php,redraft-overall,ro,Chris Rodriguez Jr.,22986,RB,143.1,20.38,118,263,,chris-rodriguez-jr.php,,,39.0,,,,,,7.0,Chris Rodriguez,2026-08-14,JAC,chris rodriguez,22986,00-0038611,fp_id,JAX,JAX,JAX,JAX,JAX,roster_2026,2.0,RB,139,45,RB45,0.0,0.0,0.0,0.0,0.0,0.0,0.0,0.0,0.0,112.0,500.0,6.0,32.0,6.197515768173616,0.0,3.0,4.0,30.0,0.0,16.0,26.0,1.0,-3.3000503968796693,0.0,0.0,89.0,92.0,12.0,WAS,1.0,90.5,0.0093,0.2314,0.0043,0.0132,0.3209,0.0061,0.0241,12.0,4.88,12.99,7.4,4.84,0.0,2.0,12.0,0.0,0.167,0.654,1.0,0.0,0.0,0.0,0.21272081443468244,33.0,22.0,14.0,6.0,7.3050593673626585,34.0,22.0,14.0,6.0,7.52,-1.52,,,,,,,3.3361199999999998,31.25,2.6073529411764707,77.85628602880684,0.6951454109714896,0.45535714285714285,RodrCh00,112.0,13.0,1.491,2.973,8.62,4.0,0.0,0.0,,,,,255.0,0.312,13.0,1999-09-26,2023.0,6.0,193.0,2023,2026,4,71.0,224.0,Kentucky,26.9,False,373,2.8525469168900806,0.18498659517426275,1.1099195710455765,0.6836461126005362,30,15,4.131367292225201,0.5,2.9156883624839196,2.885,0.1784,2.219,1.781,22.0,644,0.06366459627329192,0.0647,0.2504,2.395,1074,0.5614525139664804,17,63.18,0.5756,0.4244,0.0164,-0.0041,0.0592,40.0,72,4.24,27.9,5856.0,5856.0,1.0,5,5,-0.5430315206154958,40.2,50.8,44.3,547,489,132,271,198,85,0.241,0.554,0.429,7.667,7.542,7.417,0.333,9.333,116.0,0.793,0.361,,,,4.464,,,,0.052,0.055,-0.825,,143.1,20.38,118,263,fantasypros_ecr,0.0,47.0,45.0,-0.431,45.0,-0.344,Slight reach
/nfl/rankings/ppr-cheatsheets.php,redraft-overall,ro,Zach Charbonnet,23152,RB,143.64,19.97,102,245,,zach-charbonnet.php,,,62.5,,,,,,11.0,Zach Charbonnet,2026-08-14,SEA,zach charbonnet,23152,00-0039165,fp_id,SEA,SEA,SEA,SEA,SEA,roster_2026,1.0,RB,140,46,RB46,0.0,0.0,0.0,0.0,0.0,0.0,0.0,0.0,0.0,184.0,730.0,12.0,48.0,-1.1562271384668676,0.0,20.0,24.0,144.0,0.0,40.0,123.0,7.0,0.6735500383621602,0.0,0.0,161.4,181.4,16.0,SEA,1.0,171.4,0.0527,0.3629,0.0109,0.0552,0.3882,0.0115,0.0908,16.0,6.43,18.38,10.95,6.7,3.0,1.0,16.0,0.188,0.062,0.612,3.0,1.0,1.0,0.0,1.1998931796748107,51.0,31.0,18.0,12.0,11.21548520141624,54.0,32.0,19.0,12.0,12.42,-0.42,,,,,,,4.309438356164385,35.32608695652174,3.068146341463415,58.983822302991484,0.32951856035190774,0.4134078212290503,CharZa00,184.0,14.0,2.136,1.832,13.14,24.0,1.0,1.0,1.05,6.15,1.7,0.0417,489.0,0.484,16.0,2001-01-08,2023.0,2.0,52.0,2023,2026,4,73.0,220.0,UCLA; Michigan,25.6,False,435,2.8048275862068963,0.2045977011494253,1.206896551724138,0.8091954022988506,31,19,4.266666666666667,0.6129032258064516,2.995508653666123,2.758,0.2121,2.477,1.657,42.0,518,0.052123552123552123,0.0535,0.2266,2.4,997,0.5075225677031093,17,58.65,0.5204,0.4796,-0.0677,-0.0491,0.1122,39.0,60,3.53,28.4,5338.0,5026.0,0.942,5,5,-0.5945717447641805,39.3,60.5,49.9,455,507,39,221,158,37,0.086,0.436,0.234,11.338,10.712,10.088,1.5,11.5,208.0,0.872,0.371,6.0,7.2,0.833,3.967,1.667,6.15,3.6,0.058,-0.006,0.028,,143.64,19.97,102,245,fantasypros_ecr,0.0,24.0,46.0,0.613,28.0,0.437,Slight value
/nfl/rankings/ppr-cheatsheets.php,redraft-overall,ro,Juwan Johnson,19562,TE,143.94,21.06,106,209,,juwan-johnson.php,,,40.5,,,,,,8.0,Juwan Johnson,2026-08-14,NOS,juwan johnson,19562,00-0036040,fp_id,NO,NO,NO,NO,NO,roster_2026,1.0,TE,141,16,TE16,0.0,0.0,0.0,0.0,0.0,0.0,0.0,0.0,0.0,0.0,0.0,0.0,0.0,0.0,0.0,77.0,102.0,889.0,3.0,773.0,362.0,41.0,35.21642119927367,2.0,0.0,102.9,179.9,17.0,NO,1.0,141.4,0.1805,0.0,0.1652,0.1805,0.0,0.1652,0.3864,17.0,7.1,15.78,10.6,4.82,4.0,1.0,17.0,0.235,0.059,0.455,8.0,1.0,0.0,3.0,2.984461791923705,0.0,0.0,0.0,0.0,0.0,8.0,1.0,0.0,3.0,2.98,0.02,3.648809897426189,5.996666666666666,7.310098039215686,16.128529866646474,0.08877762517585097,75.49019607843137,,,,,,,JohnJu02,,,,,,102.0,5.0,6.0,6.844,4.701,7.5,0.0588,850.0,0.75,17.0,1996-09-13,,,,2020,2026,7,76.0,231.0,Oregon; Penn State,29.9,False,300,2.896333333333333,0.15,0.9566666666666667,0.31666666666666665,20,11,3.72,0.55,2.962003325988386,2.883,0.1505,2.057,1.628,31.0,670,0.07313432835820896,0.0763,0.2132,2.2,1064,0.5968045112781954,17,62.59,0.5383,0.4617,-0.0301,-0.1008,-0.0795,35.0,48,2.82,18.0,5643.0,4426.0,0.784,5,4,-0.42136189488230485,42.4,44.9,41.9,565,435,127,21,113,15,0.225,0.048,0.133,10.582,8.318,6.053,6.0,0.0,102.0,1.764,0.212,8.716,11.545,0.755,,7.578,4.701,1.15,0.029,,0.345,,143.94,21.06,106,209,fantasypros_ecr,0.0,8.0,16.0,0.251,12.0,0.076,Fairly priced
/nfl/rankings/ppr-cheatsheets.php,redraft-overall,ro,Tyjae Spears,25323,RB,145.85,17.52,103,228,,tyjae-spears.php,,,36.9,,,,,,9.0,Tyjae Spears,2026-08-14,TEN,tyjae spears,25323,00-0039032,fp_id,TEN,TEN,TEN,TEN,TEN,roster_2026,2.0,RB,142,47,RB47,0.0,0.0,0.0,0.0,0.0,0.0,0.0,0.0,0.0,72.0,283.0,2.0,16.0,-3.901147515435122,0.0,45.0,50.0,264.0,0.0,-115.0,361.0,10.0,-1.6444622137194203,0.0,0.0,66.7,111.7,13.0,TEN,1.0,89.2,0.0943,0.1905,-0.0293,0.1199,0.2483,-0.038,0.1532,13.0,6.5,11.2,8.4,5.55,2.0,2.0,13.0,0.154,0.154,0.661,7.0,3.0,0.0,0.0,1.9635357168836354,10.0,5.0,2.0,2.0,1.6452612693748618,17.0,8.0,2.0,2.0,3.61,-1.61,,,,,,,,,,,,,SpeaTy00,72.0,4.0,2.583,1.347,18.0,50.0,10.0,2.0,-2.156,8.022,-1.9,0.04,374.0,0.459,13.0,2001-06-15,2023.0,3.0,81.0,2023,2026,4,71.0,200.0,Tulane,25.2,False,328,3.0146341463414634,0.16158536585365854,1.146341463414634,0.6920731707317073,30,20,4.304878048780488,0.6666666666666666,2.877694091874751,3.085,0.1549,2.54,1.664,24.0,646,0.08668730650154799,0.0872,0.3175,2.389,995,0.6261306532663317,17,58.53,0.5401,0.4599,-0.0385,-0.0573,-0.2208,40.0,35,2.06,16.7,5402.0,2848.0,0.527,5,3,0.4634566520975053,58.4,27.6,41.1,530,378,152,0,93,8,0.287,0.0,0.086,8.592,6.862,5.131,3.846,5.538,122.0,0.916,0.299,5.28,5.867,0.9,3.931,-2.3,8.022,-2.296,0.016,-0.054,-0.033,,145.85,17.52,103,228,fantasypros_ecr,0.0,43.0,47.0,-0.185,40.0,-0.054,Fairly priced
/nfl/rankings/ppr-cheatsheets.php,redraft-overall,ro,Rashid Shaheed,24687,WR,146.85,14.62,121,208,,rashid-shaheed.php,,,42.8,,,,,,11.0,Rashid Shaheed,2026-08-14,SEA,rashid shaheed,24687,00-0037545,fp_id,SEA,SEA,SEA,SEA,SEA,roster_2026,1.0,PR,143,57,WR57,0.0,0.0,0.0,0.0,0.0,0.0,0.0,0.0,0.0,9.0,69.0,0.0,3.0,0.9749342742725275,0.0,59.0,92.0,687.0,2.0,1053.0,177.0,29.0,-4.27938954224811,1.0,2.0,97.6,156.6,18.0,SEA,2.0,127.1,0.0902,0.0096,0.1262,0.167,0.0183,0.2509,0.4261,18.0,3.7,14.82,8.65,5.84,1.0,3.0,18.0,0.056,0.167,0.675,9.0,2.0,2.0,2.0,3.483867175901639,1.0,0.0,0.0,0.0,0.09568069209555878,10.0,2.0,2.0,2.0,3.58,-1.58,2.7616994228702114,6.370222222222221,11.54336956521739,28.133750486782038,-0.2521023212052649,64.13043478260869,,,,,,,ShahRa00,9.0,0.0,,,,92.0,2.0,0.0,8.644,3.0,11.41,0.0,705.0,0.609,18.0,1998-08-31,,,,2022,2026,5,72.0,180.0,Weber State,28.0,False,435,2.8048275862068963,0.2045977011494253,1.206896551724138,0.8091954022988506,31,19,4.266666666666667,0.6129032258064516,2.995508653666123,2.758,0.2121,2.477,1.657,42.0,518,0.052123552123552123,0.0535,0.2266,2.4,997,0.5075225677031093,17,58.65,0.5204,0.4796,-0.0677,-0.0491,0.1122,39.0,60,3.53,28.4,5338.0,5026.0,0.942,5,5,-0.5945717447641805,39.3,60.5,49.9,455,507,39,221,158,37,0.086,0.436,0.234,8.7,7.061,5.422,5.111,0.5,101.0,1.55,0.222,7.467,11.644,0.641,,11.446,3.0,0.652,0.02,,-0.047,,146.85,14.62,121,208,fantasypros_ecr,0.0,39.0,57.0,0.345,54.0,-0.313,Fairly priced
/nfl/rankings/ppr-cheatsheets.php,redraft-overall,ro,Alvin Kamara,16421,RB,148.76,17.47,103,214,,alvin-kamara.php,,,46.0,,,,,,8.0,Alvin Kamara,2026-08-14,NOS,alvin kamara,16421,00-0033906,fp_id,NO,NO,NO,NO,NO,roster_2026,2.0,RB,144,48,RB48,0.0,0.0,0.0,0.0,0.0,0.0,0.0,0.0,0.0,131.0,471.0,1.0,21.0,-28.774972601836286,1.0,33.0,39.0,186.0,0.0,33.0,202.0,7.0,-11.671730328886465,1.0,0.0,67.7,100.7,11.0,NO,1.0,84.2,0.069,0.3011,0.0071,0.1048,0.4729,0.0109,0.1648,11.0,6.2,14.1,9.5,4.9,0.0,1.0,11.0,0.0,0.091,0.516,5.0,2.0,0.0,0.0,1.6940206403577729,15.0,6.0,2.0,1.0,2.4459909713115313,20.0,8.0,2.0,1.0,4.14,-3.14,,,,,,,4.159129511677281,10.687022900763358,2.5406869565217387,-95.38364627604017,-0.7337203559695398,0.3,KamaAl00,131.0,7.0,2.153,1.443,18.71,39.0,2.0,2.0,-0.485,6.121,0.8,0.0513,457.0,0.637,11.0,1995-07-25,2017.0,3.0,67.0,2017,2026,10,70.0,215.0,Tennessee; Hutchinson CC; Alabama,31.1,False,300,2.896333333333333,0.15,0.9566666666666667,0.31666666666666665,20,11,3.72,0.55,2.962003325988386,2.883,0.1505,2.057,1.628,31.0,670,0.07313432835820896,0.0763,0.2132,2.2,1064,0.5968045112781954,17,62.59,0.5383,0.4617,-0.0301,-0.1008,-0.0795,35.0,48,2.82,18.0,5643.0,4426.0,0.784,5,4,-0.42136189488230485,42.4,44.9,41.9,565,435,127,21,113,15,0.225,0.048,0.133,9.155,7.655,6.155,3.545,11.909,170.0,0.592,0.22,4.769,5.636,0.846,3.595,0.846,6.121,5.636,0.006,-0.22,-0.299,,148.76,17.47,103,214,fantasypros_ecr,0.0,44.0,48.0,-0.193,35.0,0.201,Fairly priced
/nfl/rankings/ppr-cheatsheets.php,redraft-overall,ro,Dylan Sampson,27102,RB,149.56,17.35,103,203,,dylan-sampson.php,,,21.1,,,,,,11.0,Dylan Sampson,2026-08-14,CLE,dylan sampson,27102,00-0040162,fp_id,CLE,CLE,CLE,CLE,CLE,roster_2026,2.0,RB,145,49,RB49,0.0,0.0,0.0,0.0,0.0,0.0,0.0,0.0,0.0,65.0,175.0,0.0,12.0,-16.82264719406053,0.0,33.0,40.0,271.0,2.0,-62.0,318.0,8.0,6.899313659843756,1.0,0.0,54.60000000000001,87.60000000000001,15.0,CLE,1.0,71.10000000000001,0.0766,0.1544,-0.0173,0.0862,0.1738,-0.019,0.116,15.0,1.55,10.79,4.4,5.6,2.0,6.0,15.0,0.133,0.4,1.272,6.0,2.0,0.0,2.0,1.775774809173509,7.0,1.0,0.0,0.0,0.7410571403770521,13.0,3.0,0.0,2.0,2.52,-0.52,,,,,,,,,,,,,SampDy00,65.0,6.0,1.154,1.538,10.83,40.0,2.0,0.0,-1.424,9.636,-1.5,0.0,249.0,0.265,15.0,2004-09-14,2025.0,4.0,126.0,2025,2026,2,68.0,201.0,Tennessee,21.9,False,353,2.403116147308782,0.2237960339943343,0.8753541076487252,0.5212464589235127,42,28,3.4107648725212463,0.6666666666666666,2.959741061558557,2.392,0.225,1.808,2.109,31.0,639,0.07981220657276995,0.0842,0.3405,2.444,1028,0.5924124513618677,17,60.47,0.5161,0.4839,-0.0372,-0.0478,-0.2882,39.0,42,2.47,16.4,5503.0,1435.0,0.261,5,1,-1.741936492300181,18.5,26.5,15.1,522,421,88,37,114,23,0.169,0.088,0.202,5.84,4.74,3.64,2.667,4.333,105.0,0.834,0.352,6.775,8.212,0.825,2.692,-1.55,9.636,-4.371,0.019,-0.259,0.172,,149.56,17.35,103,203,fantasypros_ecr,0.0,50.0,49.0,-0.421,52.0,-0.509,Slight reach
/nfl/rankings/ppr-cheatsheets.php,redraft-overall,ro,Isiah Pacheco,24333,RB,151.56,12.45,118,189,,isiah-pacheco.php,,,43.0,,,,,,6.0,Isiah Pacheco,2026-08-14,DET,isiah pacheco,24333,00-0037197,fp_id,DET,DET,DET,DET,DET,roster_2026,2.0,RB,146,50,RB50,0.0,0.0,0.0,0.0,0.0,0.0,0.0,0.0,0.0,118.0,462.0,1.0,27.0,-13.64339287643088,0.0,19.0,26.0,101.0,1.0,-27.0,121.0,4.0,-4.677933279447878,0.0,0.0,68.30000000000001,87.30000000000001,13.0,KC,1.0,77.80000000000001,0.0474,0.2744,-0.0063,0.0644,0.3554,-0.009,0.0903,13.0,3.9,12.48,5.8,3.89,0.0,1.0,13.0,0.0,0.077,0.672,4.0,2.0,1.0,1.0,1.2768562969338717,20.0,7.0,0.0,1.0,2.1758296457775868,24.0,9.0,1.0,2.0,3.45,-1.45,,,,,,,3.8774891774891787,14.40677966101695,2.7904414414414416,-47.80943688716235,-0.41215031799277885,0.3879310344827586,PachIs00,118.0,2.0,2.161,1.754,59.0,26.0,1.0,3.0,-1.053,6.368,-1.0,0.1154,424.0,0.517,13.0,1999-03-02,2022.0,7.0,251.0,2022,2026,5,70.0,210.0,Rutgers,27.5,False,407,2.8449631449631454,0.17444717444717445,1.230958230958231,1.3022113022113022,31,20,4.8108108108108105,0.6451612903225806,2.997145152771477,2.796,0.1795,2.844,1.774,23.0,624,0.0625,0.0608,0.2646,2.297,1051,0.5889628924833492,17,61.82,0.5469,0.4531,-0.0456,-0.0408,0.1681,38.0,65,3.82,28.3,5583.0,2910.0,0.521,5,3,-0.0015935740283760658,50.0,44.8,46.7,550,442,79,167,179,45,0.144,0.378,0.251,6.715,5.985,5.254,2.0,9.077,144.0,0.606,0.206,3.885,5.316,0.731,3.915,-1.038,6.368,-3.741,0.014,-0.116,-0.18,,151.56,12.45,118,189,fantasypros_ecr,0.0,51.0,50.0,-0.429,48.0,-0.298,Slight reach
/nfl/rankings/ppr-cheatsheets.php,redraft-overall,ro,Cam Ward,24755,QB,152.29,21.15,125,246,,cam-ward.php,,,25.5,,,,,,9.0,Cam Ward,2026-08-14,TEN,cam ward,24755,00-0040676,fp_id,TEN,TEN,TEN,TEN,TEN,roster_2026,1.0,QB,147,24,QB24,323.0,540.0,3169.0,15.0,7.0,55.0,3905.0,153.0,-109.09375108860479,39.0,159.0,2.0,15.0,8.494299830379816,0.0,0.0,0.0,0.0,0.0,0.0,0.0,0.0,0.0,0.0,0.0,186.66,186.66,17.0,TEN,1.0,186.66,0.0,0.1032,0.0,0.0,0.1032,0.0,0.0,17.0,6.88,16.22,10.2,5.4,2.0,6.0,17.0,0.118,0.353,0.529,0.0,0.0,0.0,0.0,0.0,7.0,5.0,1.0,2.0,1.0326295381448447,7.0,5.0,1.0,2.0,1.03,0.97,,,,,,,,,,,,,WardCa00,39.0,3.0,2.487,1.59,13.0,,,,,,,,1007.0,0.946,17.0,2002-05-25,2025.0,1.0,1.0,2025,2026,2,74.0,219.0,Miami; Washington State; Incarnate Word,24.2,False,328,3.0146341463414634,0.16158536585365854,1.146341463414634,0.6920731707317073,30,20,4.304878048780488,0.6666666666666666,2.877694091874751,3.085,0.1549,2.54,1.664,24.0,646,0.08668730650154799,0.0872,0.3175,2.389,995,0.6261306532663317,17,58.53,0.5401,0.4599,-0.0385,-0.0573,-0.2208,40.0,35,2.06,16.7,5402.0,2848.0,0.527,5,3,0.4634566520975053,58.4,27.6,41.1,530,378,152,0,93,8,0.287,0.0,0.086,10.98,10.98,10.98,0.0,2.294,39.0,4.786,0.185,,,,4.077,,,,0.051,0.218,,,152.29,21.15,125,246,fantasypros_ecr,0.0,22.0,24.0,-0.079,30.0,-0.43,Fairly priced
/nfl/rankings/ppr-cheatsheets.php,redraft-overall,ro,Chig Okonkwo,23982,TE,153.41,26.85,111,229,,chigoziem-okonkwo.php,,,38.5,,,,,,7.0,Chigoziem Okonkwo,2026-08-14,WAS,chig okonkwo,23982,00-0037809,fp_id,WAS,WAS,WAS,WAS,WAS,roster_2026,1.0,TE,148,17,TE17,0.0,0.0,0.0,0.0,0.0,0.0,0.0,0.0,0.0,0.0,0.0,0.0,0.0,0.0,0.0,56.0,79.0,560.0,2.0,366.0,342.0,24.0,12.671104062712484,0.0,0.0,68.0,124.0,17.0,TEN,1.0,96.0,0.1491,0.0,0.0933,0.1491,0.0,0.0933,0.289,17.0,4.0,11.2,7.3,4.48,2.0,2.0,17.0,0.118,0.118,0.614,5.0,3.0,0.0,2.0,2.182551305402516,0.0,0.0,0.0,0.0,0.0,5.0,3.0,0.0,2.0,2.18,-0.18,3.8640859936594985,5.806842105263158,4.439620253164556,9.037476422630151,1.1720958977472709,70.88607594936708,,,,,,,OkonCh00,,,,,,79.0,6.0,5.0,3.893,6.107,4.7,0.0633,666.0,0.637,17.0,1999-09-08,2022.0,4.0,143.0,2022,2026,5,75.0,238.0,Maryland,26.9,False,345,3.0182608695652173,0.16521739130434782,1.272463768115942,0.8521739130434782,31,17,4.547826086956522,0.5483870967741935,2.968561425726617,2.998,0.1651,2.512,2.219,38.0,564,0.06560283687943262,0.0606,0.2217,2.36,979,0.5148110316649642,17,57.59,0.4747,0.5253,-0.0427,0.0192,-0.0055,38.0,50,2.94,20.9,5375.0,3794.0,0.706,5,4,0.03687914342290299,50.7,56.8,54.8,432,484,138,142,138,56,0.319,0.293,0.406,7.294,5.647,4.0,4.647,0.0,79.0,1.57,0.186,7.089,10.0,0.709,,4.633,6.107,1.53,0.025,,0.16,,153.41,26.85,111,229,fantasypros_ecr,0.0,19.0,17.0,-0.195,26.0,-0.503,Fairly priced
/nfl/rankings/ppr-cheatsheets.php,redraft-overall,ro,Keaton Mitchell,25360,RB,155.54,27.44,122,275,,keaton-mitchell.php,,,28.0,,,,,,7.0,Keaton Mitchell,2026-08-14,LAC,keaton mitchell,25360,00-0038454,fp_id,LAC,LAC,LAC,LAC,LAC,roster_2026,2.0,KR,149,51,RB51,0.0,0.0,0.0,0.0,0.0,0.0,0.0,0.0,0.0,59.0,341.0,1.0,16.0,2.6167700245568994,0.0,9.0,12.0,63.0,0.0,-28.0,85.0,2.0,-5.52936580037931,0.0,0.0,46.4,55.4,13.0,BAL,1.0,50.9,0.0295,0.1164,-0.0083,0.0397,0.1401,-0.0112,0.0517,13.0,2.3,7.44,3.1,3.27,0.0,3.0,13.0,0.0,0.231,1.054,0.0,0.0,0.0,0.0,0.29854104480973925,14.0,2.0,0.0,1.0,1.1164079619519047,14.0,2.0,0.0,1.0,1.41,-0.41,,,,,,,,,,,,,MitcKe01,59.0,2.0,3.61,2.169,29.5,12.0,0.0,1.0,-2.444,9.444,-2.3,0.0833,132.0,0.175,13.0,2002-01-17,,,,2023,2026,4,68.0,191.0,East Carolina,24.6,False,359,2.713091922005571,0.22841225626740946,1.1253481894150419,0.7465181058495822,36,22,4.066852367688022,0.6111111111111112,2.8910496424917547,2.77,0.2195,2.614,1.822,24.0,681,0.0881057268722467,0.0832,0.3427,2.37,1080,0.5787037037037037,17,63.53,0.579,0.421,0.0064,0.0187,-0.0542,39.0,59,3.47,21.6,5784.0,1183.0,0.205,5,1,-0.5169002070393753,40.7,23.0,26.9,544,466,15,23,152,2,0.028,0.049,0.013,4.262,3.915,3.569,0.923,4.538,71.0,0.78,0.42,5.25,7.0,0.75,5.78,-2.333,9.444,-2.25,0.014,0.044,-0.461,,155.54,27.44,122,275,fantasypros_ecr,0.0,57.0,51.0,-0.657,58.0,-0.701,Slight reach
/nfl/rankings/ppr-cheatsheets.php,redraft-overall,ro,Brenton Strange,25345,TE,156.63,25.26,111,236,,brenton-strange.php,,,43.4,,,,,,7.0,Brenton Strange,2026-08-14,JAC,brenton strange,25345,00-0038935,fp_id,JAX,JAX,JAX,JAX,JAX,roster_2026,1.0,TE,150,18,TE18,0.0,0.0,0.0,0.0,0.0,0.0,0.0,0.0,0.0,0.0,0.0,0.0,0.0,0.0,0.0,46.0,60.0,540.0,3.0,414.0,247.0,28.0,31.364750811537206,0.0,0.0,72.0,118.0,12.0,JAX,1.0,95.0,0.1097,0.0,0.0849,0.1579,0.0,0.1215,0.3219,12.0,5.45,14.51,10.2,4.74,2.0,0.0,12.0,0.167,0.0,0.465,10.0,3.0,1.0,3.0,2.9588368380647005,0.0,0.0,0.0,0.0,0.0,10.0,3.0,1.0,3.0,2.96,0.04,3.9054740162817443,6.4605999999999995,6.5755,8.087050634001155,-0.22869974192200715,76.66666666666667,,,,,,,StraBr00,,,,,,60.0,2.0,4.0,6.37,5.37,6.9,0.0667,591.0,0.748,12.0,2000-12-27,2023.0,2.0,61.0,2023,2026,4,76.0,253.0,Penn State,25.6,False,373,2.8525469168900806,0.18498659517426275,1.1099195710455765,0.6836461126005362,30,15,4.131367292225201,0.5,2.9156883624839196,2.885,0.1784,2.219,1.781,22.0,644,0.06366459627329192,0.0647,0.2504,2.395,1074,0.5614525139664804,17,63.18,0.5756,0.4244,0.0164,-0.0041,0.0592,40.0,72,4.24,27.9,5856.0,5856.0,1.0,5,5,-0.5430315206154958,40.2,50.8,44.3,547,489,132,271,198,85,0.241,0.554,0.429,9.833,7.917,6.0,5.0,0.0,60.0,1.967,0.2,9.0,11.739,0.767,,6.9,5.37,1.304,0.05,,0.523,,156.63,25.26,111,236,fantasypros_ecr,0.0,21.0,18.0,-0.248,17.0,-0.073,Fairly priced
/nfl/rankings/ppr-cheatsheets.php,redraft-overall,ro,Denzel Boston,27339,WR,157.29,31.44,115,304,,denzel-boston.php,,,31.5,,,,,,11.0,Denzel Boston,2026-08-14,CLE,denzel boston,27339,00-0041037,fp_id,CLE,CLE,CLE,CLE,CLE,roster_2026,3.0,WR,151,58,WR58,,,,,,,,,,,,,,,,,,,,,,,,,,,,,,,,,,,,,,,,,,,,,,,,,,,,,,,,,,,,,,,,,,,,,,,,,,,,,,,,,,,,,,,,,,,,,,2003-12-06,,,,2026,2026,0,76.0,215.0,Washington,22.7,True,353,2.403116147308782,0.2237960339943343,0.8753541076487252,0.5212464589235127,42,28,3.4107648725212463,0.6666666666666666,2.959741061558557,2.392,0.225,1.808,2.109,31.0,639,0.07981220657276995,0.0842,0.3405,2.444,1028,0.5924124513618677,17,60.47,0.5161,0.4839,-0.0372,-0.0478,-0.2882,39.0,42,2.47,16.4,5503.0,1435.0,0.261,5,1,-1.741936492300181,18.5,26.5,15.1,522,421,88,37,114,23,0.169,0.088,0.202,,,,,,,,,,,,,,,,,,,Rookie - no 2025 NFL production,157.29,31.44,115,304,fantasypros_ecr,0.0,,58.0,,,,
/nfl/rankings/ppr-cheatsheets.php,redraft-overall,ro,Jauan Jennings,19590,WR,157.65,28.04,94,283,,jauan-jennings.php,,,27.4,,,,,,6.0,Jauan Jennings,2026-08-14,MIN,jauan jennings,19590,00-0036259,fp_id,MIN,MIN,MIN,MIN,MIN,roster_2026,3.0,WR,152,59,WR59,0.0,0.0,0.0,0.0,0.0,0.0,0.0,0.0,0.0,0.0,0.0,0.0,0.0,0.0,0.0,55.0,90.0,643.0,9.0,905.0,181.0,36.0,-2.271195145761981,1.0,0.0,118.30000000000001,173.3,15.0,SF,1.0,145.8,0.1636,0.0,0.2191,0.194,0.0,0.2545,0.4692,15.0,7.3,18.0,12.2,5.71,2.0,1.0,15.0,0.133,0.067,0.468,19.0,8.0,5.0,9.0,6.087749497048595,0.0,0.0,0.0,0.0,0.0,19.0,8.0,5.0,9.0,6.09,2.91,2.2130390894813177,5.648352941176471,10.163555555555554,22.42202590475443,0.710569590015091,61.111111111111114,,,,,,,JennJa00,,,,,,90.0,4.0,3.0,8.4,3.291,10.1,0.0333,795.0,0.821,15.0,1997-07-10,2020.0,7.0,217.0,2020,2026,6,75.0,212.0,Tennessee,29.1,False,348,3.0678160919540227,0.16091954022988506,1.2701149425287357,0.5488505747126436,30,21,4.2844827586206895,0.7,3.0555950650203525,2.961,0.1751,2.441,2.049,27.0,571,0.10507880910683012,0.1028,0.3037,2.429,943,0.5800636267232238,17,55.47,0.5369,0.4631,-0.012,-0.0149,-0.1883,39.0,53,3.12,20.2,5009.0,4102.0,0.819,5,5,0.10048516062954754,51.8,26.2,36.0,468,410,82,24,131,17,0.175,0.059,0.13,11.553,9.72,7.887,6.0,0.0,90.0,1.926,0.218,7.144,11.691,0.611,,10.056,3.291,0.71,0.1,,-0.025,,157.65,28.04,94,283,fantasypros_ecr,0.0,33.0,59.0,0.679,34.0,0.634,Slight value
/nfl/rankings/ppr-cheatsheets.php,redraft-overall,ro,Daniel Jones,18232,QB,159.26,33.56,113,295,,daniel-jones.php,,,32.9,,,,,,13.0,Daniel Jones,2026-08-14,IND,daniel jones,18232,00-0035710,fp_id,IND,IND,IND,IND,IND,roster_2026,1.0,QB,153,25,QB25,261.0,384.0,3101.0,19.0,8.0,22.0,3073.0,149.0,65.25551499758664,45.0,164.0,5.0,19.0,16.17640766904544,0.0,0.0,0.0,0.0,0.0,0.0,0.0,0.0,0.0,0.0,0.0,226.44,226.44,13.0,IND,1.0,226.44,0.0,0.1018,0.0,0.0,0.1316,0.0,0.0,13.0,15.5,22.91,16.68,7.08,7.0,1.0,13.0,0.538,0.077,0.425,0.0,0.0,0.0,0.0,0.0,16.0,10.0,6.0,5.0,3.7851695308410105,16.0,10.0,6.0,5.0,3.79,1.21,,,,,,,,,,,,,JoneDa05,45.0,1.0,3.044,0.6,45.0,,,,,,,,756.0,0.915,13.0,1997-05-27,2019.0,1.0,6.0,2019,2026,8,77.0,230.0,Duke,29.2,False,373,3.01769436997319,0.15281501340482573,1.2171581769436997,1.0750670241286864,32,22,4.7319034852546915,0.6875,2.8940363763010377,3.072,0.1487,2.428,2.113,29.0,599,0.048414023372287146,0.047,0.2121,2.237,1011,0.5736894164193868,17,59.47,0.5637,0.4363,-0.0091,0.094,0.0558,39.0,70,4.12,27.4,5369.0,4465.0,0.832,5,5,0.42626114302073953,57.7,58.5,60.3,530,442,147,24,179,20,0.277,0.054,0.112,17.418,17.418,17.418,0.0,3.462,45.0,5.032,0.3,,,,3.644,,,,0.111,0.359,,,159.26,33.56,113,295,fantasypros_ecr,0.0,18.0,25.0,0.132,13.0,0.35,Fairly priced
/nfl/rankings/ppr-cheatsheets.php,redraft-overall,ro,Jerry Jeudy,19201,WR,160.55,23.44,115,269,,jerry-jeudy.php,,,27.9,,,,,,11.0,Jerry Jeudy,2026-08-14,CLE,jerry jeudy,19201,00-0036407,fp_id,CLE,CLE,CLE,CLE,CLE,roster_2026,1.0,WR,154,60,WR60,0.0,0.0,0.0,0.0,0.0,0.0,0.0,0.0,0.0,1.0,5.0,0.0,1.0,2.7333873165771365,0.0,50.0,106.0,602.0,2.0,1288.0,166.0,31.0,-32.30545349802261,1.0,0.0,70.7,120.7,17.0,CLE,1.0,95.7,0.2031,0.0024,0.3587,0.2031,0.0024,0.3587,0.5557,17.0,3.7,11.12,5.1,5.22,1.0,1.0,17.0,0.059,0.059,1.023,9.0,3.0,0.0,2.0,3.1582067045916236,0.0,0.0,0.0,0.0,0.0035709184402228254,9.0,3.0,0.0,2.0,3.16,-1.16,2.472050607213956,5.626857142857142,11.944999999999999,36.49157290417781,-0.02493368928538775,47.16981132075472,,,,,,,JeudJe00,1.0,0.0,,,,106.0,0.0,10.0,8.72,3.32,12.2,0.0943,921.0,0.845,17.0,1999-04-24,2020.0,1.0,15.0,2020,2026,7,73.0,195.0,Alabama,27.3,False,353,2.403116147308782,0.2237960339943343,0.8753541076487252,0.5212464589235127,42,28,3.4107648725212463,0.6666666666666666,2.959741061558557,2.392,0.225,1.808,2.109,31.0,639,0.07981220657276995,0.0842,0.3405,2.444,1028,0.5924124513618677,17,60.47,0.5161,0.4839,-0.0372,-0.0478,-0.2882,39.0,42,2.47,16.4,5503.0,1435.0,0.261,5,1,-1.741936492300181,18.5,26.5,15.1,522,421,88,37,114,23,0.169,0.088,0.202,7.1,5.629,4.159,6.235,0.059,107.0,1.128,0.131,5.679,12.04,0.472,,12.151,3.32,0.467,0.019,,-0.305,,160.55,23.44,115,269,fantasypros_ecr,0.0,51.0,60.0,-0.075,67.0,-0.776,Fairly priced
/nfl/rankings/ppr-cheatsheets.php,redraft-overall,ro,Jonah Coleman,27320,RB,165.71,32.36,127,322,,jonah-coleman.php,,,26.5,,,,,,10.0,Jonah Coleman,2026-08-14,DEN,jonah coleman,27320,00-0041496,fp_id,DEN,DEN,DEN,DEN,DEN,roster_2026,3.0,RB,155,52,RB52,,,,,,,,,,,,,,,,,,,,,,,,,,,,,,,,,,,,,,,,,,,,,,,,,,,,,,,,,,,,,,,,,,,,,,,,,,,,,,,,,,,,,,,,,,,,,,2003-08-20,,,,2026,2026,0,68.0,220.0,Washington; Arizona,23.0,True,354,2.959322033898305,0.17231638418079095,1.2429378531073447,0.807909604519774,29,16,4.423728813559322,0.5517241379310345,2.956234245392568,2.952,0.1682,2.592,1.833,20.0,671,0.03427719821162444,0.037,0.2088,2.401,1079,0.593141797961075,17,63.47,0.59,0.41,0.0157,0.0004,0.0835,38.0,59,3.47,23.6,5797.0,5793.0,0.999,5,5,0.002534775558983432,50.0,70.8,63.2,584,456,4,0,157,1,0.007,0.0,0.006,,,,,,,,,,,,,,,,,,,Rookie - no 2025 NFL production,165.71,32.36,127,322,fantasypros_ecr,0.0,,52.0,,,,
/nfl/rankings/ppr-cheatsheets.php,redraft-overall,ro,Bryce Young,22900,QB,165.87,21.76,134,276,,bryce-young.php,,,23.8,,,,,,5.0,Bryce Young,2026-08-14,CAR,bryce young,22900,00-0039150,fp_id,CAR,CAR,CAR,CAR,CAR,roster_2026,1.0,QB,156,26,QB26,304.0,478.0,3011.0,23.0,11.0,27.0,3102.0,153.0,-21.972916407197374,54.0,216.0,2.0,16.0,4.173175152523126,2.0,0.0,0.0,0.0,0.0,0.0,0.0,0.0,0.0,0.0,0.0,218.04000000000002,218.04000000000002,16.0,CAR,1.0,218.04000000000002,0.0,0.1171,0.0,0.0,0.1247,0.0,0.0,16.0,8.71,20.6,11.83,7.7,4.0,2.0,16.0,0.25,0.125,0.651,0.0,0.0,0.0,0.0,0.0,9.0,5.0,2.0,2.0,1.2973600606511826,9.0,5.0,2.0,2.0,1.3,0.7,,,,,,,,,,,,,YounBr01,54.0,2.0,3.278,0.722,27.0,,,,,,,,964.0,0.968,16.0,2001-07-25,2023.0,1.0,1.0,2023,2026,4,70.0,192.0,Alabama,25.1,False,391,3.167007672634271,0.13810741687979539,1.1585677749360614,0.5345268542199488,29,20,4.29923273657289,0.6896551724137931,2.936153855960689,3.179,0.1391,2.49,1.798,18.0,582,0.06013745704467354,0.0629,0.2718,2.4,996,0.5532128514056225,17,58.59,0.5106,0.4894,-0.061,-0.0262,-0.0498,39.0,48,2.82,18.3,5317.0,3170.0,0.596,5,3,0.7242481938282351,63.1,47.3,56.6,480,461,50,242,136,40,0.104,0.525,0.294,13.628,13.628,13.628,0.0,3.375,54.0,4.038,0.226,,,,4.0,,,,0.037,0.077,,,165.87,21.76,134,276,fantasypros_ecr,0.0,19.0,26.0,0.123,26.0,-0.184,Fairly priced
/nfl/rankings/ppr-cheatsheets.php,redraft-overall,ro,Hunter Henry,15561,TE,166.29,22.34,131,228,,hunter-henry.php,,,63.7,,,,,,11.0,Hunter Henry,2026-08-14,NEP,hunter henry,15561,00-0033090,fp_id,NE,NE,NE,NE,NE,roster_2026,1.0,TE,157,19,TE19,0.0,0.0,0.0,0.0,0.0,0.0,0.0,0.0,0.0,0.0,0.0,0.0,0.0,0.0,0.0,60.0,87.0,768.0,7.0,710.0,335.0,42.0,37.688996646762256,0.0,0.0,118.80000000000001,178.8,17.0,NE,1.0,148.8,0.1805,0.0,0.1587,0.1805,0.0,0.1587,0.3818,17.0,6.6,14.86,9.1,7.28,2.0,1.0,17.0,0.118,0.059,0.8,22.0,10.0,6.0,7.0,6.94968413816847,0.0,0.0,0.0,0.0,0.0,22.0,10.0,6.0,7.0,6.95,0.05,3.01504326959347,6.016249999999999,7.975747126436781,15.758229529789821,0.32456454108416377,68.96551724137932,,,,,,,HenrHu00,,,,,,87.0,1.0,3.0,7.217,5.583,8.0,0.0345,869.0,0.794,17.0,1994-12-07,2016.0,2.0,35.0,2016,2026,11,77.0,249.0,Arkansas,31.7,False,371,2.7795148247978436,0.1940700808625337,1.196765498652291,1.2048517520215634,33,19,4.630727762803234,0.5757575757575758,2.9254952414655953,2.802,0.1883,2.561,1.874,33.0,613,0.07830342577487764,0.0789,0.261,2.406,1017,0.5417895771878073,17,59.82,0.5691,0.4309,0.0242,0.0077,0.2873,38.0,64,3.76,28.8,5553.0,2959.0,0.533,5,3,-0.36940490310560165,43.3,43.5,41.6,482,494,128,10,154,17,0.266,0.02,0.11,10.518,8.753,6.988,5.118,0.0,87.0,2.055,0.206,8.828,12.8,0.69,,8.161,5.583,1.082,0.08,,0.433,,166.29,22.34,131,228,fantasypros_ecr,0.0,9.0,19.0,0.314,13.0,0.138,Fairly priced
/nfl/rankings/ppr-cheatsheets.php,redraft-overall,ro,Omar Cooper Jr.,28127,WR,167.8,31.69,133,301,,omar-cooper-jr.php,,,29.3,,,,,,13.0,Omar Cooper,2026-08-14,NYJ,omar cooper,28127,00-0041511,fp_id,NYJ,NYJ,NYJ,NYJ,NYJ,roster_2026,3.0,WR,158,61,WR61,,,,,,,,,,,,,,,,,,,,,,,,,,,,,,,,,,,,,,,,,,,,,,,,,,,,,,,,,,,,,,,,,,,,,,,,,,,,,,,,,,,,,,,,,,,,,,2003-12-14,,,,2026,2026,0,72.0,199.0,Indiana,22.7,True,334,2.844311377245509,0.18263473053892215,1.1916167664670658,0.9401197604790419,23,17,4.440119760479042,0.7391304347826086,2.901114691721229,2.892,0.1813,2.899,1.697,18.0,608,0.09868421052631579,0.0989,0.3117,2.423,1009,0.5510406342913776,17,59.35,0.4319,0.5681,-0.0877,-0.061,-0.1799,38.0,42,2.47,17.6,5302.0,4286.0,0.808,5,3,0.35028737064963766,56.3,25.8,38.6,472,456,76,117,116,27,0.161,0.257,0.233,,,,,,,,,,,,,,,,,,,Rookie - no 2025 NFL production,167.8,31.69,133,301,fantasypros_ecr,0.0,,61.0,,,,
/nfl/rankings/ppr-cheatsheets.php,redraft-overall,ro,Tank Bigsby,22908,RB,168.33,22.85,132,234,,tank-bigsby.php,,,25.9,,,,,,10.0,Tank Bigsby,2026-08-14,PHI,tank bigsby,22908,00-0038555,fp_id,PHI,PHI,PHI,PHI,PHI,roster_2026,2.0,KR,159,53,RB53,0.0,0.0,0.0,0.0,0.0,0.0,0.0,0.0,0.0,63.0,356.0,2.0,18.0,7.249219272636724,0.0,3.0,4.0,32.0,0.0,-6.0,39.0,1.0,-0.7372515855822712,0.0,0.0,50.8,53.8,15.0,PHI,2.0,52.3,0.004,0.0651,-0.0007,0.0134,0.1903,-0.0022,0.0186,11.0,0.7,9.84,1.9,5.35,1.0,8.0,13.0,0.077,0.615,2.817,1.0,0.0,0.0,0.0,0.17533896341826344,18.0,9.0,6.0,2.0,3.739226206685339,19.0,9.0,6.0,2.0,3.91,-1.91,,,,,,,,,,,,,BigsTa00,63.0,10.0,2.984,2.667,6.3,4.0,1.0,0.0,,,,,139.0,0.126,17.0,2002-08-30,2023.0,3.0,88.0,2023,2026,4,71.0,215.0,Auburn,24.0,False,364,2.776098901098901,0.22252747252747251,1.348901098901099,0.8626373626373627,15,7,4.376373626373627,0.4666666666666667,2.975338302218848,2.749,0.2192,2.6,1.559,33.0,573,0.06108202443280977,0.0577,0.2334,2.491,995,0.5346733668341709,17,58.53,0.5347,0.4653,-0.0248,0.0054,0.0436,39.0,47,2.76,22.3,5320.0,4835.0,0.909,5,5,-0.7945989975117697,35.6,61.6,48.2,464,478,175,12,148,23,0.377,0.025,0.155,3.587,3.487,3.387,0.267,4.2,67.0,0.803,0.387,,,,5.651,,,,0.03,0.115,-0.184,,168.33,22.85,132,234,fantasypros_ecr,0.0,59.0,53.0,-0.673,63.0,-0.849,Slight reach
/nfl/rankings/ppr-cheatsheets.php,redraft-overall,ro,Jalen McMillan,23179,WR,168.98,24.54,128,293,,jalen-mcmillan.php,,,26.9,,,,,,10.0,Jalen McMillan,2026-08-14,TBB,jalen mcmillan,23179,00-0039855,fp_id,TB,TB,TB,TB,TB,roster_2026,3.0,WR,160,62,WR62,0.0,0.0,0.0,0.0,0.0,0.0,0.0,0.0,0.0,1.0,1.0,0.0,0.0,-0.46228136523859575,0.0,12.0,15.0,178.0,0.0,179.0,59.0,8.0,12.489781276620626,0.0,0.0,17.900000000000002,29.9,4.0,TB,1.0,23.9,0.0277,0.0021,0.0413,0.122,0.0088,0.175,0.3055,4.0,3.22,12.73,4.7,7.44,1.0,0.0,4.0,0.25,0.0,1.583,1.0,0.0,0.0,0.0,0.37817911776046875,1.0,0.0,0.0,0.0,0.04467912266450041,2.0,0.0,0.0,0.0,0.42,-0.42,,,,,,,,,,,,,McMiJa01,1.0,0.0,,,,15.0,0.0,1.0,9.917,4.917,11.9,0.0667,138.0,0.515,4.0,2001-12-07,2024.0,3.0,92.0,2024,2026,3,73.0,192.0,Washington,24.7,False,398,2.764070351758794,0.18341708542713567,1.0527638190954773,0.42462311557788945,48,34,3.7613065326633164,0.7083333333333334,2.976963633345108,2.736,0.1938,2.699,1.426,31.0,638,0.05956112852664577,0.0571,0.172,2.292,1065,0.564319248826291,17,62.65,0.5148,0.4852,-0.0347,0.0138,-0.0264,41.0,53,3.12,22.4,5692.0,4502.0,0.791,5,4,-0.20250354300156095,46.3,65.4,57.4,541,472,111,138,136,38,0.205,0.292,0.279,7.475,5.975,4.475,3.75,0.25,16.0,1.869,0.217,11.867,14.833,0.8,,11.933,4.917,0.994,0.0,,0.833,,168.98,24.54,128,293,fantasypros_ecr,0.0,86.0,62.0,-1.538,64.0,-0.574,Overpriced
/nfl/rankings/ppr-cheatsheets.php,redraft-overall,ro,Brian Robinson Jr.,20094,RB,170.02,20.52,144,234,,brian-robinson-jr.php,,,32.8,,,,,,11.0,Brian Robinson,2026-08-14,ATL,brian robinson,20094,00-0037746,fp_id,ATL,ATL,ATL,ATL,ATL,roster_2026,2.0,RB,161,54,RB54,0.0,0.0,0.0,0.0,0.0,0.0,0.0,0.0,0.0,92.0,400.0,2.0,20.0,-0.7196162686965204,0.0,8.0,12.0,25.0,0.0,0.0,35.0,1.0,-4.062714403960854,0.0,0.0,54.5,62.5,17.0,SF,1.0,58.5,0.0218,0.1913,0.0,0.0218,0.1913,0.0,0.0327,17.0,2.1,5.12,2.6,3.2,0.0,9.0,17.0,0.0,0.529,1.232,4.0,1.0,1.0,0.0,1.0259946697743592,13.0,4.0,2.0,2.0,2.217304531113552,17.0,5.0,3.0,2.0,3.24,-1.24,,,,,,,3.7562500000000005,30.434782608695656,2.7184337349397585,-5.8499253561027444,-0.06428489402310708,0.38461538461538464,RobiBr01,92.0,10.0,2.576,1.772,9.2,12.0,0.0,0.0,-1.25,4.375,0.0,0.0,190.0,0.167,17.0,1999-03-22,2022.0,3.0,98.0,2022,2026,3,73.0,225.0,Alabama,27.4,False,439,3.0546697038724373,0.1662870159453303,1.3530751708428246,0.89749430523918,42,22,4.674259681093394,0.5238095238095238,2.9317976654275206,3.071,0.1627,2.522,1.96,31.0,583,0.044596912521440824,0.0494,0.2037,2.4,1036,0.5511583011583011,17,60.94,0.549,0.451,-0.0621,-0.0314,-0.0132,38.0,53,3.12,20.8,5484.0,4377.0,0.798,5,4,0.14901204675380456,52.7,66.9,62.4,519,477,151,160,132,49,0.291,0.335,0.371,3.676,3.441,3.206,0.706,5.412,104.0,0.601,0.329,2.083,3.125,0.667,4.348,0.0,4.375,,0.019,-0.008,-0.339,,170.02,20.52,144,234,fantasypros_ecr,0.0,56.0,54.0,-0.506,62.0,-0.77,Slight reach
/nfl/rankings/ppr-cheatsheets.php,redraft-overall,ro,Adonai Mitchell,24357,WR,171.09,24.55,133,270,,adonai-mitchell.php,,,17.1,,,,,,13.0,Adonai Mitchell,2026-08-14,NYJ,adonai mitchell,24357,00-0039890,fp_id,NYJ,NYJ,NYJ,NYJ,NYJ,roster_2026,2.0,WR,162,63,WR63,0.0,0.0,0.0,0.0,0.0,0.0,0.0,0.0,0.0,1.0,-4.0,0.0,0.0,-1.1126403328380547,0.0,33.0,74.0,453.0,2.0,1102.0,80.0,15.0,-16.11009648335977,1.0,0.0,54.900000000000006,87.9,16.0,NYJ,2.0,71.4,0.0739,0.0011,0.1471,0.1498,0.0025,0.2846,0.4239,16.0,1.28,9.78,3.7,6.79,1.0,6.0,16.0,0.062,0.375,1.835,8.0,2.0,0.0,2.0,2.1601737487344566,0.0,0.0,0.0,0.0,0.015972894482090997,8.0,2.0,0.0,2.0,2.18,-0.18,2.7551420698697213,5.787567567567567,14.778378378378378,25.50765742861541,0.8370694843508864,44.5945945945946,,,,,,,MitcAd00,1.0,0.0,,,,74.0,0.0,2.0,11.303,2.424,14.92,0.027,498.0,0.506,16.0,2002-10-08,2024.0,2.0,52.0,2024,2026,3,74.0,205.0,Texas; Georgia,23.9,False,334,2.844311377245509,0.18263473053892215,1.1916167664670658,0.9401197604790419,23,17,4.440119760479042,0.7391304347826086,2.901114691721229,2.892,0.1813,2.899,1.697,18.0,608,0.09868421052631579,0.0989,0.3117,2.423,1009,0.5510406342913776,17,59.35,0.4319,0.5681,-0.0877,-0.061,-0.1799,38.0,42,2.47,17.6,5302.0,4286.0,0.808,5,3,0.35028737064963766,56.3,25.8,38.6,472,456,76,117,116,27,0.161,0.257,0.233,5.494,4.462,3.431,4.625,0.062,75.0,1.172,0.177,6.122,13.727,0.446,,14.892,2.424,0.411,0.027,,-0.218,,171.09,24.55,133,270,fantasypros_ecr,0.0,65.0,63.0,-0.582,77.0,-1.108,Slight reach
/nfl/rankings/ppr-cheatsheets.php,redraft-overall,ro,Tre Tucker,25337,WR,172.63,28.44,109,289,,tre-tucker.php,,,20.2,,,,,,13.0,Tre Tucker,2026-08-14,LVR,tre tucker,25337,00-0038563,fp_id,LV,LV,LV,LV,LV,roster_2026,1.0,PR,163,64,WR64,0.0,0.0,0.0,0.0,0.0,0.0,0.0,0.0,0.0,11.0,51.0,0.0,1.0,-0.4695345525396988,0.0,57.0,92.0,696.0,5.0,935.0,291.0,32.0,21.81887260248699,0.0,0.0,104.7,161.7,17.0,LV,1.0,133.2,0.1862,0.0298,0.2923,0.1862,0.0298,0.2923,0.4839,17.0,5.0,12.84,6.8,8.94,1.0,1.0,17.0,0.059,0.059,1.314,10.0,5.0,1.0,5.0,3.6058553047193884,1.0,0.0,0.0,0.0,0.1102083820841688,11.0,5.0,1.0,5.0,3.72,1.28,3.6219217863116024,7.618735632183907,10.305434782608698,29.081840796782938,0.23201982594053217,61.95652173913043,,,,,,,TuckTr00,11.0,1.0,,,,92.0,3.0,4.0,7.105,5.105,9.4,0.0435,942.0,0.948,17.0,2001-03-08,2023.0,3.0,100.0,2023,2026,4,68.0,177.0,Cincinnati,25.4,False,307,2.4599348534201955,0.25732899022801303,1.0423452768729642,0.6058631921824105,30,11,3.6482084690553744,0.36666666666666664,2.9188287541736484,2.49,0.2502,1.629,1.94,30.0,598,0.10702341137123746,0.1019,0.2641,2.487,942,0.613588110403397,17,55.41,0.5679,0.4321,-0.0175,-0.2605,-0.187,38.0,38,2.24,14.2,4992.0,1916.0,0.384,5,2,-2.336100063543081,7.8,37.5,15.2,494,369,55,58,106,13,0.111,0.157,0.123,9.512,7.835,6.159,5.412,0.647,103.0,1.57,0.172,7.565,12.211,0.62,,10.163,5.105,0.744,0.049,,0.237,,172.63,28.44,109,289,fantasypros_ecr,0.0,38.0,64.0,0.636,50.0,0.11,Slight value
/nfl/rankings/ppr-cheatsheets.php,redraft-overall,ro,De'Zhaun Stribling,28138,WR,174.84,42.74,100,290,,dezhaun-stribling.php,,,22.7,,,,,,8.0,DeZhaun Stribling,2026-08-14,SFO,dezhaun stribling,28138,00-0041035,fp_id,SF,SF,SF,SF,SF,roster_2026,4.0,WR,164,65,WR65,,,,,,,,,,,,,,,,,,,,,,,,,,,,,,,,,,,,,,,,,,,,,,,,,,,,,,,,,,,,,,,,,,,,,,,,,,,,,,,,,,,,,,,,,,,,,,2002-12-18,,,,2026,2026,0,74.0,207.0,Mississippi; Oklahoma State; Washington State,23.7,True,405,2.914567901234568,0.18024691358024691,1.1753086419753087,0.4024691358024691,29,19,3.948148148148148,0.6551724137931034,2.957108820107495,2.906,0.1848,2.349,1.428,23.0,624,0.04326923076923077,0.0428,0.2125,2.547,1065,0.5661971830985916,17,62.65,0.5521,0.4479,-0.0088,-0.0044,0.1587,38.0,66,3.88,25.7,5615.0,4784.0,0.852,5,4,-0.1969656526141422,46.4,74.5,63.3,550,481,170,94,185,38,0.309,0.195,0.205,,,,,,,,,,,,,,,,,,,Rookie - no 2025 NFL production,174.84,42.74,100,290,fantasypros_ecr,0.0,,65.0,,,,
/nfl/rankings/ppr-cheatsheets.php,redraft-overall,ro,Travis Hunter,26034,WR,175.65,30.86,116,292,,travis-hunter.php,,,66.2,,,,,,7.0,Travis Hunter,2026-08-14,JAC,travis hunter,26034,00-0040718,fp_id,JAX,JAX,JAX,JAX,JAX,roster_2026,1.0,LCB,165,66,WR66,0.0,0.0,0.0,0.0,0.0,0.0,0.0,0.0,0.0,1.0,0.0,0.0,0.0,-0.6611915401881561,0.0,28.0,45.0,298.0,1.0,354.0,140.0,12.0,-2.3070901150441347,0.0,0.0,35.800000000000004,63.800000000000004,7.0,JAX,1.0,49.800000000000004,0.0823,0.002,0.0726,0.1786,0.0056,0.1683,0.3857,7.0,,,,,,,,,,,5.0,2.0,0.0,1.0,1.9554367158118995,1.0,0.0,0.0,0.0,0.04467912266450041,6.0,2.0,0.0,1.0,2.0,-1.0,3.3185259802665024,7.03475,7.594666666666667,7.005374558781931,0.7621094817689293,62.22222222222222,,,,,,,HuntTr00,1.0,0.0,,,,45.0,3.0,2.0,5.643,5.0,7.8,0.0444,324.0,0.663,7.0,2003-05-18,2025.0,1.0,2.0,2025,2026,2,73.0,185.0,Colorado; Jackson State University,23.3,False,373,2.8525469168900806,0.18498659517426275,1.1099195710455765,0.6836461126005362,30,15,4.131367292225201,0.5,2.9156883624839196,2.885,0.1784,2.219,1.781,22.0,644,0.06366459627329192,0.0647,0.2504,2.395,1074,0.5614525139664804,17,63.18,0.5756,0.4244,0.0164,-0.0041,0.0592,40.0,72,4.24,27.9,5856.0,5856.0,1.0,5,5,-0.5430315206154958,40.2,50.8,44.3,547,489,132,271,198,85,0.241,0.554,0.429,9.114,7.114,5.114,6.429,0.143,46.0,1.387,0.197,6.622,10.643,0.622,,7.867,5.0,0.842,0.022,,-0.051,,175.65,30.86,116,292,fantasypros_ecr,0.0,77.0,66.0,-1.002,52.0,0.093,Overpriced
/nfl/rankings/ppr-cheatsheets.php,redraft-overall,ro,Oronde Gadsden II,25997,TE,178.5,35.54,97,246,,oronde-gadsden-ii.php,,,44.9,,,,,,7.0,Oronde Gadsden,2026-08-14,LAC,oronde gadsden,25997,00-0040189,fp_id,LAC,LAC,LAC,LAC,LAC,roster_2026,1.0,TE,166,20,TE20,0.0,0.0,0.0,0.0,0.0,0.0,0.0,0.0,0.0,0.0,0.0,0.0,0.0,0.0,0.0,49.0,69.0,664.0,3.0,624.0,221.0,28.0,16.515055324098682,1.0,0.0,82.4,131.4,15.0,LAC,1.0,106.9,0.1268,0.0,0.1416,0.1429,0.0,0.1633,0.3287,15.0,3.65,12.16,6.1,7.54,2.0,1.0,15.0,0.133,0.067,1.237,15.0,5.0,1.0,3.0,3.9822937833585845,0.0,0.0,0.0,0.0,0.0,15.0,5.0,1.0,3.0,3.98,-0.98,3.163673433649344,5.9575862068965515,9.020434782608696,14.055122110944257,1.3486764729947085,71.01449275362319,,,,,,,GadsOr01,,,,,,69.0,1.0,5.0,9.041,4.51,9.0,0.0725,627.0,0.626,15.0,2003-06-25,2025.0,5.0,165.0,2025,2026,2,77.0,236.0,Syracuse,23.1,False,359,2.713091922005571,0.22841225626740946,1.1253481894150419,0.7465181058495822,36,22,4.066852367688022,0.6111111111111112,2.8910496424917547,2.77,0.2195,2.614,1.822,24.0,681,0.0881057268722467,0.0832,0.3427,2.37,1080,0.5787037037037037,17,63.53,0.579,0.421,0.0064,0.0187,-0.0542,39.0,59,3.47,21.6,5784.0,1183.0,0.205,5,1,-0.5169002070393753,40.7,23.0,26.9,544,466,15,23,152,2,0.028,0.049,0.013,8.76,7.127,5.493,4.6,0.0,69.0,1.904,0.21,9.623,13.551,0.71,,9.043,4.51,1.064,0.043,,0.239,,178.5,35.54,97,246,fantasypros_ecr,0.0,15.0,20.0,0.086,19.0,-0.09,Fairly priced
/nfl/rankings/ppr-cheatsheets.php,redraft-overall,ro,Dalton Schultz,17349,TE,178.88,25.34,97,229,,dalton-schultz.php,,,26.9,,,,,,8.0,Dalton Schultz,2026-08-14,HOU,dalton schultz,17349,00-0034383,fp_id,HOU,HOU,HOU,HOU,HOU,roster_2026,1.0,TE,167,21,TE21,0.0,0.0,0.0,0.0,0.0,0.0,0.0,0.0,0.0,0.0,0.0,0.0,0.0,0.0,0.0,82.0,106.0,777.0,3.0,659.0,358.0,39.0,36.716140571652616,0.0,0.0,95.7,177.70000000000002,17.0,HOU,1.0,136.70000000000002,0.1917,0.0,0.1434,0.1917,0.0,0.1434,0.3879,17.0,5.8,16.78,11.0,5.64,2.0,0.0,17.0,0.118,0.0,0.513,11.0,6.0,4.0,3.0,4.8335822533741535,0.0,0.0,0.0,0.0,0.0,11.0,6.0,4.0,3.0,4.83,-1.83,3.7679802090013466,5.427142857142857,6.25254716981132,14.592447604180656,0.10172412383622564,77.35849056603774,,,,,,,SchuDa00,,,,,,106.0,3.0,2.0,5.11,4.366,6.2,0.0189,827.0,0.711,17.0,1996-07-11,2018.0,4.0,137.0,2018,2026,9,77.0,242.0,Stanford,30.1,False,399,2.7453634085213037,0.20300751879699247,1.1077694235588973,0.49624060150375937,35,17,3.837092731829574,0.4857142857142857,2.881685621942606,2.812,0.1937,2.099,1.8,23.0,643,0.04821150855365474,0.0526,0.2216,2.345,1078,0.5705009276437848,17,63.41,0.5638,0.4362,-0.0098,-0.0779,0.036,38.0,58,3.41,23.8,6010.0,4286.0,0.713,5,2,-0.8783071157455384,34.1,59.3,45.8,553,475,82,21,150,18,0.148,0.044,0.12,10.453,8.041,5.629,6.235,0.0,106.0,1.676,0.215,7.33,9.476,0.774,,6.217,4.366,1.179,0.028,,0.346,,178.88,25.34,97,229,fantasypros_ecr,0.0,10.0,21.0,0.341,15.0,0.121,Fairly priced
/nfl/rankings/ppr-cheatsheets.php,redraft-overall,ro,Tre' Harris,26215,WR,180.35,27.53,123,296,,tre-harris.php,,,13.7,,,,,,7.0,Tre Harris,2026-08-14,LAC,tre harris,26215,00-0040727,fp_id,LAC,LAC,LAC,LAC,LAC,roster_2026,3.0,WR,168,67,WR67,0.0,0.0,0.0,0.0,0.0,0.0,0.0,0.0,0.0,2.0,10.0,0.0,0.0,-0.011971199477557093,0.0,30.0,43.0,324.0,1.0,398.0,139.0,18.0,15.32728224309757,0.0,0.0,39.4,69.4,16.0,LAC,1.0,54.400000000000006,0.079,0.0043,0.0903,0.084,0.0046,0.093,0.1911,16.0,2.35,7.6,4.05,2.88,0.0,3.0,16.0,0.0,0.188,0.71,5.0,1.0,0.0,1.0,1.3225997618810728,1.0,0.0,0.0,0.0,0.05326616403842703,6.0,1.0,0.0,1.0,1.38,-0.38,,,,,,,,,,,,,HarrTr03,2.0,0.0,,,,43.0,1.0,1.0,6.167,4.633,7.7,0.0233,555.0,0.485,17.0,2002-02-28,2025.0,2.0,55.0,2025,2026,2,75.0,210.0,Mississippi; Louisiana Tech,24.5,False,359,2.713091922005571,0.22841225626740946,1.1253481894150419,0.7465181058495822,36,22,4.066852367688022,0.6111111111111112,2.8910496424917547,2.77,0.2195,2.614,1.822,24.0,681,0.0881057268722467,0.0832,0.3427,2.37,1080,0.5787037037037037,17,63.53,0.579,0.421,0.0064,0.0187,-0.0542,39.0,59,3.47,21.6,5784.0,1183.0,0.205,5,1,-0.5169002070393753,40.7,23.0,26.9,544,466,15,23,152,2,0.028,0.049,0.013,4.338,3.4,2.462,2.688,0.125,45.0,1.542,0.125,7.535,10.8,0.698,,9.256,4.633,0.814,0.022,,0.356,,180.35,27.53,123,296,fantasypros_ecr,0.0,74.0,67.0,-0.835,82.0,-1.186,Slight reach
/nfl/rankings/ppr-cheatsheets.php,redraft-overall,ro,Braelon Allen,24346,RB,182.34,31.3,135,266,,braelon-allen.php,,,16.8,,,,,,13.0,Braelon Allen,2026-08-14,NYJ,braelon allen,24346,00-0039794,fp_id,NYJ,NYJ,NYJ,NYJ,NYJ,roster_2026,2.0,RB,169,55,RB55,0.0,0.0,0.0,0.0,0.0,0.0,0.0,0.0,0.0,18.0,76.0,1.0,4.0,-8.699593214565422,1.0,2.0,3.0,17.0,0.0,8.0,9.0,1.0,-0.21452642627991736,0.0,0.0,13.3,15.3,4.0,NYJ,1.0,14.3,0.0064,0.0395,0.0025,0.0288,0.1622,0.0119,0.0515,4.0,0.98,6.81,3.9,3.44,0.0,2.0,4.0,0.0,0.5,0.883,2.0,2.0,1.0,0.0,0.7588608525673584,6.0,3.0,0.0,1.0,0.6255804891665477,8.0,5.0,1.0,1.0,1.38,-0.38,,,,,,,,,,,,,AlleBr05,18.0,0.0,,,,3.0,1.0,1.0,,,,,58.0,0.232,4.0,2004-01-20,2024.0,4.0,134.0,2024,2026,3,73.0,235.0,Wisconsin,22.6,False,334,2.844311377245509,0.18263473053892215,1.1916167664670658,0.9401197604790419,23,17,4.440119760479042,0.7391304347826086,2.901114691721229,2.892,0.1813,2.899,1.697,18.0,608,0.09868421052631579,0.0989,0.3117,2.423,1009,0.5510406342913776,17,59.35,0.4319,0.5681,-0.0877,-0.061,-0.1799,38.0,42,2.47,17.6,5302.0,4286.0,0.808,5,3,0.35028737064963766,56.3,25.8,38.6,472,456,76,117,116,27,0.161,0.257,0.233,3.825,3.575,3.325,0.75,4.5,21.0,0.729,0.264,,,,,,,,0.048,,-0.072,,182.34,31.3,135,266,fantasypros_ecr,0.0,67.0,55.0,-0.953,60.0,-0.647,Slight reach
/nfl/rankings/ppr-cheatsheets.php,redraft-overall,ro,Ryan Flournoy,26398,WR,182.63,25.51,149,327,,ryan-flournoy.php,,,13.0,,,,,,14.0,Ryan Flournoy,2026-08-14,DAL,ryan flournoy,26398,00-0039410,fp_id,DAL,DAL,DAL,DAL,DAL,roster_2026,3.0,WR,170,68,WR68,0.0,0.0,0.0,0.0,0.0,0.0,0.0,0.0,0.0,4.0,25.0,0.0,2.0,0.47284456877969205,0.0,40.0,56.0,475.0,4.0,466.0,204.0,29.0,28.634833070375905,0.0,0.0,74.0,114.0,15.0,DAL,1.0,94.0,0.0923,0.0086,0.0946,0.1041,0.01,0.1107,0.2336,15.0,2.9,11.6,6.4,7.23,1.0,4.0,15.0,0.067,0.267,1.13,7.0,5.0,4.0,4.0,3.1806049657950313,0.0,0.0,0.0,0.0,0.039087625844627646,7.0,5.0,4.0,4.0,3.22,0.78,3.0408148337499634,6.304716981132075,8.791785714285712,9.716175733439638,0.6523587524942895,71.42857142857143,,,,,,,FlouRy00,4.0,0.0,,,,56.0,2.0,2.0,6.775,5.1,8.3,0.0357,479.0,0.448,16.0,1999-10-27,2024.0,6.0,216.0,2024,2026,3,73.0,205.0,Southeast Missouri State; Iowa Western CC,26.8,False,383,3.1652741514360314,0.13054830287206268,1.2558746736292428,0.8459530026109661,34,24,4.663185378590079,0.7058823529411765,3.0401662544448724,3.074,0.1352,2.563,2.03,33.0,681,0.04552129221732746,0.044,0.2356,2.396,1104,0.5932971014492754,17,64.94,0.5628,0.4372,-0.0098,0.005,0.1615,36.0,65,3.82,27.7,5938.0,5037.0,0.848,5,5,0.6426441330126125,61.6,62.2,65.1,607,465,34,0,187,4,0.056,0.0,0.021,7.6,6.267,4.933,3.733,0.267,60.0,1.9,0.238,8.482,11.875,0.714,,8.321,5.1,1.019,0.067,,0.511,,182.63,25.51,149,327,fantasypros_ecr,0.0,56.0,68.0,-0.011,62.0,-0.274,Fairly priced
/nfl/rankings/ppr-cheatsheets.php,redraft-overall,ro,T.J. Hockenson,18290,TE,191.24,21.43,124,246,,tj-hockenson.php,,,49.7,,,,,,6.0,TJ Hockenson,2026-08-14,MIN,t j hockenson,18290,00-0035229,fp_id,MIN,MIN,MIN,MIN,MIN,roster_2026,1.0,TE,171,22,TE22,0.0,0.0,0.0,0.0,0.0,0.0,0.0,0.0,0.0,1.0,0.0,0.0,0.0,-1.1067849059472792,0.0,51.0,66.0,438.0,3.0,329.0,219.0,22.0,14.095465457870558,0.0,0.0,61.8,112.8,15.0,MIN,1.0,87.3,0.141,0.0024,0.0883,0.1557,0.0028,0.0947,0.2998,15.0,4.55,10.57,7.9,4.04,1.0,2.0,15.0,0.067,0.133,0.511,11.0,3.0,2.0,3.0,3.3105939642686977,1.0,0.0,0.0,0.0,0.04467912266450041,12.0,3.0,2.0,3.0,3.36,-0.36,3.75453022718054,6.199333333333333,4.787575757575757,8.307087235194833,-0.1483336569639322,77.27272727272727,,,,,,,HockTJ00,1.0,0.0,,,,66.0,2.0,3.0,4.294,4.294,5.2,0.0455,691.0,0.779,15.0,1997-07-03,2019.0,1.0,8.0,2019,2026,8,77.0,248.0,Iowa,29.1,False,348,3.0678160919540227,0.16091954022988506,1.2701149425287357,0.5488505747126436,30,21,4.2844827586206895,0.7,3.0555950650203525,2.961,0.1751,2.441,2.049,27.0,571,0.10507880910683012,0.1028,0.3037,2.429,943,0.5800636267232238,17,55.47,0.5369,0.4631,-0.012,-0.0149,-0.1883,39.0,53,3.12,20.2,5009.0,4102.0,0.819,5,5,0.10048516062954754,51.8,26.2,36.0,468,410,82,24,131,17,0.175,0.059,0.13,7.52,5.82,4.12,4.4,0.067,67.0,1.684,0.163,6.636,8.588,0.773,,4.985,4.294,1.331,0.045,,0.214,,191.24,21.43,124,246,fantasypros_ecr,0.0,24.0,22.0,-0.237,25.0,-0.282,Fairly priced
/nfl/rankings/ppr-cheatsheets.php,redraft-overall,ro,Jalen Nailor,24177,WR,192.56,42.21,123,305,,jalen-nailor.php,,,26.3,,,,,,13.0,Jalen Nailor,2026-08-14,LVR,jalen nailor,24177,00-0037291,fp_id,LV,LV,LV,LV,LV,roster_2026,2.0,WR,172,69,WR69,0.0,0.0,0.0,0.0,0.0,0.0,0.0,0.0,0.0,2.0,13.0,0.0,1.0,-1.2720050893258303,0.0,29.0,53.0,444.0,4.0,656.0,112.0,23.0,11.562589095304297,0.0,0.0,71.7,100.7,17.0,MIN,1.0,86.2,0.1132,0.0049,0.1761,0.1132,0.0049,0.1761,0.2931,17.0,0.0,8.68,5.7,6.66,2.0,5.0,17.0,0.118,0.294,1.168,12.0,6.0,4.0,4.0,4.21708667096594,0.0,0.0,0.0,0.0,0.019543812922313823,12.0,6.0,4.0,4.0,4.24,-0.24,2.4318935683424594,5.551632653061224,12.969056603773582,18.07063574271638,1.3751557892802801,54.71698113207547,,,,,,,NailJa00,2.0,0.0,,,,53.0,2.0,1.0,11.448,3.862,12.5,0.0189,653.0,0.654,17.0,1999-03-02,2022.0,6.0,191.0,2022,2026,5,71.0,186.0,Michigan State,27.5,False,307,2.4599348534201955,0.25732899022801303,1.0423452768729642,0.6058631921824105,30,11,3.6482084690553744,0.36666666666666664,2.9188287541736484,2.49,0.2502,1.629,1.94,30.0,598,0.10702341137123746,0.1019,0.2641,2.487,942,0.613588110403397,17,55.41,0.5679,0.4321,-0.0175,-0.2605,-0.187,38.0,38,2.24,14.2,4992.0,1916.0,0.384,5,2,-2.336100063543081,7.8,37.5,15.2,494,369,55,58,106,13,0.111,0.157,0.123,5.924,5.071,4.218,3.118,0.118,55.0,1.831,0.154,8.377,15.31,0.547,,12.377,3.862,0.677,0.073,,0.218,,192.56,42.21,123,305,fantasypros_ecr,0.0,59.0,69.0,-0.107,74.0,-0.764,Fairly priced
/nfl/rankings/ppr-cheatsheets.php,redraft-overall,ro,Ray Davis,26191,RB,192.99,30.27,143,263,,ray-davis.php,,,13.5,,,,,,7.0,Ray Davis,2026-08-14,BUF,ray davis,26191,00-0039875,fp_id,BUF,BUF,BUF,BUF,BUF,roster_2026,1.0,KR,173,56,RB56,0.0,0.0,0.0,0.0,0.0,0.0,0.0,0.0,0.0,58.0,275.0,0.0,15.0,1.3505360862473026,0.0,10.0,13.0,86.0,2.0,1.0,99.0,7.0,4.706550692135468,0.0,1.0,54.10000000000001,64.10000000000001,17.0,BUF,1.0,59.10000000000001,0.0271,0.106,0.0003,0.0271,0.106,0.0003,0.0409,17.0,0.1,6.12,1.6,6.26,1.0,11.0,17.0,0.059,0.647,3.914,4.0,2.0,2.0,2.0,1.534412655868593,7.0,3.0,2.0,0.0,1.449410279087827,11.0,5.0,4.0,2.0,2.98,-0.98,,,,,,,,,,,,,DaviRa04,58.0,3.0,2.5,2.241,19.33,13.0,0.0,2.0,-1.3,9.9,0.0,0.1538,168.0,0.143,17.0,1999-11-20,2024.0,4.0,128.0,2024,2026,3,68.0,211.0,Kentucky; Vanderbilt; Temple,26.7,False,419,3.3665871121718376,0.12649164677804295,1.4463007159904535,0.8973747016706444,37,20,5.011933174224343,0.5405405405405406,2.9181796059011273,3.397,0.1265,2.905,2.057,35.0,584,0.0684931506849315,0.0702,0.2,2.507,1065,0.5098591549295775,17,62.65,0.5028,0.4972,-0.0352,0.1102,0.1599,40.0,68,4.0,28.3,5677.0,4330.0,0.763,5,4,1.261941935282192,72.8,64.4,73.6,479,547,19,17,180,2,0.04,0.031,0.011,3.771,3.476,3.182,0.765,3.412,71.0,0.903,0.382,6.615,8.6,0.769,4.741,0.077,9.9,86.0,0.028,0.023,0.362,,192.99,30.27,143,263,fantasypros_ecr,0.0,55.0,56.0,-0.392,61.0,-0.655,Slight reach
/nfl/rankings/ppr-cheatsheets.php,redraft-overall,ro,James Conner,16447,RB,194.7,41.07,117,318,,james-conner.php,,,19.5,,,,,,14.0,James Conner,2026-08-14,ARI,james conner,16447,00-0033553,fp_id,ARI,ARI,ARI,ARI,ARI,roster_2026,3.0,RB,174,57,RB57,0.0,0.0,0.0,0.0,0.0,0.0,0.0,0.0,0.0,32.0,95.0,1.0,7.0,-2.7795420848415233,0.0,8.0,9.0,38.0,1.0,-9.0,68.0,4.0,2.2344548034016043,0.0,0.0,25.3,33.3,3.0,ARI,1.0,29.299999999999997,0.0146,0.0874,-0.002,0.1023,0.4156,-0.0178,0.141,3.0,9.45,13.74,12.2,3.97,0.0,0.0,3.0,0.0,0.0,,1.0,1.0,1.0,1.0,0.5554066256611048,5.0,3.0,3.0,1.0,1.5087395250375482,6.0,4.0,4.0,2.0,2.06,-0.06,,,,,,,,,,,,,ConnJa00,32.0,3.0,,,,9.0,3.0,0.0,,,,,93.0,0.5,3.0,1995-05-05,2017.0,3.0,105.0,2017,2026,10,73.0,233.0,Pittsburgh,31.3,False,292,2.761986301369863,0.19863013698630136,1.1472602739726028,0.8287671232876712,32,21,4.2020547945205475,0.65625,2.9389525318652057,2.771,0.2005,2.593,1.732,22.0,745,0.07919463087248323,0.0839,0.282,2.373,1074,0.6610800744878957,17,63.18,0.6204,0.3796,0.0399,-0.0591,0.0023,39.0,61,3.59,20.9,5838.0,4005.0,0.686,5,3,-0.34443965422600703,43.8,35.6,36.9,617,366,106,173,153,41,0.172,0.473,0.268,11.1,9.767,8.433,3.0,10.667,41.0,,,,,,,,,,,,0.248,,194.7,41.07,117,318,fantasypros_ecr,0.0,62.0,57.0,-0.663,30.0,0.739,Slight reach
/nfl/rankings/ppr-cheatsheets.php,redraft-overall,ro,Kimani Vidal,26355,RB,194.76,35.11,152,288,,kimani-vidal.php,,,11.8,,,,,,7.0,Kimani Vidal,2026-08-14,LAC,kimani vidal,26355,00-0039391,fp_id,LAC,LAC,LAC,LAC,LAC,roster_2026,3.0,KR,175,58,RB58,0.0,0.0,0.0,0.0,0.0,0.0,0.0,0.0,0.0,155.0,643.0,3.0,32.0,-14.089054336971488,0.0,16.0,22.0,136.0,1.0,-14.0,170.0,6.0,0.7387209373868431,0.0,0.0,101.9,117.9,13.0,LAC,1.0,109.9,0.0404,0.3326,-0.0032,0.0541,0.4247,-0.0044,0.0781,13.0,2.9,19.9,5.8,8.35,4.0,3.0,13.0,0.308,0.231,1.44,6.0,3.0,0.0,1.0,1.6264796326069626,26.0,11.0,7.0,3.0,5.21774680994766,32.0,14.0,7.0,4.0,6.84,-2.84,,,,,,,3.903670295489888,31.61290322580645,2.9214696969696967,74.6590465841341,0.4977269772275607,0.36,VidaKi00,155.0,3.0,1.781,2.368,51.67,22.0,3.0,2.0,-2.125,10.625,-0.6,0.0909,481.0,0.545,13.0,2001-08-28,2024.0,6.0,181.0,2024,2026,3,68.0,215.0,Troy,25.0,False,359,2.713091922005571,0.22841225626740946,1.1253481894150419,0.7465181058495822,36,22,4.066852367688022,0.6111111111111112,2.8910496424917547,2.77,0.2195,2.614,1.822,24.0,681,0.0881057268722467,0.0832,0.3427,2.37,1080,0.5787037037037037,17,63.53,0.579,0.421,0.0064,0.0187,-0.0542,39.0,59,3.47,21.6,5784.0,1183.0,0.205,5,1,-0.5169002070393753,40.7,23.0,26.9,544,466,15,23,152,2,0.028,0.049,0.013,9.069,8.454,7.838,1.692,11.923,177.0,0.666,0.245,6.182,8.5,0.727,4.148,-0.636,10.625,-9.714,0.023,-0.091,0.034,,194.76,35.11,152,288,fantasypros_ecr,0.0,41.0,58.0,0.293,36.0,0.511,Fairly priced
/nfl/rankings/ppr-cheatsheets.php,redraft-overall,ro,Kayshon Boutte,22989,WR,195.4,27.4,154,277,,kayshon-boutte.php,,,14.6,,,,,,11.0,Kayshon Boutte,2026-08-14,NEP,kayshon boutte,22989,00-0038608,fp_id,NE,NE,NE,NE,NE,roster_2026,4.0,WR,176,70,WR70,0.0,0.0,0.0,0.0,0.0,0.0,0.0,0.0,0.0,0.0,0.0,0.0,0.0,0.0,0.0,33.0,46.0,551.0,6.0,781.0,38.0,27.0,36.86034117618686,0.0,0.0,91.10000000000001,124.1,14.0,NE,1.0,107.6,0.0954,0.0,0.1745,0.1165,0.0,0.2217,0.3299,14.0,3.62,16.31,6.05,7.37,2.0,1.0,14.0,0.143,0.071,1.219,4.0,2.0,2.0,6.0,1.8774386351375205,0.0,0.0,0.0,0.0,0.0,4.0,2.0,2.0,6.0,1.88,4.12,2.321621965595475,4.895217391304348,17.24717391304348,18.017418556326437,-0.42837328449227385,71.73913043478261,,,,,,,BoutKa00,,,,,,46.0,1.0,1.0,15.545,1.152,17.0,0.0217,607.0,0.675,14.0,2002-05-07,2023.0,6.0,187.0,2023,2026,4,71.0,203.0,LSU,24.3,False,371,2.7795148247978436,0.1940700808625337,1.196765498652291,1.2048517520215634,33,19,4.630727762803234,0.5757575757575758,2.9254952414655953,2.802,0.1883,2.561,1.874,33.0,613,0.07830342577487764,0.0789,0.261,2.406,1017,0.5417895771878073,17,59.82,0.5691,0.4309,0.0242,0.0077,0.2873,38.0,64,3.76,28.8,5553.0,2959.0,0.533,5,3,-0.36940490310560165,43.3,43.5,41.6,482,494,128,10,154,17,0.266,0.02,0.11,8.864,7.686,6.507,3.286,0.0,46.0,2.698,0.204,11.978,16.697,0.717,,16.978,1.152,0.706,0.13,,0.801,,195.4,27.4,154,277,fantasypros_ecr,0.0,50.0,70.0,0.323,53.0,0.191,Fairly priced
/nfl/rankings/ppr-cheatsheets.php,redraft-overall,ro,Jacoby Brissett,15642,QB,195.56,39.11,134,340,,jacoby-brissett.php,,,16.6,,,,,,14.0,Jacoby Brissett,2026-08-14,ARI,jacoby brissett,15642,00-0033119,fp_id,ARI,ARI,ARI,ARI,ARI,roster_2026,1.0,QB,177,27,QB27,315.0,485.0,3366.0,23.0,8.0,43.0,3697.0,165.0,-3.2154313428554455,38.0,168.0,1.0,16.0,7.462795883933954,0.0,0.0,0.0,0.0,0.0,0.0,0.0,0.0,0.0,0.0,0.0,227.44,227.44,14.0,ARI,1.0,227.44,0.0,0.1038,0.0,0.0,0.1293,0.0,0.0,14.0,15.83,20.76,19.23,7.57,9.0,2.0,14.0,0.643,0.143,0.394,0.0,0.0,0.0,0.0,0.0,5.0,5.0,3.0,1.0,1.533154742207654,5.0,5.0,3.0,1.0,1.53,-0.53,,,,,,,,,,,,,BrisJa00,38.0,2.0,3.026,1.395,19.0,,,,,,,,812.0,0.857,14.0,1992-12-11,2016.0,3.0,91.0,2016,2026,11,76.0,235.0,N.C. State; Florida,33.7,False,292,2.761986301369863,0.19863013698630136,1.1472602739726028,0.8287671232876712,32,21,4.2020547945205475,0.65625,2.9389525318652057,2.771,0.2005,2.593,1.732,22.0,745,0.07919463087248323,0.0839,0.282,2.373,1074,0.6610800744878957,17,63.18,0.6204,0.3796,0.0399,-0.0591,0.0023,39.0,61,3.59,20.9,5838.0,4005.0,0.686,5,3,-0.34443965422600703,43.8,35.6,36.9,617,366,106,173,153,41,0.172,0.473,0.268,16.246,16.246,16.246,0.0,2.714,38.0,5.985,0.28,,,,4.421,,,,0.026,0.196,,,195.56,39.11,134,340,fantasypros_ecr,0.0,16.0,27.0,0.29,18.0,0.202,Fairly priced
/nfl/rankings/ppr-cheatsheets.php,redraft-overall,ro,Emmett Johnson,28107,RB,198.0,40.58,148,322,,emmett-johnson.php,,,18.5,,,,,,5.0,Emmett Johnson,2026-08-14,KCC,emmett johnson,28107,00-0041013,fp_id,KC,KC,KC,KC,KC,roster_2026,3.0,RB,178,59,RB59,,,,,,,,,,,,,,,,,,,,,,,,,,,,,,,,,,,,,,,,,,,,,,,,,,,,,,,,,,,,,,,,,,,,,,,,,,,,,,,,,,,,,,,,,,,,,,2003-10-10,,,,2026,2026,0,70.0,202.0,Nebraska,22.9,True,336,3.0196428571428573,0.13392857142857142,0.9583333333333334,0.19642857142857142,48,39,3.7113095238095237,0.8125,2.9061980034779267,3.062,0.1258,2.623,1.591,14.0,686,0.06851311953352769,0.0659,0.2877,2.212,1048,0.6020992366412213,17,61.65,0.5721,0.4279,0.0395,0.0273,0.0399,38.0,63,3.71,21.3,5605.0,4845.0,0.864,5,5,0.8942498700724988,66.2,34.0,50.1,549,430,147,129,166,43,0.268,0.3,0.259,,,,,,,,,,,,,,,,,,,Rookie - no 2025 NFL production,198.0,40.58,148,322,fantasypros_ecr,0.0,,59.0,,,,
/nfl/rankings/ppr-cheatsheets.php,redraft-overall,ro,Malik Washington,26314,WR,199.43,36.47,126,291,,malik-washington.php,,,14.7,,,,,,6.0,Malik Washington,2026-08-14,MIA,malik washington,26314,00-0039880,fp_id,MIA,MIA,MIA,MIA,MIA,roster_2026,1.0,WR,179,71,WR71,0.0,0.0,0.0,0.0,0.0,0.0,0.0,0.0,0.0,17.0,110.0,1.0,5.0,0.11699448490981013,1.0,46.0,65.0,317.0,3.0,337.0,253.0,16.0,-9.825857283310667,0.0,1.0,70.7,116.7,17.0,MIA,1.0,93.7,0.1407,0.0394,0.1021,0.1407,0.0394,0.1021,0.2825,17.0,4.1,9.92,7.0,3.32,0.0,2.0,17.0,0.0,0.118,0.474,11.0,7.0,3.0,3.0,4.076339009322625,3.0,1.0,0.0,1.0,0.3553356715969908,14.0,8.0,3.0,4.0,4.43,-0.43,3.6508982788645628,6.425272727272728,5.191076923076923,10.637419175853797,0.8960191487232079,70.76923076923077,,,,,,,WashMa00,17.0,3.0,,,,65.0,5.0,1.0,1.391,5.5,4.9,0.0154,562.0,0.57,17.0,2000-10-20,2024.0,6.0,184.0,2024,2026,3,68.0,195.0,Virginia; Northwestern,25.8,False,380,2.835526315789474,0.2131578947368421,1.4657894736842105,1.2263157894736842,29,17,4.8578947368421055,0.5862068965517241,2.9450156110798447,2.839,0.2101,2.199,2.532,38.0,530,0.07169811320754717,0.0727,0.2422,2.29,942,0.5498938428874734,17,55.41,0.5279,0.4721,-0.0584,-0.026,-0.0093,41.0,48,2.82,20.4,5041.0,3387.0,0.672,5,4,-0.6920984359417763,37.5,44.5,38.6,462,432,209,28,134,32,0.452,0.065,0.239,6.865,5.512,4.159,3.824,1.0,82.0,1.423,0.208,4.877,6.891,0.708,,5.185,5.5,0.941,0.049,,-0.151,,199.43,36.47,126,291,fantasypros_ecr,0.0,52.0,71.0,0.271,69.0,-0.474,Fairly priced
/nfl/rankings/ppr-cheatsheets.php,redraft-overall,ro,Dontayvion Wicks,24354,WR,199.45,29.58,133,268,,dontayvion-wicks.php,,,8.8,,,,,,10.0,Dontayvion Wicks,2026-08-14,PHI,dontayvion wicks,24354,00-0038393,fp_id,PHI,PHI,PHI,PHI,PHI,roster_2026,2.0,WR,180,72,WR72,0.0,0.0,0.0,0.0,0.0,0.0,0.0,0.0,0.0,1.0,6.0,0.0,0.0,0.4941405840218067,0.0,30.0,46.0,332.0,2.0,517.0,67.0,21.0,14.157983337128767,0.0,0.0,45.800000000000004,75.8,13.0,GB,1.0,60.8,0.1,0.002,0.1265,0.1289,0.0026,0.1583,0.3042,13.0,1.9,7.92,3.9,7.02,1.0,3.0,13.0,0.077,0.231,1.8,4.0,1.0,1.0,2.0,1.547636293973025,0.0,0.0,0.0,0.0,0.0035709184402228254,4.0,1.0,1.0,2.0,1.55,0.45,2.1693210690095976,5.9111627906976745,11.311086956521738,12.941360818998534,0.40891731833324796,65.21739130434783,,,,,,,WickDo00,1.0,0.0,,,,46.0,2.0,2.0,8.833,2.233,11.2,0.0435,408.0,0.446,14.0,2001-06-16,2023.0,5.0,159.0,2023,2026,4,73.0,206.0,Virginia,25.2,False,364,2.776098901098901,0.22252747252747251,1.348901098901099,0.8626373626373627,15,7,4.376373626373627,0.4666666666666667,2.975338302218848,2.749,0.2192,2.6,1.559,33.0,573,0.06108202443280977,0.0577,0.2334,2.491,995,0.5346733668341709,17,58.53,0.5347,0.4653,-0.0248,0.0054,0.0436,39.0,47,2.76,22.3,5320.0,4835.0,0.909,5,5,-0.7945989975117697,35.6,61.6,48.2,464,478,175,12,148,23,0.377,0.025,0.155,5.831,4.677,3.523,3.538,0.077,47.0,1.613,0.186,7.217,11.067,0.652,,11.239,2.233,0.642,0.043,,0.308,,199.45,29.58,133,268,fantasypros_ecr,0.0,71.0,72.0,-0.526,75.0,-0.702,Slight reach
/nfl/rankings/ppr-cheatsheets.php,redraft-overall,ro,Sean Tucker,23679,RB,200.06,34.26,141,299,,sean-tucker.php,,,11.1,,,,,,10.0,Sean Tucker,2026-08-14,TBB,sean tucker,23679,00-0038951,fp_id,TB,TB,TB,TB,TB,roster_2026,3.0,KR,181,60,RB60,0.0,0.0,0.0,0.0,0.0,0.0,0.0,0.0,0.0,86.0,320.0,7.0,22.0,-3.656326136205668,0.0,8.0,11.0,34.0,1.0,-10.0,49.0,1.0,-3.1610324275679886,0.0,0.0,83.4,91.4,17.0,TB,1.0,87.4,0.0203,0.1822,-0.0023,0.0233,0.2087,-0.0026,0.0331,15.0,0.15,8.8,4.25,8.38,1.0,7.0,16.0,0.062,0.438,1.973,3.0,1.0,1.0,1.0,0.9200758933781629,21.0,14.0,11.0,7.0,5.778053725221906,24.0,15.0,12.0,8.0,6.7,1.3,,,,,,,,,,,,,TuckSe00,86.0,5.0,2.756,0.965,17.2,11.0,1.0,1.0,-1.875,6.125,-0.9,0.0909,177.0,0.158,17.0,2001-10-25,,,,2023,2026,4,70.0,205.0,Syracuse,24.8,False,398,2.764070351758794,0.18341708542713567,1.0527638190954773,0.42462311557788945,48,34,3.7613065326633164,0.7083333333333334,2.976963633345108,2.736,0.1938,2.699,1.426,31.0,638,0.05956112852664577,0.0571,0.172,2.292,1065,0.564319248826291,17,62.65,0.5148,0.4852,-0.0347,0.0138,-0.0264,41.0,53,3.12,22.4,5692.0,4502.0,0.791,5,4,-0.20250354300156095,46.3,65.4,57.4,541,472,111,138,136,38,0.205,0.292,0.279,5.376,5.141,4.906,0.647,5.059,97.0,0.942,0.516,3.091,4.25,0.727,3.721,-0.909,6.125,-3.4,0.082,-0.043,-0.287,,200.06,34.26,141,299,fantasypros_ecr,0.0,48.0,60.0,0.057,54.0,-0.207,Fairly priced
/nfl/rankings/ppr-cheatsheets.php,redraft-overall,ro,Greg Dulcich,23153,TE,200.16,43.44,131,306,,greg-dulcich.php,,,14.8,,,,,,6.0,Greg Dulcich,2026-08-14,MIA,greg dulcich,23153,00-0037252,fp_id,MIA,MIA,MIA,MIA,MIA,roster_2026,1.0,TE,182,23,TE23,0.0,0.0,0.0,0.0,0.0,0.0,0.0,0.0,0.0,1.0,-7.0,0.0,0.0,-1.6294796523992647,0.0,26.0,33.0,335.0,1.0,155.0,199.0,14.0,17.511188291435364,1.0,0.0,36.800000000000004,62.800000000000004,9.0,MIA,1.0,49.800000000000004,0.0714,0.0023,0.047,0.15,0.0039,0.0922,0.2895,9.0,4.4,9.34,6.1,3.96,1.0,0.0,9.0,0.111,0.0,0.65,6.0,2.0,0.0,1.0,1.5308033963011054,1.0,1.0,1.0,0.0,0.2601626016260163,7.0,3.0,1.0,1.0,1.79,-0.79,,,,,,,,,,,,,DulcGr00,1.0,0.0,,,,33.0,2.0,0.0,5.231,7.654,4.8,0.0,245.0,0.422,10.0,2000-03-26,2022.0,3.0,80.0,2022,2026,5,76.0,245.0,UCLA,26.4,False,380,2.835526315789474,0.2131578947368421,1.4657894736842105,1.2263157894736842,29,17,4.8578947368421055,0.5862068965517241,2.9450156110798447,2.839,0.2101,2.199,2.532,38.0,530,0.07169811320754717,0.0727,0.2422,2.29,942,0.5498938428874734,17,55.41,0.5279,0.4721,-0.0584,-0.026,-0.0093,41.0,48,2.82,20.4,5041.0,3387.0,0.672,5,4,-0.6920984359417763,37.5,44.5,38.6,462,432,209,28,134,32,0.452,0.065,0.239,6.978,5.533,4.089,3.667,0.111,34.0,1.847,0.256,10.152,12.885,0.788,,4.697,7.654,2.161,0.029,,0.531,,200.16,43.44,131,306,fantasypros_ecr,0.0,30.0,23.0,-0.465,27.0,-0.334,Slight reach
/nfl/rankings/ppr-cheatsheets.php,redraft-overall,ro,Troy Franklin,23092,WR,202.09,37.68,133,328,,troy-franklin.php,,,10.5,,,,,,10.0,Troy Franklin,2026-08-14,DEN,troy franklin,23092,00-0039868,fp_id,DEN,DEN,DEN,DEN,DEN,roster_2026,3.0,WR,183,73,WR73,0.0,0.0,0.0,0.0,0.0,0.0,0.0,0.0,0.0,5.0,12.0,0.0,2.0,-1.7212982622440904,0.0,65.0,104.0,709.0,6.0,1321.0,282.0,32.0,9.788528783931133,1.0,0.0,112.10000000000001,177.1,17.0,DEN,1.0,144.6,0.1781,0.011,0.3015,0.1781,0.011,0.3015,0.4782,17.0,4.1,18.48,8.5,7.63,3.0,1.0,17.0,0.176,0.059,0.897,18.0,8.0,4.0,6.0,5.886216677989567,0.0,0.0,0.0,0.0,0.04028881411038989,18.0,8.0,4.0,6.0,5.93,0.07,3.008025890829162,6.690531914893617,12.681346153846155,30.122031157571623,0.29754820315117225,62.5,,,,,,,FranTr00,5.0,1.0,,,,104.0,3.0,4.0,6.569,4.338,12.7,0.0385,670.0,0.596,17.0,2003-02-06,2024.0,4.0,102.0,2024,2026,3,75.0,187.0,Oregon,23.5,False,354,2.959322033898305,0.17231638418079095,1.2429378531073447,0.807909604519774,29,16,4.423728813559322,0.5517241379310345,2.956234245392568,2.952,0.1682,2.592,1.833,20.0,671,0.03427719821162444,0.037,0.2088,2.401,1079,0.593141797961075,17,63.47,0.59,0.41,0.0157,0.0004,0.0835,38.0,59,3.47,23.6,5797.0,5793.0,0.999,5,5,0.002534775558983432,50.0,70.8,63.2,584,456,4,0,157,1,0.007,0.0,0.006,10.418,8.506,6.594,6.118,0.294,109.0,1.625,0.264,6.817,10.908,0.625,,12.702,4.338,0.537,0.055,,0.094,,202.09,37.68,133,328,fantasypros_ecr,0.0,31.0,73.0,1.262,43.0,0.736,Underpriced
/nfl/rankings/ppr-cheatsheets.php,redraft-overall,ro,Pat Bryant,27211,WR,202.14,30.84,137,280,,pat-bryant.php,,,9.9,,,,,8.0,10.0,Pat Bryant,2026-08-14,DEN,pat bryant,27211,00-0040134,fp_id,DEN,DEN,DEN,DEN,DEN,roster_2026,5.0,WR,184,74,WR74,0.0,0.0,0.0,0.0,0.0,0.0,0.0,0.0,0.0,0.0,0.0,0.0,0.0,0.0,0.0,31.0,49.0,378.0,1.0,410.0,147.0,22.0,14.231253681904544,0.0,0.0,43.800000000000004,74.8,13.0,DEN,1.0,59.3,0.0839,0.0,0.0936,0.1077,0.0,0.1207,0.246,13.0,3.8,9.76,5.3,4.14,0.0,3.0,13.0,0.0,0.231,0.78,8.0,4.0,1.0,1.0,2.5173400100013463,0.0,0.0,0.0,0.0,0.0,8.0,4.0,1.0,1.0,2.52,-1.52,2.4050974668202705,6.329583333333335,8.712040816326532,9.749930910677213,0.8338086996587295,63.26530612244898,,,,,,,BryaPa00,,,,,,49.0,2.0,3.0,7.452,4.742,8.3,0.0612,475.0,0.477,15.0,2002-12-10,2025.0,3.0,74.0,2025,2026,2,74.0,200.0,Illinois,23.7,False,354,2.959322033898305,0.17231638418079095,1.2429378531073447,0.807909604519774,29,16,4.423728813559322,0.5517241379310345,2.956234245392568,2.952,0.1682,2.592,1.833,20.0,671,0.03427719821162444,0.037,0.2088,2.401,1079,0.593141797961075,17,63.47,0.59,0.41,0.0157,0.0004,0.0835,38.0,59,3.47,23.6,5797.0,5793.0,0.999,5,5,0.002534775558983432,50.0,70.8,63.2,584,456,4,0,157,1,0.007,0.0,0.006,5.754,4.562,3.369,3.769,0.0,49.0,1.527,0.157,7.714,12.194,0.633,,8.367,4.742,0.922,0.02,,0.29,,202.14,30.84,137,280,fantasypros_ecr,0.0,72.0,74.0,-0.499,76.0,-0.675,Slight reach
/nfl/rankings/ppr-cheatsheets.php,redraft-overall,ro,Jaylin Noel,27122,WR,203.1,29.97,140,302,,jaylin-noel.php,,,8.1,,,,,,8.0,Jaylin Noel,2026-08-14,HOU,jaylin noel,27122,00-0040138,fp_id,HOU,HOU,HOU,HOU,HOU,roster_2026,1.0,PR,185,75,WR75,0.0,0.0,0.0,0.0,0.0,0.0,0.0,0.0,0.0,6.0,12.0,0.0,0.0,-3.0501134131336585,0.0,26.0,35.0,292.0,2.0,327.0,99.0,13.0,14.1749713203277,0.0,0.0,42.4,68.4,17.0,HOU,1.0,55.400000000000006,0.0633,0.0126,0.0712,0.0633,0.0126,0.0712,0.1448,17.0,0.0,10.7,1.9,4.91,0.0,9.0,17.0,0.0,0.529,2.583,5.0,3.0,2.0,2.0,1.900418002909835,2.0,0.0,0.0,0.0,0.12106001806546408,7.0,3.0,2.0,2.0,2.02,-0.02,,,,,,,,,,,,,NoelJa00,6.0,0.0,,,,35.0,0.0,1.0,7.423,3.808,9.0,0.0286,304.0,0.26,17.0,2002-09-04,2025.0,3.0,79.0,2025,2026,2,71.0,200.0,Iowa State,24.0,False,399,2.7453634085213037,0.20300751879699247,1.1077694235588973,0.49624060150375937,35,17,3.837092731829574,0.4857142857142857,2.881685621942606,2.812,0.1937,2.099,1.8,23.0,643,0.04821150855365474,0.0526,0.2216,2.345,1078,0.5705009276437848,17,63.41,0.5638,0.4362,-0.0098,-0.0779,0.036,38.0,58,3.41,23.8,6010.0,4286.0,0.713,5,2,-0.8783071157455384,34.1,59.3,45.8,553,475,82,21,150,18,0.148,0.044,0.12,4.024,3.259,2.494,2.059,0.353,41.0,1.668,0.225,8.343,11.231,0.743,,9.343,3.808,0.893,0.049,,0.405,,203.1,29.97,140,302,fantasypros_ecr,0.0,75.0,75.0,-0.595,84.0,-0.99,Slight reach
/nfl/rankings/ppr-cheatsheets.php,redraft-overall,ro,Calvin Ridley,17258,WR,204.36,35.76,126,316,,calvin-ridley.php,,,16.8,,,,,,9.0,Calvin Ridley,2026-08-14,TEN,calvin ridley,17258,00-0034837,fp_id,TEN,TEN,TEN,TEN,TEN,roster_2026,3.0,WR,186,76,WR76,0.0,0.0,0.0,0.0,0.0,0.0,0.0,0.0,0.0,0.0,0.0,0.0,0.0,0.0,0.0,17.0,36.0,303.0,0.0,453.0,84.0,13.0,12.221225031865272,0.0,0.0,30.300000000000004,47.3,7.0,TEN,1.0,38.8,0.0679,0.0,0.1155,0.1636,0.0,0.2475,0.4186,7.0,3.25,9.64,5.0,5.48,0.0,0.0,7.0,0.0,0.0,1.097,2.0,1.0,0.0,0.0,0.8671912736423326,0.0,0.0,0.0,0.0,0.0,2.0,1.0,0.0,0.0,0.87,-0.87,,,,,,,,,,,,,RidlCa00,,,,,,36.0,0.0,4.0,12.882,4.941,12.8,0.1111,250.0,0.571,7.0,1994-12-20,2018.0,1.0,26.0,2018,2026,8,73.0,190.0,Alabama,31.7,False,328,3.0146341463414634,0.16158536585365854,1.146341463414634,0.6920731707317073,30,20,4.304878048780488,0.6666666666666666,2.877694091874751,3.085,0.1549,2.54,1.664,24.0,646,0.08668730650154799,0.0872,0.3175,2.389,995,0.6261306532663317,17,58.53,0.5401,0.4599,-0.0385,-0.0573,-0.2208,40.0,35,2.06,16.7,5402.0,2848.0,0.527,5,3,0.4634566520975053,58.4,27.6,41.1,530,378,152,0,93,8,0.287,0.0,0.086,6.757,5.543,4.329,5.143,0.0,36.0,1.314,0.189,8.417,17.824,0.472,,12.583,4.941,0.669,0.0,,0.339,,204.36,35.76,126,316,fantasypros_ecr,0.0,84.0,76.0,-0.954,70.0,-0.341,Slight reach
/nfl/rankings/ppr-cheatsheets.php,redraft-overall,ro,Mike Washington Jr.,28108,RB,206.02,34.45,143,313,,mike-washington-jr.php,,,17.5,,,,,,13.0,Mike Washington,2026-08-14,LVR,mike washington,28108,00-0040878,name_pos,LV,,LV,LV,LV,roster_2026,,,187,61,RB61,,,,,,,,,,,,,,,,,,,,,,,,,,,,,,,,,,,,,,,,,,,,,,,,,,,,,,,,,,,,,,,,,,,,,,,,,,,,,,,,,,,,,,,,,,,,,,2003-07-03,,,,2026,2026,0,73.0,223.0,Arkansas; New Mexico State; Buffalo,23.1,True,307,2.4599348534201955,0.25732899022801303,1.0423452768729642,0.6058631921824105,30,11,3.6482084690553744,0.36666666666666664,2.9188287541736484,2.49,0.2502,1.629,1.94,30.0,598,0.10702341137123746,0.1019,0.2641,2.487,942,0.613588110403397,17,55.41,0.5679,0.4321,-0.0175,-0.2605,-0.187,38.0,38,2.24,14.2,4992.0,1916.0,0.384,5,2,-2.336100063543081,7.8,37.5,15.2,494,369,55,58,106,13,0.111,0.157,0.123,,,,,,,,,,,,,,,,,,,Rookie - no 2025 NFL production,206.02,34.45,143,313,fantasypros_ecr,0.0,,61.0,,,,
/nfl/rankings/ppr-cheatsheets.php,redraft-overall,ro,AJ Barner,26335,TE,208.35,25.25,138,261,,aj-barner.php,,,24.1,,,,,,11.0,AJ Barner,2026-08-14,SEA,aj barner,26335,00-0039793,fp_id,SEA,SEA,SEA,SEA,SEA,roster_2026,1.0,TE,188,24,TE24,0.0,0.0,0.0,0.0,0.0,0.0,0.0,0.0,0.0,10.0,14.0,1.0,9.0,7.232803527265787,0.0,52.0,68.0,519.0,6.0,297.0,271.0,26.0,27.943031145209513,0.0,0.0,95.3,147.3,17.0,SEA,1.0,121.30000000000001,0.1495,0.0197,0.081,0.1495,0.0197,0.081,0.281,17.0,3.4,14.32,7.7,6.49,2.0,3.0,17.0,0.118,0.176,0.843,13.0,6.0,3.0,6.0,4.32441184218035,3.0,2.0,1.0,1.0,0.7584684437091467,16.0,8.0,4.0,7.0,5.08,1.92,4.103580064882184,4.621851851851852,4.7632352941176475,8.580609782266034,0.7814118866882112,76.47058823529412,,,,,,,BarnAJ00,10.0,0.0,,,,68.0,3.0,2.0,4.769,5.212,4.5,0.0294,827.0,0.773,17.0,2002-05-03,2024.0,4.0,121.0,2024,2026,3,78.0,251.0,Michigan; Indiana,24.3,False,435,2.8048275862068963,0.2045977011494253,1.206896551724138,0.8091954022988506,31,19,4.266666666666667,0.6129032258064516,2.995508653666123,2.758,0.2121,2.477,1.657,42.0,518,0.052123552123552123,0.0535,0.2266,2.4,997,0.5075225677031093,17,58.65,0.5204,0.4796,-0.0677,-0.0491,0.1122,39.0,60,3.53,28.4,5338.0,5026.0,0.942,5,5,-0.5945717447641805,39.3,60.5,49.9,455,507,39,221,158,37,0.086,0.436,0.234,8.665,7.135,5.606,4.0,0.588,78.0,1.888,0.178,7.632,9.981,0.765,,4.368,5.212,1.747,0.09,,0.411,,208.35,25.25,138,261,fantasypros_ecr,0.0,14.0,24.0,0.272,20.0,0.008,Fairly priced
/nfl/rankings/ppr-cheatsheets.php,redraft-overall,ro,Isaac TeSlaa,27446,WR,208.59,26.21,163,278,,isaac-teslaa.php,,,16.4,,,,,,6.0,Isaac TeSlaa,2026-08-14,DET,isaac teslaa,27446,00-0040669,fp_id,DET,DET,DET,DET,DET,roster_2026,3.0,WR,189,77,WR77,0.0,0.0,0.0,0.0,0.0,0.0,0.0,0.0,0.0,0.0,0.0,0.0,0.0,0.0,0.0,16.0,27.0,239.0,6.0,352.0,55.0,14.0,17.831132940770182,0.0,0.0,59.9,75.9,14.0,DET,1.0,67.9,0.0491,0.0,0.0958,0.0584,0.0,0.1171,0.1696,14.0,0.0,11.62,3.35,5.61,0.0,5.0,14.0,0.0,0.357,1.674,11.0,3.0,2.0,6.0,2.711735316336002,0.0,0.0,0.0,0.0,0.0,11.0,3.0,2.0,6.0,2.71,3.29,,,,,,,,,,,,,TeSlIs00,,,,,,27.0,0.0,0.0,11.5,3.438,13.1,0.0,436.0,0.396,17.0,2002-02-20,2025.0,3.0,70.0,2025,2026,2,76.0,214.0,Arkansas; Hillsdale,24.5,False,407,2.8449631449631454,0.17444717444717445,1.230958230958231,1.3022113022113022,31,20,4.8108108108108105,0.6451612903225806,2.997145152771477,2.796,0.1795,2.844,1.774,23.0,624,0.0625,0.0608,0.2646,2.297,1051,0.5889628924833492,17,61.82,0.5469,0.4531,-0.0456,-0.0408,0.1681,38.0,65,3.82,28.3,5583.0,2910.0,0.521,5,3,-0.0015935740283760658,50.0,44.8,46.7,550,442,79,167,179,45,0.144,0.378,0.251,5.421,4.85,4.279,1.929,0.0,27.0,2.811,0.174,8.852,14.938,0.593,,13.037,3.438,0.679,0.222,,0.66,,208.59,26.21,163,278,fantasypros_ecr,0.0,70.0,77.0,-0.305,79.0,-0.7,Fairly priced
/nfl/rankings/ppr-cheatsheets.php,redraft-overall,ro,Emanuel Wilson,25885,RB,208.66,35.97,143,290,,emanuel-wilson.php,,,10.1,,,,,,11.0,Emanuel Wilson,2026-08-14,SEA,emanuel wilson,25885,00-0038797,fp_id,SEA,SEA,SEA,SEA,SEA,roster_2026,4.0,RB,190,62,RB62,0.0,0.0,0.0,0.0,0.0,0.0,0.0,0.0,0.0,125.0,496.0,3.0,32.0,-7.709898549858851,0.0,15.0,17.0,99.0,0.0,-32.0,133.0,5.0,1.0183610100896305,0.0,0.0,79.5,94.5,17.0,GB,1.0,87.0,0.037,0.2541,-0.0078,0.037,0.2541,-0.0078,0.05,17.0,1.4,11.46,2.5,6.94,1.0,8.0,17.0,0.059,0.471,2.776,2.0,1.0,0.0,0.0,0.6331637724522771,24.0,8.0,4.0,3.0,3.5450303028718166,26.0,9.0,4.0,3.0,4.18,-1.18,,,,,,,3.850141129032257,28.000000000000004,2.5557068965517247,-26.727875771533604,-0.21382300617226882,0.384,WilsEm00,125.0,7.0,1.736,2.232,17.86,17.0,2.0,1.0,-2.267,8.867,-1.9,0.0588,326.0,0.311,17.0,1999-05-08,,,,2023,2026,4,70.0,226.0,Fort Valley State College,27.3,False,435,2.8048275862068963,0.2045977011494253,1.206896551724138,0.8091954022988506,31,19,4.266666666666667,0.6129032258064516,2.995508653666123,2.758,0.2121,2.477,1.657,42.0,518,0.052123552123552123,0.0535,0.2266,2.4,997,0.5075225677031093,17,58.65,0.5204,0.4796,-0.0677,-0.0491,0.1122,39.0,60,3.53,28.4,5338.0,5026.0,0.942,5,5,-0.5945717447641805,39.3,60.5,49.9,455,507,39,221,158,37,0.086,0.436,0.234,5.559,5.118,4.676,1.0,7.353,142.0,0.665,0.29,5.824,6.6,0.882,3.968,-1.882,8.867,-3.094,0.021,-0.062,0.06,,208.66,35.97,143,290,fantasypros_ecr,0.0,46.0,62.0,0.215,53.0,-0.092,Fairly priced
/nfl/rankings/ppr-cheatsheets.php,redraft-overall,ro,Darnell Mooney,19810,WR,208.67,25.21,136,296,,darnell-mooney.php,,,11.2,,,,,,8.0,Darnell Mooney,2026-08-14,NYG,darnell mooney,19810,00-0036309,fp_id,NYG,NYG,NYG,NYG,NYG,roster_2026,4.0,WR,191,78,WR78,0.0,0.0,0.0,0.0,0.0,0.0,0.0,0.0,0.0,0.0,0.0,0.0,0.0,0.0,0.0,32.0,72.0,443.0,1.0,1019.0,73.0,25.0,3.6679175114696045,0.0,0.0,50.300000000000004,82.3,15.0,ATL,1.0,66.3,0.1387,0.0,0.2435,0.1614,0.0,0.2777,0.4365,15.0,2.6,8.21,4.5,3.83,0.0,2.0,15.0,0.0,0.133,0.85,8.0,3.0,1.0,1.0,2.6795186566298197,0.0,0.0,0.0,0.0,0.0,8.0,3.0,1.0,1.0,2.68,-1.68,3.018190615882234,6.569305555555555,14.16777777777778,24.951812533633383,-0.22524291016913223,44.44444444444444,,,,,,,MoonDa00,,,,,,72.0,1.0,5.0,11.562,2.281,13.9,0.0694,778.0,0.819,15.0,1997-10-29,2020.0,5.0,173.0,2020,2026,7,71.0,180.0,Tulane,28.8,False,396,2.9964646464646463,0.14646464646464646,1.0808080808080809,0.44191919191919193,24,15,4.007575757575758,0.625,2.970851609928484,2.974,0.1475,2.714,1.581,16.0,624,0.07692307692307693,0.076,0.2947,2.388,1079,0.5338276181649676,17,63.47,0.494,0.506,-0.0466,0.0356,-0.008,36.0,61,3.59,22.4,5756.0,4159.0,0.723,5,4,0.3758722777586546,56.8,36.8,45.9,503,511,177,3,162,21,0.352,0.006,0.13,5.487,4.42,3.353,4.8,0.0,72.0,1.143,0.106,6.153,13.844,0.444,,14.153,2.281,0.435,0.014,,0.051,,208.67,25.21,136,296,fantasypros_ecr,0.0,68.0,78.0,-0.182,78.0,-0.621,Fairly priced
/nfl/rankings/ppr-cheatsheets.php,redraft-overall,ro,Tank Dell,25361,WR,214.57,27.67,150,281,,nathaniel-dell.php,,,20.4,,,,,,8.0,Tank Dell,2026-08-14,HOU,tank dell,25361,00-0038977,fp_id,HOU,HOU,HOU,HOU,HOU,roster_2026,2.0,PR,192,79,WR79,,,,,,,,,,,,,,,,,,,,,,,,,,,,,,,,,,,,,,,,,,,,,,,,,,,,,,,,,,,,,,,,,,,,,,,,,,,,,,,,,,,,,,,,,,,,,,1999-10-29,2023.0,3.0,69.0,2023,2026,4,70.0,165.0,Houston; Independence Comm. College; Alabama A&M,26.8,False,399,2.7453634085213037,0.20300751879699247,1.1077694235588973,0.49624060150375937,35,17,3.837092731829574,0.4857142857142857,2.881685621942606,2.812,0.1937,2.099,1.8,23.0,643,0.04821150855365474,0.0526,0.2216,2.345,1078,0.5705009276437848,17,63.41,0.5638,0.4362,-0.0098,-0.0779,0.036,38.0,58,3.41,23.8,6010.0,4286.0,0.713,5,2,-0.8783071157455384,34.1,59.3,45.8,553,475,82,21,150,18,0.148,0.044,0.12,,,,,,0.0,,,,,,,,,,,,,No 2025 regular-season production - missed season,214.57,27.67,150,281,fantasypros_ecr,0.0,,79.0,,,,
/nfl/rankings/ppr-cheatsheets.php,redraft-overall,ro,Nicholas Singleton,24343,RB,216.81,42.14,135,323,,nick-singleton.php,,,17.0,,,,,,9.0,Nicholas Singleton,2026-08-14,TEN,nicholas singleton,24343,00-0040886,fp_id,TEN,TEN,TEN,TEN,TEN,roster_2026,3.0,RB,193,63,RB63,,,,,,,,,,,,,,,,,,,,,,,,,,,,,,,,,,,,,,,,,,,,,,,,,,,,,,,,,,,,,,,,,,,,,,,,,,,,,,,,,,,,,,,,,,,,,,2004-01-06,,,,2026,2026,0,72.0,219.0,Penn State,22.6,True,328,3.0146341463414634,0.16158536585365854,1.146341463414634,0.6920731707317073,30,20,4.304878048780488,0.6666666666666666,2.877694091874751,3.085,0.1549,2.54,1.664,24.0,646,0.08668730650154799,0.0872,0.3175,2.389,995,0.6261306532663317,17,58.53,0.5401,0.4599,-0.0385,-0.0573,-0.2208,40.0,35,2.06,16.7,5402.0,2848.0,0.527,5,3,0.4634566520975053,58.4,27.6,41.1,530,378,152,0,93,8,0.287,0.0,0.086,,,,,,,,,,,,,,,,,,,Rookie - no 2025 NFL production,216.81,42.14,135,323,fantasypros_ecr,0.0,,63.0,,,,
/nfl/rankings/ppr-cheatsheets.php,redraft-overall,ro,Kenyon Sadiq,26055,TE,218.32,37.7,144,392,,kenyon-sadiq.php,,,57.0,,,,,,13.0,Kenyon Sadiq,2026-08-14,NYJ,kenyon sadiq,26055,00-0041032,fp_id,NYJ,NYJ,NYJ,NYJ,NYJ,roster_2026,1.0,TE,194,25,TE25,,,,,,,,,,,,,,,,,,,,,,,,,,,,,,,,,,,,,,,,,,,,,,,,,,,,,,,,,,,,,,,,,,,,,,,,,,,,,,,,,,,,,,,,,,,,,,2005-03-04,,,,2026,2026,0,75.0,241.0,Oregon,21.5,True,334,2.844311377245509,0.18263473053892215,1.1916167664670658,0.9401197604790419,23,17,4.440119760479042,0.7391304347826086,2.901114691721229,2.892,0.1813,2.899,1.697,18.0,608,0.09868421052631579,0.0989,0.3117,2.423,1009,0.5510406342913776,17,59.35,0.4319,0.5681,-0.0877,-0.061,-0.1799,38.0,42,2.47,17.6,5302.0,4286.0,0.808,5,3,0.35028737064963766,56.3,25.8,38.6,472,456,76,117,116,27,0.161,0.257,0.233,,,,,,,,,,,,,,,,,,,Rookie - no 2025 NFL production,218.32,37.7,144,392,fantasypros_ecr,0.0,,25.0,,,,
/nfl/rankings/ppr-cheatsheets.php,redraft-overall,ro,Antonio Williams,25418,WR,219.38,40.11,136,328,,antonio-williams-wr.php,,,18.7,,,,,,7.0,Antonio Williams,2026-08-14,WAS,antonio williams,25418,00-0041040,fp_id,WAS,WAS,WAS,WAS,WAS,roster_2026,4.0,WR,195,80,WR80,,,,,,,,,,,,,,,,,,,,,,,,,,,,,,,,,,,,,,,,,,,,,,,,,,,,,,,,,,,,,,,,,,,,,,,,,,,,,,,,,,,,,,,,,,,,,,2004-07-14,,,,2026,2026,0,71.0,190.0,Clemson,22.1,True,345,3.0182608695652173,0.16521739130434782,1.272463768115942,0.8521739130434782,31,17,4.547826086956522,0.5483870967741935,2.968561425726617,2.998,0.1651,2.512,2.219,38.0,564,0.06560283687943262,0.0606,0.2217,2.36,979,0.5148110316649642,17,57.59,0.4747,0.5253,-0.0427,0.0192,-0.0055,38.0,50,2.94,20.9,5375.0,3794.0,0.706,5,4,0.03687914342290299,50.7,56.8,54.8,432,484,138,142,138,56,0.319,0.293,0.406,,,,,,,,,,,,,,,,,,,Rookie - no 2025 NFL production,219.38,40.11,136,328,fantasypros_ecr,0.0,,80.0,,,,
/nfl/rankings/ppr-cheatsheets.php,redraft-overall,ro,MarShawn Lloyd,23118,RB,220.8,54.0,136,330,,marshawn-lloyd.php,,,10.5,,,,,,11.0,MarShawn Lloyd,2026-08-14,GBP,marshawn lloyd,23118,00-0039811,fp_id,GB,GB,GB,GB,GB,roster_2026,2.0,RB,196,64,RB64,,,,,,,,,,,,,,,,,,,,,,,,,,,,,,,,,,,,,,,,,,,,,,,,,,,,,,,,,,,,,,,,,,,,,,,,,,,,,,,,,,,,,,,,,,,,,,2001-01-05,2024.0,3.0,88.0,2024,2026,3,69.0,220.0,USC; South Carolina,25.6,False,386,2.972279792746114,0.15544041450777202,1.1269430051813472,0.3911917098445596,43,26,3.966321243523316,0.6046511627906976,3.01595136627878,2.905,0.1629,2.199,1.941,30.0,552,0.05253623188405797,0.0493,0.2454,2.41,993,0.5226586102719033,17,58.41,0.5063,0.4937,-0.0441,-0.0102,0.229,39.0,59,3.47,23.0,5321.0,3745.0,0.704,5,4,-0.26169708218232307,45.3,58.7,52.5,460,492,155,148,161,52,0.337,0.301,0.323,,,,,,0.0,,,,,,,,,,,,,No 2025 regular-season production - missed season,220.8,54.0,136,330,fantasypros_ecr,0.0,,64.0,,,,
/nfl/rankings/ppr-cheatsheets.php,redraft-overall,ro,Rashod Bateman,19794,WR,220.8,28.38,163,296,,rashod-bateman.php,,,7.8,,,,,,13.0,Rashod Bateman,2026-08-14,BAL,rashod bateman,19794,00-0036550,fp_id,BAL,BAL,BAL,BAL,BAL,roster_2026,2.0,WR,197,81,WR81,0.0,0.0,0.0,0.0,0.0,0.0,0.0,0.0,0.0,0.0,0.0,0.0,0.0,0.0,0.0,19.0,38.0,224.0,2.0,468.0,39.0,12.0,-1.6757597344176505,0.0,0.0,36.4,55.400000000000006,13.0,BAL,1.0,45.900000000000006,0.0934,0.0,0.1386,0.1141,0.0,0.1757,0.2941,13.0,1.7,7.54,3.4,4.77,0.0,5.0,13.0,0.0,0.385,1.404,8.0,3.0,1.0,2.0,2.2270573276736334,0.0,0.0,0.0,0.0,0.0,8.0,3.0,1.0,2.0,2.23,-0.23,,,,,,,,,,,,,BateRa00,,,,,,38.0,0.0,3.0,9.737,2.053,12.3,0.0789,550.0,0.693,13.0,1999-11-29,2021.0,1.0,27.0,2021,2026,6,73.0,193.0,Minnesota,26.7,False,392,3.0367346938775515,0.15306122448979592,1.3112244897959184,1.5127551020408163,37,24,5.244897959183674,0.6486486486486487,2.952764271990162,3.032,0.1574,3.144,2.107,24.0,501,0.08982035928143713,0.0849,0.2725,2.454,956,0.4874476987447699,17,56.24,0.4667,0.5333,-0.0884,0.0996,-0.035,39.0,61,3.59,24.9,5080.0,2908.0,0.572,5,2,0.7827893624579995,64.1,41.0,53.2,407,507,75,64,160,26,0.184,0.126,0.162,4.262,3.531,2.8,2.923,0.0,38.0,1.458,0.101,5.895,11.789,0.5,,12.316,2.053,0.479,0.053,,-0.044,,220.8,28.38,163,296,fantasypros_ecr,0.0,80.0,81.0,-0.602,83.0,-0.734,Slight reach
/nfl/rankings/ppr-cheatsheets.php,redraft-overall,ro,Aaron Rodgers,9001,QB,221.65,43.52,147,343,,aaron-rodgers.php,,,15.3,,,,,,9.0,Aaron Rodgers,2026-08-14,PIT,aaron rodgers,9001,00-0023459,fp_id,PIT,PIT,PIT,PIT,PIT,roster_2026,1.0,QB,198,28,QB28,327.0,498.0,3322.0,24.0,7.0,29.0,3008.0,143.0,28.32458581441677,21.0,61.0,1.0,4.0,-2.951207073699914,0.0,1.0,1.0,-9.0,0.0,-9.0,0.0,0.0,-1.5339853016193956,0.0,0.0,226.08,227.08,16.0,PIT,1.0,226.58,0.0019,0.0516,-0.0028,0.002,0.0566,-0.003,0.0009,16.0,10.18,20.54,14.17,6.24,4.0,2.0,16.0,0.25,0.125,0.44,0.0,0.0,0.0,0.0,0.0038984183559812877,3.0,2.0,2.0,1.0,1.1877839684970124,3.0,2.0,2.0,1.0,1.19,-0.19,,,,,,,,,,,,,RodgAa00,21.0,0.0,2.762,0.143,,1.0,0.0,0.0,,,,,918.0,0.957,16.0,1983-12-02,2005.0,1.0,24.0,2005,2026,22,74.0,223.0,California; Butte College,42.7,False,368,2.856521739130435,0.17391304347826086,1.2173913043478262,0.8641304347826086,50,34,4.366847826086956,0.68,2.9347229330117464,2.87,0.172,2.285,2.029,42.0,591,0.05245346869712352,0.0526,0.1636,2.209,975,0.5948717948717949,17,57.35,0.5795,0.4205,-0.007,0.0188,0.0312,40.0,51,3.0,23.4,5344.0,4403.0,0.824,5,5,-0.19256088395271825,46.5,65.1,57.4,522,407,179,129,156,59,0.343,0.317,0.378,14.192,14.161,14.13,0.062,1.312,22.0,10.322,0.247,,,,2.905,,,,0.045,-0.141,-1.534,,221.65,43.52,147,343,fantasypros_ecr,0.0,17.0,28.0,0.282,24.0,-0.025,Fairly priced
/nfl/rankings/ppr-cheatsheets.php,redraft-overall,ro,Cooper Kupp,16433,WR,222.0,30.82,140,298,,cooper-kupp.php,,,12.7,,,,,,11.0,Cooper Kupp,2026-08-14,SEA,cooper kupp,16433,00-0033908,fp_id,SEA,SEA,SEA,SEA,SEA,roster_2026,3.0,WR,199,82,WR82,0.0,1.0,0.0,0.0,1.0,0.0,9.0,0.0,-5.370166467153467,0.0,0.0,0.0,0.0,0.0,0.0,47.0,70.0,593.0,2.0,532.0,293.0,26.0,7.638549692919278,1.0,0.0,69.3,116.3,16.0,SEA,1.0,92.8,0.1538,0.0,0.145,0.1624,0.0,0.1537,0.3512,16.0,4.78,11.8,6.0,4.05,0.0,1.0,16.0,0.0,0.062,0.676,12.0,4.0,2.0,2.0,3.5690459298858572,0.0,0.0,0.0,0.0,0.0,12.0,4.0,2.0,2.0,3.57,-1.57,3.0228409010785424,6.144923076923077,8.28057142857143,15.355556203126532,2.0740051203417336,67.14285714285714,,,,,,,KuppCo00,,,,,,70.0,2.0,3.0,6.383,6.234,7.4,0.0429,768.0,0.756,16.0,1993-06-15,2017.0,3.0,69.0,2017,2026,10,74.0,207.0,Eastern Washington,33.2,False,435,2.8048275862068963,0.2045977011494253,1.206896551724138,0.8091954022988506,31,19,4.266666666666667,0.6129032258064516,2.995508653666123,2.758,0.2121,2.477,1.657,42.0,518,0.052123552123552123,0.0535,0.2266,2.4,997,0.5075225677031093,17,58.65,0.5204,0.4796,-0.0677,-0.0491,0.1122,39.0,60,3.53,28.4,5338.0,5026.0,0.942,5,5,-0.5945717447641805,39.3,60.5,49.9,455,507,39,221,158,37,0.086,0.436,0.234,7.269,5.8,4.331,4.375,0.0,70.0,1.661,0.151,8.471,12.617,0.671,,7.6,6.234,1.115,0.029,,0.109,,222.0,30.82,140,298,fantasypros_ecr,0.0,54.0,82.0,0.573,66.0,0.047,Slight value
/nfl/rankings/ppr-cheatsheets.php,redraft-overall,ro,Gunnar Helm,27109,TE,222.29,26.71,153,290,,gunnar-helm.php,,,14.0,,,,,,9.0,Gunnar Helm,2026-08-14,TEN,gunnar helm,27109,00-0040584,fp_id,TEN,TEN,TEN,TEN,TEN,roster_2026,1.0,TE,200,26,TE26,0.0,0.0,0.0,0.0,0.0,0.0,0.0,0.0,0.0,0.0,0.0,0.0,0.0,0.0,0.0,44.0,55.0,357.0,2.0,303.0,159.0,17.0,3.83447882574768,0.0,0.0,47.7,91.7,16.0,TEN,1.0,69.7,0.1038,0.0,0.0772,0.1107,0.0,0.0798,0.2219,16.0,2.58,9.8,4.6,3.99,0.0,2.0,16.0,0.0,0.125,0.867,8.0,3.0,1.0,2.0,2.668691380600893,0.0,0.0,0.0,0.0,0.0,8.0,3.0,1.0,2.0,2.67,-0.67,3.5223956763108117,4.873684210526316,5.375090909090909,7.617680708300266,-0.8136681067569635,80.0,,,,,,,HelmGu00,,,,,,55.0,0.0,2.0,4.5,3.614,5.6,0.0364,533.0,0.526,16.0,2002-09-06,2025.0,4.0,120.0,2025,2026,2,77.0,241.0,Texas,23.9,False,328,3.0146341463414634,0.16158536585365854,1.146341463414634,0.6920731707317073,30,20,4.304878048780488,0.6666666666666666,2.877694091874751,3.085,0.1549,2.54,1.664,24.0,646,0.08668730650154799,0.0872,0.3175,2.389,995,0.6261306532663317,17,58.53,0.5401,0.4599,-0.0385,-0.0573,-0.2208,40.0,35,2.06,16.7,5402.0,2848.0,0.527,5,3,0.4634566520975053,58.4,27.6,41.1,530,378,152,0,93,8,0.287,0.0,0.086,5.731,4.356,2.981,3.438,0.0,55.0,1.667,0.172,6.491,8.114,0.8,,5.509,3.614,1.178,0.036,,0.07,,222.29,26.71,153,290,fantasypros_ecr,0.0,27.0,26.0,-0.227,30.0,-0.359,Fairly priced
/nfl/rankings/ppr-cheatsheets.php,redraft-overall,ro,Jaydon Blue,24344,RB,223.65,47.84,135,328,,jaydon-blue.php,,,10.3,,,,,,14.0,Jaydon Blue,2026-08-14,DAL,jaydon blue,24344,00-0040586,fp_id,DAL,DAL,DAL,DAL,DAL,roster_2026,2.0,RB,201,65,RB65,0.0,0.0,0.0,0.0,0.0,0.0,0.0,0.0,0.0,38.0,129.0,1.0,7.0,-7.487635456374846,0.0,1.0,1.0,5.0,0.0,-5.0,10.0,0.0,-0.11936172936111689,0.0,0.0,19.400000000000002,20.400000000000002,5.0,DAL,1.0,19.900000000000002,0.0016,0.0817,-0.001,0.0067,0.2714,-0.0048,0.0067,5.0,0.7,7.6,2.9,4.97,0.0,2.0,5.0,0.0,0.4,1.714,0.0,0.0,0.0,0.0,0.058319039451114926,7.0,2.0,1.0,1.0,0.802855401592132,7.0,2.0,1.0,1.0,0.86,0.14,,,,,,,,,,,,,BlueJa01,38.0,2.0,2.237,1.158,19.0,1.0,0.0,0.0,,,,,78.0,0.256,5.0,2004-01-08,2025.0,5.0,149.0,2025,2026,2,69.0,198.0,Texas,22.6,False,383,3.1652741514360314,0.13054830287206268,1.2558746736292428,0.8459530026109661,34,24,4.663185378590079,0.7058823529411765,3.0401662544448724,3.074,0.1352,2.563,2.03,33.0,681,0.04552129221732746,0.044,0.2356,2.396,1104,0.5932971014492754,17,64.94,0.5628,0.4372,-0.0098,0.005,0.1615,36.0,65,3.82,27.7,5938.0,5037.0,0.848,5,5,0.6426441330126125,61.6,62.2,65.1,607,465,34,0,187,4,0.056,0.0,0.021,4.08,3.98,3.88,0.2,7.6,39.0,0.523,0.262,,,,3.395,,,,0.026,-0.197,-0.119,,223.65,47.84,135,328,fantasypros_ecr,0.0,66.0,65.0,-0.555,59.0,-0.249,Slight reach
/nfl/rankings/ppr-cheatsheets.php,redraft-overall,ro,Geno Smith,11687,QB,227.81,32.44,147,285,,geno-smith.php,,,12.4,,,,,,13.0,Geno Smith,2026-08-14,NYJ,geno smith,11687,00-0030565,fp_id,NYJ,NYJ,NYJ,NYJ,NYJ,roster_2026,1.0,QB,202,29,QB29,302.0,448.0,3025.0,19.0,17.0,55.0,2762.0,148.0,-72.92140604885863,41.0,109.0,0.0,13.0,-1.6735542911628727,0.0,0.0,0.0,0.0,0.0,0.0,0.0,0.0,0.0,0.0,0.0,173.9,173.9,15.0,LV,1.0,173.9,0.0,0.1111,0.0,0.0,0.1265,0.0,0.0,15.0,6.53,17.15,9.78,7.29,2.0,4.0,15.0,0.133,0.267,0.745,0.0,0.0,0.0,0.0,0.0,7.0,2.0,2.0,0.0,1.2131151459131213,7.0,2.0,2.0,0.0,1.21,-1.21,,,,,,,,,,,,,SmitGe00,41.0,2.0,1.39,1.268,20.5,,,,,,,,863.0,0.965,15.0,1990-10-10,2013.0,2.0,39.0,2013,2026,14,75.0,221.0,West Virginia,35.9,False,334,2.844311377245509,0.18263473053892215,1.1916167664670658,0.9401197604790419,23,17,4.440119760479042,0.7391304347826086,2.901114691721229,2.892,0.1813,2.899,1.697,18.0,608,0.09868421052631579,0.0989,0.3117,2.423,1009,0.5510406342913776,17,59.35,0.4319,0.5681,-0.0877,-0.061,-0.1799,38.0,42,2.47,17.6,5302.0,4286.0,0.808,5,3,0.35028737064963766,56.3,25.8,38.6,472,456,76,117,116,27,0.161,0.257,0.233,11.593,11.593,11.593,0.0,2.733,41.0,4.241,0.202,,,,2.659,,,,0.0,-0.041,,,227.81,32.44,147,285,fantasypros_ecr,0.0,24.0,29.0,0.01,28.0,-0.165,Fairly priced
/nfl/rankings/ppr-cheatsheets.php,redraft-overall,ro,Kaytron Allen,24362,RB,227.85,34.91,158,324,,kaytron-allen.php,,,12.7,,,,,,7.0,Kaytron Allen,2026-08-14,WAS,kaytron allen,24362,00-0041096,fp_id,WAS,WAS,WAS,WAS,WAS,roster_2026,3.0,RB,203,66,RB66,,,,,,,,,,,,,,,,,,,,,,,,,,,,,,,,,,,,,,,,,,,,,,,,,,,,,,,,,,,,,,,,,,,,,,,,,,,,,,,,,,,,,,,,,,,,,,2003-01-08,,,,2026,2026,0,71.0,217.0,Penn State,23.6,True,345,3.0182608695652173,0.16521739130434782,1.272463768115942,0.8521739130434782,31,17,4.547826086956522,0.5483870967741935,2.968561425726617,2.998,0.1651,2.512,2.219,38.0,564,0.06560283687943262,0.0606,0.2217,2.36,979,0.5148110316649642,17,57.59,0.4747,0.5253,-0.0427,0.0192,-0.0055,38.0,50,2.94,20.9,5375.0,3794.0,0.706,5,4,0.03687914342290299,50.7,56.8,54.8,432,484,138,142,138,56,0.319,0.293,0.406,,,,,,,,,,,,,,,,,,,Rookie - no 2025 NFL production,227.85,34.91,158,324,fantasypros_ecr,0.0,,66.0,,,,
/nfl/rankings/ppr-cheatsheets.php,redraft-overall,ro,Zachariah Branch,25419,WR,229.71,32.85,150,313,,zachariah-branch.php,,,17.4,,,,,,11.0,Zachariah Branch,2026-08-14,ATL,zachariah branch,25419,00-0041044,fp_id,ATL,ATL,ATL,ATL,ATL,roster_2026,1.0,PR,204,83,WR83,,,,,,,,,,,,,,,,,,,,,,,,,,,,,,,,,,,,,,,,,,,,,,,,,,,,,,,,,,,,,,,,,,,,,,,,,,,,,,,,,,,,,,,,,,,,,,2004-03-29,,,,2026,2026,0,70.0,180.0,Georgia; USC,22.4,True,439,3.0546697038724373,0.1662870159453303,1.3530751708428246,0.89749430523918,42,22,4.674259681093394,0.5238095238095238,2.9317976654275206,3.071,0.1627,2.522,1.96,31.0,583,0.044596912521440824,0.0494,0.2037,2.4,1036,0.5511583011583011,17,60.94,0.549,0.451,-0.0621,-0.0314,-0.0132,38.0,53,3.12,20.8,5484.0,4377.0,0.798,5,4,0.14901204675380456,52.7,66.9,62.4,519,477,151,160,132,49,0.291,0.335,0.371,,,,,,,,,,,,,,,,,,,Rookie - no 2025 NFL production,229.71,32.85,150,313,fantasypros_ecr,0.0,,83.0,,,,
/nfl/rankings/ppr-cheatsheets.php,redraft-overall,ro,Jaylen Wright,25987,RB,231.65,26.28,157,296,,jaylen-wright.php,,,8.0,,,,,,6.0,Jaylen Wright,2026-08-14,MIA,jaylen wright,25987,00-0039874,fp_id,MIA,MIA,MIA,MIA,MIA,roster_2026,2.0,RB,205,67,RB67,0.0,0.0,0.0,0.0,0.0,0.0,0.0,0.0,0.0,70.0,288.0,2.0,17.0,-5.69901978082625,1.0,5.0,9.0,44.0,0.0,-34.0,60.0,2.0,-1.6724522572018026,0.0,0.0,43.2,48.2,9.0,MIA,1.0,45.7,0.0195,0.162,-0.0103,0.0429,0.2574,-0.0226,0.0485,9.0,1.7,10.96,3.8,5.52,1.0,4.0,9.0,0.111,0.444,1.453,0.0,0.0,0.0,0.0,0.12358392645639447,12.0,6.0,4.0,2.0,2.5224760303701155,12.0,6.0,4.0,2.0,2.65,-0.65,,,,,,,,,,,,,WrigJa04,70.0,6.0,1.6,2.514,11.67,9.0,0.0,1.0,,,,,127.0,0.215,10.0,2003-04-01,2024.0,4.0,120.0,2024,2026,3,70.0,208.0,Tennessee,23.4,False,380,2.835526315789474,0.2131578947368421,1.4657894736842105,1.2263157894736842,29,17,4.8578947368421055,0.5862068965517241,2.9450156110798447,2.839,0.2101,2.199,2.532,38.0,530,0.07169811320754717,0.0727,0.2422,2.29,942,0.5498938428874734,17,55.41,0.5279,0.4721,-0.0584,-0.026,-0.0093,41.0,48,2.82,20.4,5041.0,3387.0,0.672,5,4,-0.6920984359417763,37.5,44.5,38.6,462,432,209,28,134,32,0.452,0.065,0.239,5.356,5.078,4.8,1.0,7.778,79.0,0.61,0.38,,,,4.114,,,,0.025,-0.081,-0.186,,231.65,26.28,157,296,fantasypros_ecr,0.0,60.0,67.0,-0.221,55.0,-0.003,Fairly priced
/nfl/rankings/ppr-cheatsheets.php,redraft-overall,ro,Chimere Dike,27315,WR,232.95,36.76,150,328,,chimere-dike.php,,,8.8,,,,,,9.0,Chimere Dike,2026-08-14,TEN,chimere dike,27315,00-0040705,fp_id,TEN,TEN,TEN,TEN,TEN,roster_2026,1.0,PR,206,84,WR84,0.0,0.0,0.0,0.0,0.0,0.0,0.0,0.0,0.0,11.0,18.0,0.0,0.0,-4.234657508495729,0.0,48.0,74.0,423.0,4.0,599.0,220.0,20.0,1.566233219075959,0.0,2.0,80.1,128.1,17.0,TEN,1.0,104.1,0.1396,0.0291,0.1527,0.1396,0.0291,0.1527,0.3163,17.0,2.8,15.2,5.0,6.48,1.0,4.0,17.0,0.059,0.235,1.296,14.0,5.0,3.0,4.0,4.263451872757647,2.0,2.0,2.0,0.0,0.8648783249507485,16.0,7.0,5.0,4.0,5.13,-1.13,3.8035171337537883,6.772238805970148,8.205810810810812,15.646870265200324,-0.22593191857209138,64.86486486486487,,,,,,,DikeCh00,11.0,1.0,,,,74.0,0.0,2.0,4.229,4.583,7.9,0.027,631.0,0.593,17.0,2001-12-14,2025.0,4.0,103.0,2025,2026,2,73.0,196.0,Florida; Wisconsin,24.7,False,328,3.0146341463414634,0.16158536585365854,1.146341463414634,0.6920731707317073,30,20,4.304878048780488,0.6666666666666666,2.877694091874751,3.085,0.1549,2.54,1.664,24.0,646,0.08668730650154799,0.0872,0.3175,2.389,995,0.6261306532663317,17,58.53,0.5401,0.4599,-0.0385,-0.0573,-0.2208,40.0,35,2.06,16.7,5402.0,2848.0,0.527,5,3,0.4634566520975053,58.4,27.6,41.1,530,378,152,0,93,8,0.287,0.0,0.086,7.535,6.124,4.712,4.353,0.647,85.0,1.507,0.203,5.716,8.812,0.649,,8.095,4.583,0.706,0.047,,0.021,,232.95,36.76,150,328,fantasypros_ecr,0.0,47.0,84.0,0.95,63.0,0.249,Slight value
/nfl/rankings/ppr-cheatsheets.php,redraft-overall,ro,Terrance Ferguson,23091,TE,235.18,24.88,173,290,,terrance-ferguson.php,,,18.5,,,,,,11.0,Terrance Ferguson,2026-08-14,LAR,terrance ferguson,23091,00-0040737,fp_id,LAR,LAR,LAR,LAR,LAR,roster_2026,3.0,TE,207,27,TE27,0.0,0.0,0.0,0.0,0.0,0.0,0.0,0.0,0.0,1.0,0.0,0.0,0.0,-1.5493906475021504,0.0,11.0,25.0,231.0,3.0,466.0,40.0,9.0,7.386812709029829,0.0,0.0,41.1,52.1,11.0,LAR,1.0,46.6,0.043,0.0022,0.0864,0.0651,0.0033,0.1215,0.1827,11.0,0.0,11.2,3.1,5.2,0.0,5.0,11.0,0.0,0.455,1.678,3.0,2.0,1.0,3.0,1.3479338430428014,1.0,1.0,0.0,0.0,0.13627992633517497,4.0,3.0,1.0,3.0,1.48,1.52,,,,,,,,,,,,,FergTe00,1.0,0.0,,,,25.0,0.0,0.0,17.364,3.636,18.6,0.0,356.0,0.367,14.0,2003-03-07,2025.0,2.0,46.0,2025,2026,2,77.0,252.0,Oregon,23.4,False,413,3.4554479418886195,0.1234866828087167,1.5084745762711864,0.711864406779661,47,30,4.9491525423728815,0.6382978723404256,2.941767200697229,3.462,0.1266,2.811,1.817,35.0,624,0.03685897435897436,0.0424,0.194,2.396,1056,0.584280303030303,17,62.12,0.6185,0.3815,0.0296,0.0262,0.2292,37.0,76,4.47,30.5,5675.0,5129.0,0.904,5,5,1.462288323590789,76.4,71.5,80.4,581,465,15,0,195,1,0.026,0.0,0.005,4.736,4.236,3.736,2.273,0.091,26.0,2.004,0.146,9.24,21.0,0.44,,18.64,3.636,0.496,0.115,,0.295,,235.18,24.88,173,290,fantasypros_ecr,0.0,32.0,27.0,-0.411,32.0,-0.411,Slight reach
/nfl/rankings/ppr-cheatsheets.php,redraft-overall,ro,Germie Bernard,26039,WR,236.01,31.72,173,319,,germie-bernard.php,,,13.3,,,,,,9.0,Germie Bernard,2026-08-14,PIT,germie bernard,26039,00-0041489,fp_id,PIT,PIT,PIT,PIT,PIT,roster_2026,4.0,WR,208,85,WR85,,,,,,,,,,,,,,,,,,,,,,,,,,,,,,,,,,,,,,,,,,,,,,,,,,,,,,,,,,,,,,,,,,,,,,,,,,,,,,,,,,,,,,,,,,,,,,2003-12-02,,,,2026,2026,0,73.0,206.0,Alabama; Washington; Michigan State,22.7,True,368,2.856521739130435,0.17391304347826086,1.2173913043478262,0.8641304347826086,50,34,4.366847826086956,0.68,2.9347229330117464,2.87,0.172,2.285,2.029,42.0,591,0.05245346869712352,0.0526,0.1636,2.209,975,0.5948717948717949,17,57.35,0.5795,0.4205,-0.007,0.0188,0.0312,40.0,51,3.0,23.4,5344.0,4403.0,0.824,5,5,-0.19256088395271825,46.5,65.1,57.4,522,407,179,129,156,59,0.343,0.317,0.378,,,,,,,,,,,,,,,,,,,Rookie - no 2025 NFL production,236.01,31.72,173,319,fantasypros_ecr,0.0,,85.0,,,,
/nfl/rankings/ppr-cheatsheets.php,redraft-overall,ro,Pat Freiermuth,20163,TE,236.54,30.48,131,332,,pat-freiermuth.php,,,14.1,,,,,,9.0,Pat Freiermuth,2026-08-14,PIT,pat freiermuth,20163,00-0036894,fp_id,PIT,PIT,PIT,PIT,PIT,roster_2026,1.0,TE,209,28,TE28,0.0,0.0,0.0,0.0,0.0,0.0,0.0,0.0,0.0,0.0,0.0,0.0,0.0,0.0,0.0,41.0,54.0,486.0,4.0,323.0,255.0,21.0,23.309840869833053,0.0,0.0,72.60000000000001,113.60000000000001,15.0,PIT,1.0,93.10000000000001,0.1034,0.0,0.102,0.113,0.0,0.1088,0.2457,15.0,3.6,10.74,6.1,6.45,1.0,1.0,15.0,0.067,0.067,1.057,9.0,4.0,2.0,4.0,2.7690667199511987,0.0,0.0,0.0,0.0,0.0,9.0,4.0,2.0,4.0,2.77,1.23,3.1859144751381248,5.445777777777777,5.9474074074074075,10.436387624256252,2.3604323654409765,75.92592592592592,,,,,,,FreiPa00,,,,,,54.0,3.0,0.0,5.634,6.22,6.0,0.0,522.0,0.504,17.0,1998-10-25,2021.0,2.0,55.0,2021,2026,6,77.0,258.0,Penn State,27.8,False,368,2.856521739130435,0.17391304347826086,1.2173913043478262,0.8641304347826086,50,34,4.366847826086956,0.68,2.9347229330117464,2.87,0.172,2.285,2.029,42.0,591,0.05245346869712352,0.0526,0.1636,2.209,975,0.5948717948717949,17,57.35,0.5795,0.4205,-0.007,0.0188,0.0312,40.0,51,3.0,23.4,5344.0,4403.0,0.824,5,5,-0.19256088395271825,46.5,65.1,57.4,522,407,179,129,156,59,0.343,0.317,0.378,7.573,6.207,4.84,3.6,0.0,54.0,2.104,0.218,9.0,11.854,0.759,,5.981,6.22,1.505,0.074,,0.432,,236.54,30.48,131,332,fantasypros_ecr,0.0,23.0,28.0,0.019,24.0,-0.025,Fairly priced
/nfl/rankings/ppr-cheatsheets.php,redraft-overall,ro,Justice Hill,18256,RB,237.68,38.94,145,310,,justice-hill.php,,,7.4,,,,,,13.0,Justice Hill,2026-08-14,BAL,justice hill,18256,00-0034975,fp_id,BAL,BAL,BAL,BAL,BAL,roster_2026,2.0,RB,210,68,RB68,0.0,0.0,0.0,0.0,0.0,0.0,0.0,0.0,0.0,18.0,93.0,2.0,4.0,-1.254315791418776,0.0,21.0,27.0,169.0,1.0,-6.0,184.0,6.0,0.4214971602195874,0.0,0.0,44.2,65.2,10.0,BAL,1.0,54.7,0.0663,0.0355,-0.0018,0.108,0.0647,-0.003,0.1599,10.0,0.7,9.02,4.5,8.56,1.0,3.0,10.0,0.1,0.3,1.902,1.0,0.0,0.0,1.0,0.3364619767796813,3.0,1.0,1.0,2.0,0.7104833563613662,4.0,1.0,1.0,3.0,1.05,1.95,,,,,,,,,,,,,HillJu00,18.0,1.0,,,,27.0,5.0,0.0,-0.714,8.762,-0.2,0.0,219.0,0.371,10.0,1997-11-14,2019.0,4.0,113.0,2019,2026,8,70.0,205.0,Oklahoma State,28.8,False,392,3.0367346938775515,0.15306122448979592,1.3112244897959184,1.5127551020408163,37,24,5.244897959183674,0.6486486486486487,2.952764271990162,3.032,0.1574,3.144,2.107,24.0,501,0.08982035928143713,0.0849,0.2725,2.454,956,0.4874476987447699,17,56.24,0.4667,0.5333,-0.0884,0.0996,-0.035,39.0,61,3.59,24.9,5080.0,2908.0,0.572,5,2,0.7827893624579995,64.1,41.0,53.2,407,507,75,64,160,26,0.184,0.126,0.162,6.52,5.47,4.42,2.7,1.8,45.0,1.449,0.298,6.259,8.048,0.778,,-0.222,8.762,-28.167,0.067,,0.016,,237.68,38.94,145,310,fantasypros_ecr,0.0,54.0,68.0,0.077,49.0,0.296,Fairly priced
/nfl/rankings/ppr-cheatsheets.php,redraft-overall,ro,Elic Ayomanor,27059,WR,242.52,36.68,168,344,,elic-ayomanor.php,,,6.6,,,,,,9.0,Elic Ayomanor,2026-08-14,TEN,elic ayomanor,27059,00-0040170,fp_id,TEN,TEN,TEN,TEN,TEN,roster_2026,5.0,WR,211,86,WR86,0.0,0.0,0.0,0.0,0.0,0.0,0.0,0.0,0.0,0.0,0.0,0.0,0.0,0.0,0.0,41.0,89.0,515.0,4.0,1126.0,115.0,30.0,-9.595703496456029,0.0,0.0,75.5,116.5,16.0,TEN,1.0,96.0,0.1679,0.0,0.287,0.1809,0.0,0.302,0.4828,16.0,3.68,12.58,7.0,4.24,0.0,1.0,16.0,0.0,0.062,0.606,8.0,6.0,1.0,4.0,3.4473058480418484,0.0,0.0,0.0,0.0,0.0,8.0,6.0,1.0,4.0,3.45,0.55,2.6574799351235754,5.820843373493975,12.244606741573037,28.080776326774625,-0.12899577522234207,46.06741573033708,,,,,,,AyomEl00,,,,,,89.0,0.0,5.0,9.756,2.805,12.2,0.0562,787.0,0.806,16.0,2003-06-03,2025.0,4.0,136.0,2025,2026,2,74.0,206.0,Stanford,23.2,False,328,3.0146341463414634,0.16158536585365854,1.146341463414634,0.6920731707317073,30,20,4.304878048780488,0.6666666666666666,2.877694091874751,3.085,0.1549,2.54,1.664,24.0,646,0.08668730650154799,0.0872,0.3175,2.389,995,0.6261306532663317,17,58.53,0.5401,0.4599,-0.0385,-0.0573,-0.2208,40.0,35,2.06,16.7,5402.0,2848.0,0.527,5,3,0.4634566520975053,58.4,27.6,41.1,530,378,152,0,93,8,0.287,0.0,0.086,7.281,6.0,4.719,5.562,0.0,89.0,1.309,0.148,5.787,12.561,0.461,,12.652,2.805,0.457,0.045,,-0.108,,242.52,36.68,168,344,fantasypros_ecr,0.0,53.0,86.0,0.758,65.0,0.232,Slight value
/nfl/rankings/ppr-cheatsheets.php,redraft-overall,ro,Cade Otton,23181,TE,242.56,21.79,158,290,,cade-otton.php,,,15.3,,,,,,10.0,Cade Otton,2026-08-14,TBB,cade otton,23181,00-0038129,fp_id,TB,TB,TB,TB,TB,roster_2026,1.0,TE,212,29,TE29,0.0,0.0,0.0,0.0,0.0,0.0,0.0,0.0,0.0,0.0,0.0,0.0,0.0,0.0,0.0,59.0,81.0,572.0,1.0,419.0,309.0,25.0,3.080325580202787,0.0,0.0,63.2,122.2,15.0,TB,1.0,92.7,0.1497,0.0,0.0966,0.1688,0.0,0.1121,0.3317,15.0,4.35,13.36,6.1,5.98,2.0,1.0,15.0,0.133,0.067,0.98,6.0,2.0,0.0,1.0,2.357757687093852,0.0,0.0,0.0,0.0,0.0,6.0,2.0,0.0,1.0,2.36,-1.36,3.500573888283252,5.561911764705882,4.845308641975309,8.99512736240414,0.7325404365122594,72.8395061728395,,,,,,,OttoCa00,,,,,,81.0,6.0,1.0,4.458,5.237,5.1,0.0123,993.0,0.935,16.0,1999-04-15,2022.0,4.0,106.0,2022,2026,5,77.0,247.0,Washington,27.3,False,398,2.764070351758794,0.18341708542713567,1.0527638190954773,0.42462311557788945,48,34,3.7613065326633164,0.7083333333333334,2.976963633345108,2.736,0.1938,2.699,1.426,31.0,638,0.05956112852664577,0.0571,0.172,2.292,1065,0.564319248826291,17,62.65,0.5148,0.4852,-0.0347,0.0138,-0.0264,41.0,53,3.12,22.4,5692.0,4502.0,0.791,5,4,-0.20250354300156095,46.3,65.4,57.4,541,472,111,138,136,38,0.205,0.292,0.279,8.147,6.18,4.213,5.4,0.0,81.0,1.509,0.123,7.062,9.695,0.728,,5.173,5.237,1.365,0.012,,0.038,,242.56,21.79,158,290,fantasypros_ecr,0.0,20.0,29.0,0.186,21.0,0.142,Fairly priced
/nfl/rankings/ppr-cheatsheets.php,redraft-overall,ro,Ollie Gordon II,25984,RB,243.04,22.81,173,309,,ollie-gordon.php,,,3.2,,,,,,6.0,Ollie Gordon,2026-08-14,MIA,ollie gordon,25984,00-0040198,fp_id,MIA,MIA,MIA,MIA,MIA,roster_2026,3.0,RB,213,69,RB69,0.0,0.0,0.0,0.0,0.0,0.0,0.0,0.0,0.0,70.0,199.0,3.0,21.0,-9.571183799651436,0.0,7.0,9.0,32.0,1.0,-25.0,57.0,1.0,-3.4463787468266673,0.0,0.0,47.1,54.1,17.0,MIA,1.0,50.6,0.0195,0.162,-0.0076,0.0195,0.162,-0.0076,0.0239,17.0,0.0,8.96,1.3,4.35,0.0,12.0,17.0,0.0,0.706,3.343,2.0,0.0,0.0,1.0,0.48045635746149007,19.0,12.0,6.0,3.0,4.157191500013653,21.0,12.0,6.0,4.0,4.64,-0.64,,,,,,,,,,,,,GordOl00,70.0,6.0,1.157,1.686,11.67,9.0,2.0,1.0,,,,,222.0,0.224,17.0,2004-01-15,2025.0,6.0,179.0,2025,2026,2,74.0,225.0,Oklahoma State,22.6,False,380,2.835526315789474,0.2131578947368421,1.4657894736842105,1.2263157894736842,29,17,4.8578947368421055,0.5862068965517241,2.9450156110798447,2.839,0.2101,2.199,2.532,38.0,530,0.07169811320754717,0.0727,0.2422,2.29,942,0.5498938428874734,17,55.41,0.5279,0.4721,-0.0584,-0.026,-0.0093,41.0,48,2.82,20.4,5041.0,3387.0,0.672,5,4,-0.6920984359417763,37.5,44.5,38.6,462,432,209,28,134,32,0.452,0.065,0.239,3.182,2.976,2.771,0.529,4.118,79.0,0.685,0.244,,,,2.843,,,,0.051,-0.137,-0.383,,243.04,22.81,173,309,fantasypros_ecr,0.0,58.0,69.0,-0.063,64.0,-0.326,Fairly priced
/nfl/rankings/ppr-cheatsheets.php,redraft-overall,ro,Jack Bech,27224,WR,244.0,26.3,178,331,,jack-bech.php,,,7.1,,,,,,13.0,Jack Bech,2026-08-14,LVR,jack bech,27224,00-0040729,fp_id,LV,LV,LV,LV,LV,roster_2026,4.0,WR,214,87,WR87,0.0,0.0,0.0,0.0,0.0,0.0,0.0,0.0,0.0,0.0,0.0,0.0,0.0,0.0,0.0,20.0,29.0,224.0,0.0,240.0,68.0,11.0,-2.0305611165089203,0.0,0.0,22.4,42.4,14.0,LV,1.0,32.4,0.0587,0.0,0.075,0.0845,0.0,0.1083,0.2026,13.0,0.0,5.82,3.3,3.17,0.0,5.0,13.0,0.0,0.385,0.96,4.0,1.0,0.0,0.0,0.8735553604437472,0.0,0.0,0.0,0.0,0.0,4.0,1.0,0.0,0.0,0.87,-0.87,,,,,,,,,,,,,BechJa00,,,,,,29.0,1.0,1.0,7.8,3.4,8.8,0.0345,343.0,0.398,16.0,2002-12-18,2025.0,2.0,58.0,2025,2026,2,73.0,214.0,TCU; LSU,23.7,False,307,2.4599348534201955,0.25732899022801303,1.0423452768729642,0.6058631921824105,30,11,3.6482084690553744,0.36666666666666664,2.9188287541736484,2.49,0.2502,1.629,1.94,30.0,598,0.10702341137123746,0.1019,0.2641,2.487,942,0.613588110403397,17,55.41,0.5679,0.4321,-0.0175,-0.2605,-0.187,38.0,38,2.24,14.2,4992.0,1916.0,0.384,5,2,-2.336100063543081,7.8,37.5,15.2,494,369,55,58,106,13,0.111,0.157,0.123,3.029,2.314,1.6,2.071,0.0,29.0,1.462,0.124,7.724,11.2,0.69,,8.276,3.4,0.933,0.0,,-0.07,,244.0,26.3,178,331,fantasypros_ecr,0.0,85.0,87.0,-0.609,86.0,-0.653,Slight reach
/nfl/rankings/ppr-cheatsheets.php,redraft-overall,ro,Keon Coleman,26019,WR,244.59,31.75,140,331,,keon-coleman.php,,,7.5,,,,,,7.0,Keon Coleman,2026-08-14,BUF,keon coleman,26019,00-0039901,fp_id,BUF,BUF,BUF,BUF,BUF,roster_2026,2.0,PR,215,88,WR88,0.0,0.0,0.0,0.0,0.0,0.0,0.0,0.0,0.0,0.0,0.0,0.0,0.0,0.0,0.0,38.0,59.0,404.0,4.0,659.0,88.0,26.0,12.391137416169279,1.0,0.0,64.4,102.4,12.0,BUF,1.0,83.4,0.1232,0.0,0.1887,0.1735,0.0,0.2758,0.4533,12.0,4.78,11.46,6.75,6.05,1.0,0.0,12.0,0.083,0.0,0.896,9.0,6.0,3.0,4.0,3.6447615102088067,0.0,0.0,0.0,0.0,0.0,9.0,6.0,3.0,4.0,3.64,0.36,2.7758866249426752,5.7076271186440675,11.962542372881355,20.578887826269508,-0.39696735661699023,64.40677966101694,,,,,,,ColeKe02,,,,,,59.0,1.0,3.0,8.316,2.316,11.1,0.0508,576.0,0.652,13.0,2003-05-17,2024.0,2.0,33.0,2024,2026,3,75.0,213.0,Florida State; Michigan State,23.3,False,419,3.3665871121718376,0.12649164677804295,1.4463007159904535,0.8973747016706444,37,20,5.011933174224343,0.5405405405405406,2.9181796059011273,3.397,0.1265,2.905,2.057,35.0,584,0.0684931506849315,0.0702,0.2,2.507,1065,0.5098591549295775,17,62.65,0.5028,0.4972,-0.0352,0.1102,0.1599,40.0,68,4.0,28.3,5677.0,4330.0,0.763,5,4,1.261941935282192,72.8,64.4,73.6,479,547,19,17,180,2,0.04,0.031,0.011,8.533,6.95,5.367,4.917,0.0,59.0,1.736,0.178,6.847,10.632,0.644,,11.169,2.316,0.613,0.068,,0.21,,244.59,31.75,140,331,fantasypros_ecr,0.0,58.0,88.0,0.61,56.0,0.697,Slight value
/nfl/rankings/ppr-cheatsheets.php,redraft-overall,ro,Brandon Aiyuk,19252,WR,245.86,54.98,128,348,,brandon-aiyuk.php,,,13.9,,,,,,8.0,Brandon Aiyuk,2026-08-14,SFO,brandon aiyuk,19252,00-0036261,fp_id,,SF,SF,SF,SF,depth_chart_2026,13.0,WR,216,89,WR89,,,,,,,,,,,,,,,,,,,,,,,,,,,,,,,,,,,,,,,,,,,,,,,,,,,,,,,,,,,,,,,,,,,,,,,,,,,,,,,,,,,,,,,,,,,,,,1998-03-17,2020.0,1.0,25.0,2020,2026,6,72.0,200.0,Arizona State; Sierra JC,28.4,False,405,2.914567901234568,0.18024691358024691,1.1753086419753087,0.4024691358024691,29,19,3.948148148148148,0.6551724137931034,2.957108820107495,2.906,0.1848,2.349,1.428,23.0,624,0.04326923076923077,0.0428,0.2125,2.547,1065,0.5661971830985916,17,62.65,0.5521,0.4479,-0.0088,-0.0044,0.1587,38.0,66,3.88,25.7,5615.0,4784.0,0.852,5,4,-0.1969656526141422,46.4,74.5,63.3,550,481,170,94,185,38,0.309,0.195,0.205,,,,,,0.0,,,,,,,,,,,,,No 2025 regular-season production - missed season,245.86,54.98,128,348,fantasypros_ecr,0.0,,89.0,,,,
/nfl/rankings/ppr-cheatsheets.php,redraft-overall,ro,Isaiah Davis,25977,RB,247.78,30.4,171,317,,isaiah-davis.php,,,2.7,,,,,,13.0,Isaiah Davis,2026-08-14,NYJ,isaiah davis,25977,00-0039798,fp_id,NYJ,NYJ,NYJ,NYJ,NYJ,roster_2026,3.0,RB,217,70,RB70,0.0,0.0,0.0,0.0,0.0,0.0,0.0,0.0,0.0,43.0,236.0,1.0,7.0,-3.2345587406765706,0.0,21.0,28.0,186.0,0.0,32.0,189.0,8.0,4.614958250060472,0.0,0.0,50.2,71.2,16.0,NYJ,1.0,60.7,0.0593,0.0943,0.0099,0.0622,0.0993,0.0102,0.1004,16.0,1.1,9.07,2.15,5.17,1.0,8.0,16.0,0.062,0.5,2.407,1.0,0.0,0.0,0.0,0.534395487719503,9.0,1.0,0.0,1.0,0.8090929535245065,10.0,1.0,0.0,1.0,1.34,-0.34,,,,,,,,,,,,,DaviIs00,43.0,2.0,3.023,2.465,21.5,28.0,1.0,1.0,-0.143,9.0,1.1,0.0357,285.0,0.28,16.0,2002-02-21,2024.0,5.0,173.0,2024,2026,3,73.0,220.0,South Dakota State,24.5,False,334,2.844311377245509,0.18263473053892215,1.1916167664670658,0.9401197604790419,23,17,4.440119760479042,0.7391304347826086,2.901114691721229,2.892,0.1813,2.899,1.697,18.0,608,0.09868421052631579,0.0989,0.3117,2.423,1009,0.5510406342913776,17,59.35,0.4319,0.5681,-0.0877,-0.061,-0.1799,38.0,42,2.47,17.6,5302.0,4286.0,0.808,5,3,0.35028737064963766,56.3,25.8,38.6,472,456,76,117,116,27,0.161,0.257,0.233,4.45,3.794,3.138,1.75,2.688,71.0,1.003,0.25,6.643,8.857,0.75,5.488,1.143,9.0,5.812,0.014,-0.075,0.165,,247.78,30.4,171,317,fantasypros_ecr,0.0,53.0,70.0,0.192,57.0,0.016,Fairly priced
/nfl/rankings/ppr-cheatsheets.php,redraft-overall,ro,David Njoku,16399,TE,248.9,21.8,173,299,,david-njoku.php,,,15.5,,,,,,7.0,David Njoku,2026-08-14,LAC,david njoku,16399,00-0033885,fp_id,LAC,LAC,LAC,LAC,LAC,roster_2026,2.0,TE,218,30,TE30,0.0,0.0,0.0,0.0,0.0,0.0,0.0,0.0,0.0,0.0,0.0,0.0,0.0,0.0,0.0,33.0,48.0,293.0,4.0,253.0,160.0,11.0,-3.614772343487779,0.0,0.0,53.3,86.3,11.0,CLE,1.0,69.8,0.092,0.0,0.0705,0.125,0.0,0.0962,0.2548,11.0,4.45,11.9,7.1,5.05,0.0,1.0,11.0,0.0,0.091,0.711,9.0,3.0,1.0,4.0,2.590073879440807,0.0,0.0,0.0,0.0,0.0,9.0,3.0,1.0,4.0,2.59,1.41,2.664604271288044,5.68121212121212,5.042708333333334,6.975986811767962,0.7968881854572398,68.75,,,,,,,NjokDa00,,,,,,48.0,3.0,1.0,4.03,4.848,5.3,0.0208,514.0,0.639,12.0,1996-07-10,2017.0,1.0,29.0,2017,2026,12,76.0,246.0,Miami,30.1,False,359,2.713091922005571,0.22841225626740946,1.1253481894150419,0.7465181058495822,36,22,4.066852367688022,0.6111111111111112,2.8910496424917547,2.77,0.2195,2.614,1.822,24.0,681,0.0881057268722467,0.0832,0.3427,2.37,1080,0.5787037037037037,17,63.53,0.579,0.421,0.0064,0.0187,-0.0542,39.0,59,3.47,21.6,5784.0,1183.0,0.205,5,1,-0.5169002070393753,40.7,23.0,26.9,544,466,15,23,152,2,0.028,0.049,0.013,7.845,6.345,4.845,4.364,0.0,48.0,1.798,0.168,6.104,8.879,0.688,,5.271,4.848,1.158,0.083,,-0.075,,248.9,21.8,173,299,fantasypros_ecr,0.0,28.0,30.0,-0.129,22.0,0.133,Fairly priced
/nfl/rankings/ppr-cheatsheets.php,redraft-overall,ro,Chris Bell,26038,WR,249.16,30.46,170,311,,chris-bell.php,,,13.0,,,,,,6.0,Chris Bell,2026-08-14,MIA,chris bell,26038,00-0041525,fp_id,MIA,MIA,MIA,MIA,MIA,roster_2026,5.0,WR,219,90,WR90,,,,,,,,,,,,,,,,,,,,,,,,,,,,,,,,,,,,,,,,,,,,,,,,,,,,,,,,,,,,,,,,,,,,,,,,,,,,,,,,,,,,,,,,,,,,,,2004-06-07,,,,2026,2026,0,74.0,220.0,Louisville,22.2,True,380,2.835526315789474,0.2131578947368421,1.4657894736842105,1.2263157894736842,29,17,4.8578947368421055,0.5862068965517241,2.9450156110798447,2.839,0.2101,2.199,2.532,38.0,530,0.07169811320754717,0.0727,0.2422,2.29,942,0.5498938428874734,17,55.41,0.5279,0.4721,-0.0584,-0.026,-0.0093,41.0,48,2.82,20.4,5041.0,3387.0,0.672,5,4,-0.6920984359417763,37.5,44.5,38.6,462,432,209,28,134,32,0.452,0.065,0.239,,,,,,,,,,,,,,,,,,,Rookie - no 2025 NFL production,249.16,30.46,170,311,fantasypros_ecr,0.0,,90.0,,,,
/nfl/rankings/ppr-cheatsheets.php,redraft-overall,ro,Cyrus Allen,28424,WR,249.26,61.96,150,439,,cyrus-allen.php,,,8.0,,,,,,5.0,Cyrus Allen,2026-08-14,KCC,cyrus allen,28424,00-0040890,fp_id,KC,KC,KC,KC,KC,roster_2026,5.0,WR,220,91,WR91,,,,,,,,,,,,,,,,,,,,,,,,,,,,,,,,,,,,,,,,,,,,,,,,,,,,,,,,,,,,,,,,,,,,,,,,,,,,,,,,,,,,,,,,,,,,,,2003-02-11,,,,2026,2026,0,71.0,180.0,Cincinnati; Texas A&M; Louisiana Tech,23.5,True,336,3.0196428571428573,0.13392857142857142,0.9583333333333334,0.19642857142857142,48,39,3.7113095238095237,0.8125,2.9061980034779267,3.062,0.1258,2.623,1.591,14.0,686,0.06851311953352769,0.0659,0.2877,2.212,1048,0.6020992366412213,17,61.65,0.5721,0.4279,0.0395,0.0273,0.0399,38.0,63,3.71,21.3,5605.0,4845.0,0.864,5,5,0.8942498700724988,66.2,34.0,50.1,549,430,147,129,166,43,0.268,0.3,0.259,,,,,,,,,,,,,,,,,,,Rookie - no 2025 NFL production,249.26,61.96,150,439,fantasypros_ecr,0.0,,91.0,,,,
/nfl/rankings/ppr-cheatsheets.php,redraft-overall,ro,George Holani,22915,RB,251.2,40.97,160,313,,george-holani.php,,,5.3,,,,,,11.0,George Holani,2026-08-14,SEA,george holani,22915,00-0039299,fp_id,SEA,SEA,SEA,SEA,SEA,roster_2026,3.0,KR,221,71,RB71,0.0,0.0,0.0,0.0,0.0,0.0,0.0,0.0,0.0,22.0,73.0,1.0,5.0,-9.349929695804176,1.0,2.0,2.0,15.0,0.0,-1.0,16.0,1.0,-0.1405418971553445,0.0,1.0,18.8,20.8,10.0,SEA,1.0,19.8,0.0044,0.0434,-0.0003,0.0204,0.1594,-0.0012,0.0298,4.0,0.6,6.16,0.9,3.8,0.0,3.0,5.0,0.0,0.6,4.224,0.0,0.0,0.0,0.0,0.007796836711962575,5.0,1.0,0.0,1.0,0.4353421805118449,5.0,1.0,0.0,1.0,0.44,0.56,,,,,,,,,,,,,HolaGe00,22.0,3.0,1.636,1.682,7.33,2.0,0.0,0.0,,,,,36.0,0.055,11.0,1999-12-16,,,,2024,2026,3,70.0,210.0,Boise State,26.7,False,435,2.8048275862068963,0.2045977011494253,1.206896551724138,0.8091954022988506,31,19,4.266666666666667,0.6129032258064516,2.995508653666123,2.758,0.2121,2.477,1.657,42.0,518,0.052123552123552123,0.0535,0.2266,2.4,997,0.5075225677031093,17,58.65,0.5204,0.4796,-0.0677,-0.0491,0.1122,39.0,60,3.53,28.4,5338.0,5026.0,0.942,5,5,-0.5945717447641805,39.3,60.5,49.9,455,507,39,221,158,37,0.086,0.436,0.234,2.08,1.98,1.88,0.2,2.2,24.0,0.867,0.578,,,,3.318,,,,0.042,-0.425,-0.07,,251.2,40.97,160,313,fantasypros_ecr,0.0,65.0,71.0,-0.299,65.0,-0.299,Fairly priced
/nfl/rankings/ppr-cheatsheets.php,redraft-overall,ro,Christian Kirk,17268,WR,251.51,30.85,165,324,,christian-kirk.php,,,6.9,,,,,,8.0,Christian Kirk,2026-08-14,SFO,christian kirk,17268,00-0034775,fp_id,SF,SF,SF,SF,SF,roster_2026,3.0,WR,222,92,WR92,0.0,0.0,0.0,0.0,0.0,0.0,0.0,0.0,0.0,0.0,0.0,0.0,0.0,0.0,0.0,28.0,52.0,239.0,1.0,365.0,115.0,12.0,-21.167927348362852,0.0,0.0,29.900000000000002,57.9,11.0,HOU,1.0,43.9,0.094,0.0,0.0794,0.144,0.0,0.119,0.2993,11.0,1.6,8.55,5.0,4.77,0.0,5.0,11.0,0.0,0.455,0.954,6.0,4.0,2.0,1.0,2.749197426243351,0.0,0.0,0.0,0.0,0.0,6.0,4.0,2.0,1.0,2.75,-1.75,2.539941257185657,5.711162790697674,7.239807692307691,8.28887660809314,-0.24907285966267612,53.84615384615385,,,,,,,KirkCh01,,,,,,52.0,1.0,2.0,4.429,4.107,6.8,0.0385,433.0,0.486,13.0,1996-11-18,2018.0,2.0,47.0,2018,2026,9,71.0,200.0,Texas A&M,29.7,False,405,2.914567901234568,0.18024691358024691,1.1753086419753087,0.4024691358024691,29,19,3.948148148148148,0.6551724137931034,2.957108820107495,2.906,0.1848,2.349,1.428,23.0,624,0.04326923076923077,0.0428,0.2125,2.547,1065,0.5661971830985916,17,62.65,0.5521,0.4479,-0.0088,-0.0044,0.1587,38.0,66,3.88,25.7,5615.0,4784.0,0.852,5,4,-0.1969656526141422,46.4,74.5,63.3,550,481,170,94,185,38,0.309,0.195,0.205,5.264,3.991,2.718,4.727,0.0,52.0,1.113,0.134,4.596,8.536,0.538,,7.019,4.107,0.655,0.019,,-0.407,,251.51,30.85,165,324,fantasypros_ecr,0.0,78.0,92.0,-0.125,80.0,-0.213,Fairly priced
/nfl/rankings/ppr-cheatsheets.php,redraft-overall,ro,Ja'Kobi Lane,27337,WR,251.76,45.73,154,339,,jakobi-lane.php,,,15.3,,,,,,13.0,JaKobi Lane,2026-08-14,BAL,jakobi lane,27337,00-0040870,fp_id,BAL,BAL,BAL,BAL,BAL,roster_2026,3.0,WR,223,93,WR93,,,,,,,,,,,,,,,,,,,,,,,,,,,,,,,,,,,,,,,,,,,,,,,,,,,,,,,,,,,,,,,,,,,,,,,,,,,,,,,,,,,,,,,,,,,,,,2004-08-05,,,,2026,2026,0,76.0,208.0,USC,22.0,True,392,3.0367346938775515,0.15306122448979592,1.3112244897959184,1.5127551020408163,37,24,5.244897959183674,0.6486486486486487,2.952764271990162,3.032,0.1574,3.144,2.107,24.0,501,0.08982035928143713,0.0849,0.2725,2.454,956,0.4874476987447699,17,56.24,0.4667,0.5333,-0.0884,0.0996,-0.035,39.0,61,3.59,24.9,5080.0,2908.0,0.572,5,2,0.7827893624579995,64.1,41.0,53.2,407,507,75,64,160,26,0.184,0.126,0.162,,,,,,,,,,,,,,,,,,,Rookie - no 2025 NFL production,251.76,45.73,154,339,fantasypros_ecr,0.0,,93.0,,,,
/nfl/rankings/ppr-cheatsheets.php,redraft-overall,ro,Evan Engram,16411,TE,253.2,26.19,138,300,,evan-engram.php,,,8.3,,,,,,10.0,Evan Engram,2026-08-14,DEN,evan engram,16411,00-0033881,fp_id,DEN,DEN,DEN,DEN,DEN,roster_2026,1.0,TE,224,31,TE31,0.0,0.0,0.0,0.0,0.0,0.0,0.0,0.0,0.0,1.0,7.0,0.0,0.0,0.25443235179409385,0.0,50.0,76.0,461.0,1.0,331.0,302.0,19.0,3.49128043235745,0.0,0.0,52.800000000000004,102.8,16.0,DEN,1.0,77.8,0.1301,0.0022,0.0756,0.1355,0.0023,0.0799,0.2592,16.0,3.1,9.72,6.5,3.91,1.0,2.0,16.0,0.062,0.125,0.602,10.0,0.0,0.0,1.0,2.291715812742611,0.0,0.0,0.0,0.0,0.0035709184402228254,10.0,0.0,0.0,1.0,2.3,-1.3,4.577735615988696,6.773653846153845,4.299605263157894,7.463245622249273,-0.08371627538516613,65.78947368421053,,,,,,,EngrEv00,1.0,0.0,,,,76.0,2.0,8.0,3.18,6.04,4.4,0.1053,458.0,0.421,16.0,1994-09-02,2017.0,1.0,23.0,2017,2026,10,75.0,240.0,Mississippi,32.0,False,354,2.959322033898305,0.17231638418079095,1.2429378531073447,0.807909604519774,29,16,4.423728813559322,0.5517241379310345,2.956234245392568,2.952,0.1682,2.592,1.833,20.0,671,0.03427719821162444,0.037,0.2088,2.401,1079,0.593141797961075,17,63.47,0.59,0.41,0.0157,0.0004,0.0835,38.0,59,3.47,23.6,5797.0,5793.0,0.999,5,5,0.002534775558983432,50.0,70.8,63.2,584,456,4,0,157,1,0.007,0.0,0.006,6.425,4.862,3.3,4.75,0.062,77.0,1.335,0.224,6.066,9.22,0.658,,4.355,6.04,1.393,0.013,,0.046,,253.2,26.19,138,300,fantasypros_ecr,0.0,26.0,31.0,-0.006,28.0,-0.094,Fairly priced
/nfl/rankings/ppr-cheatsheets.php,redraft-overall,ro,Demond Claiborne,28084,RB,254.0,34.79,164,354,,demond-claiborne.php,,,9.9,,,,,,6.0,Demond Claiborne,2026-08-14,MIN,demond claiborne,28084,00-0041104,fp_id,MIN,MIN,MIN,MIN,MIN,roster_2026,2.0,KR,225,72,RB72,,,,,,,,,,,,,,,,,,,,,,,,,,,,,,,,,,,,,,,,,,,,,,,,,,,,,,,,,,,,,,,,,,,,,,,,,,,,,,,,,,,,,,,,,,,,,,2003-10-09,,,,2026,2026,0,70.0,188.0,Wake Forest,22.9,True,348,3.0678160919540227,0.16091954022988506,1.2701149425287357,0.5488505747126436,30,21,4.2844827586206895,0.7,3.0555950650203525,2.961,0.1751,2.441,2.049,27.0,571,0.10507880910683012,0.1028,0.3037,2.429,943,0.5800636267232238,17,55.47,0.5369,0.4631,-0.012,-0.0149,-0.1883,39.0,53,3.12,20.2,5009.0,4102.0,0.819,5,5,0.10048516062954754,51.8,26.2,36.0,468,410,82,24,131,17,0.175,0.059,0.13,,,,,,,,,,,,,,,,,,,Rookie - no 2025 NFL production,254.0,34.79,164,354,fantasypros_ecr,0.0,,72.0,,,,
/nfl/rankings/ppr-cheatsheets.php,redraft-overall,ro,Ted Hurst III,28130,WR,254.24,35.2,184,351,,ted-hurst.php,,,9.4,,,,,,10.0,Ted Hurst,2026-08-14,TBB,ted hurst,28130,00-0041048,fp_id,TB,TB,TB,TB,TB,roster_2026,4.0,WR,226,94,WR94,,,,,,,,,,,,,,,,,,,,,,,,,,,,,,,,,,,,,,,,,,,,,,,,,,,,,,,,,,,,,,,,,,,,,,,,,,,,,,,,,,,,,,,,,,,,,,2004-07-02,,,,2026,2026,0,75.0,195.0,Georgia State; Valdosta State,22.1,True,398,2.764070351758794,0.18341708542713567,1.0527638190954773,0.42462311557788945,48,34,3.7613065326633164,0.7083333333333334,2.976963633345108,2.736,0.1938,2.699,1.426,31.0,638,0.05956112852664577,0.0571,0.172,2.292,1065,0.564319248826291,17,62.65,0.5148,0.4852,-0.0347,0.0138,-0.0264,41.0,53,3.12,22.4,5692.0,4502.0,0.791,5,4,-0.20250354300156095,46.3,65.4,57.4,541,472,111,138,136,38,0.205,0.292,0.279,,,,,,,,,,,,,,,,,,,Rookie - no 2025 NFL production,254.24,35.2,184,351,fantasypros_ecr,0.0,,94.0,,,,
/nfl/rankings/ppr-cheatsheets.php,redraft-overall,ro,Tory Horton,26022,WR,254.68,23.67,197,323,,tory-horton.php,,,8.6,,,,,,11.0,Tory Horton,2026-08-14,SEA,tory horton,26022,00-0040648,fp_id,SEA,SEA,SEA,SEA,SEA,roster_2026,2.0,PR,227,95,WR95,0.0,0.0,0.0,0.0,0.0,0.0,0.0,0.0,0.0,0.0,0.0,0.0,0.0,0.0,0.0,13.0,22.0,161.0,5.0,337.0,33.0,7.0,10.245775616387846,0.0,1.0,52.1,65.1,8.0,SEA,1.0,58.599999999999994,0.0484,0.0,0.0919,0.1063,0.0,0.1737,0.281,8.0,0.0,17.93,6.6,8.7,1.0,4.0,8.0,0.125,0.5,1.318,4.0,3.0,1.0,5.0,1.5971608651744282,0.0,0.0,0.0,0.0,0.0,4.0,3.0,1.0,5.0,1.6,3.4,,,,,,,,,,,,,HortTo00,,,,,,22.0,1.0,0.0,9.846,2.538,15.3,0.0,226.0,0.481,8.0,2002-11-29,2025.0,5.0,166.0,2025,2026,2,74.0,196.0,Colorado State; Nevada,23.7,False,435,2.8048275862068963,0.2045977011494253,1.206896551724138,0.8091954022988506,31,19,4.266666666666667,0.6129032258064516,2.995508653666123,2.758,0.2121,2.477,1.657,42.0,518,0.052123552123552123,0.0535,0.2266,2.4,997,0.5075225677031093,17,58.65,0.5204,0.4796,-0.0677,-0.0491,0.1122,39.0,60,3.53,28.4,5338.0,5026.0,0.942,5,5,-0.5945717447641805,39.3,60.5,49.9,455,507,39,221,158,37,0.086,0.436,0.234,8.137,7.325,6.512,2.75,0.0,22.0,2.959,0.288,7.318,12.385,0.591,,15.318,2.538,0.478,0.227,,0.466,,254.68,23.67,197,323,fantasypros_ecr,0.0,76.0,95.0,0.069,59.0,0.814,Fairly priced
/nfl/rankings/ppr-cheatsheets.php,redraft-overall,ro,Malachi Fields,27994,WR,254.83,33.83,190,379,,malachi-fields.php,,,9.6,,,,,,8.0,Malachi Fields,2026-08-14,NYG,malachi fields,27994,00-0041042,fp_id,NYG,NYG,NYG,NYG,NYG,roster_2026,5.0,WR,228,96,WR96,,,,,,,,,,,,,,,,,,,,,,,,,,,,,,,,,,,,,,,,,,,,,,,,,,,,,,,,,,,,,,,,,,,,,,,,,,,,,,,,,,,,,,,,,,,,,,2003-08-26,,,,2026,2026,0,76.0,222.0,Notre Dame; Virginia,23.0,True,396,2.9964646464646463,0.14646464646464646,1.0808080808080809,0.44191919191919193,24,15,4.007575757575758,0.625,2.970851609928484,2.974,0.1475,2.714,1.581,16.0,624,0.07692307692307693,0.076,0.2947,2.388,1079,0.5338276181649676,17,63.47,0.494,0.506,-0.0466,0.0356,-0.008,36.0,61,3.59,22.4,5756.0,4159.0,0.723,5,4,0.3758722777586546,56.8,36.8,45.9,503,511,177,3,162,21,0.352,0.006,0.13,,,,,,,,,,,,,,,,,,,Rookie - no 2025 NFL production,254.83,33.83,190,379,fantasypros_ecr,0.0,,96.0,,,,
/nfl/rankings/ppr-cheatsheets.php,redraft-overall,ro,Ty Johnson,18406,RB,255.07,36.02,156,385,,ty-johnson.php,,,2.6,,,,,,7.0,Ty Johnson,2026-08-14,BUF,ty johnson,18406,00-0035537,fp_id,BUF,BUF,BUF,BUF,BUF,roster_2026,2.0,KR,229,73,RB73,0.0,0.0,0.0,0.0,0.0,0.0,0.0,0.0,0.0,50.0,200.0,3.0,13.0,2.7632496603182517,0.0,24.0,33.0,263.0,2.0,-39.0,301.0,11.0,11.449483987875283,0.0,0.0,76.30000000000001,100.30000000000001,17.0,BUF,1.0,88.30000000000001,0.0689,0.0914,-0.0112,0.0689,0.0914,-0.0112,0.0955,17.0,2.4,9.28,5.5,5.29,1.0,4.0,17.0,0.059,0.235,0.961,4.0,1.0,0.0,2.0,1.1513392067663712,19.0,11.0,6.0,3.0,3.694159447843679,23.0,12.0,6.0,5.0,4.85,0.15,,,,,,,,,,,,,JohnTy02,50.0,2.0,2.58,1.42,25.0,33.0,4.0,2.0,-1.583,12.542,-1.2,0.0606,335.0,0.296,17.0,1997-09-17,2019.0,6.0,186.0,2019,2026,8,70.0,210.0,Maryland,28.9,False,419,3.3665871121718376,0.12649164677804295,1.4463007159904535,0.8973747016706444,37,20,5.011933174224343,0.5405405405405406,2.9181796059011273,3.397,0.1265,2.905,2.057,35.0,584,0.0684931506849315,0.0702,0.2,2.507,1065,0.5098591549295775,17,62.65,0.5028,0.4972,-0.0352,0.1102,0.1599,40.0,68,4.0,28.3,5677.0,4330.0,0.763,5,4,1.261941935282192,72.8,64.4,73.6,479,547,19,17,180,2,0.04,0.031,0.011,5.9,5.194,4.488,1.941,2.941,83.0,1.208,0.299,7.97,10.958,0.727,4.0,-1.182,12.542,-6.744,0.06,0.055,0.347,,255.07,36.02,156,385,fantasypros_ecr,0.0,45.0,73.0,0.648,51.0,0.385,Slight value
/nfl/rankings/ppr-cheatsheets.php,redraft-overall,ro,Fernando Mendoza,28013,QB,255.58,37.52,172,345,,fernando-mendoza.php,,,25.6,,,,,,13.0,Fernando Mendoza,2026-08-14,LVR,fernando mendoza,28013,00-0041562,fp_id,LV,LV,LV,LV,LV,roster_2026,2.0,QB,230,30,QB30,,,,,,,,,,,,,,,,,,,,,,,,,,,,,,,,,,,,,,,,,,,,,,,,,,,,,,,,,,,,,,,,,,,,,,,,,,,,,,,,,,,,,,,,,,,,,,2003-10-01,,,,2026,2026,0,77.0,236.0,Indiana; California,22.9,True,307,2.4599348534201955,0.25732899022801303,1.0423452768729642,0.6058631921824105,30,11,3.6482084690553744,0.36666666666666664,2.9188287541736484,2.49,0.2502,1.629,1.94,30.0,598,0.10702341137123746,0.1019,0.2641,2.487,942,0.613588110403397,17,55.41,0.5679,0.4321,-0.0175,-0.2605,-0.187,38.0,38,2.24,14.2,4992.0,1916.0,0.384,5,2,-2.336100063543081,7.8,37.5,15.2,494,369,55,58,106,13,0.111,0.157,0.123,,,,,,,,,,,,,,,,,,,Rookie - no 2025 NFL production,255.58,37.52,172,345,fantasypros_ecr,0.0,,30.0,,,,
/nfl/rankings/ppr-cheatsheets.php,redraft-overall,ro,Tyreek Hill,15802,WR,256.37,47.4,133,340,,tyreek-hill.php,,,18.0,,,,,,,Tyreek Hill,2026-08-14,FA,tyreek hill,15802,00-0033040,fp_id,,,MIA,,MIA,players_latest_team,,,231,97,WR97,0.0,0.0,0.0,0.0,0.0,0.0,0.0,0.0,0.0,0.0,0.0,0.0,0.0,0.0,0.0,21.0,29.0,265.0,1.0,399.0,57.0,17.0,19.8345950107323,0.0,0.0,32.5,53.5,4.0,MIA,1.0,43.0,0.0628,0.0,0.1209,0.2397,0.0,0.4896,0.7023,4.0,11.52,16.45,14.3,4.01,0.0,0.0,4.0,0.0,0.0,0.28,2.0,2.0,1.0,1.0,1.2345554557708278,0.0,0.0,0.0,0.0,0.0,2.0,2.0,1.0,1.0,1.23,-0.23,,,,,,,,,,,,,HillTy00,,,,,,29.0,0.0,0.0,9.905,2.714,13.4,0.0,155.0,0.685,4.0,1994-03-01,2016.0,5.0,165.0,2016,2025,10,70.0,191.0,West Alabama; Garden City CC; Oklahoma State,32.5,False,380,2.835526315789474,0.2131578947368421,1.4657894736842105,1.2263157894736842,29,17,4.8578947368421055,0.5862068965517241,2.9450156110798447,2.839,0.2101,2.199,2.532,38.0,530,0.07169811320754717,0.0727,0.2422,2.29,942,0.5498938428874734,17,55.41,0.5279,0.4721,-0.0584,-0.026,-0.0093,41.0,48,2.82,20.4,5041.0,3387.0,0.672,5,4,-0.6920984359417763,37.5,44.5,38.6,462,432,209,28,134,32,0.452,0.065,0.239,13.375,10.75,8.125,7.25,0.0,29.0,1.845,0.345,9.138,12.619,0.724,,13.759,2.714,0.664,0.034,,0.684," | 2026 team inferred, not on official roster file",256.37,47.4,133,340,fantasypros_ecr,0.0,81.0,97.0,-0.079,18.0,2.681,Fairly priced
/nfl/rankings/ppr-cheatsheets.php,redraft-overall,ro,Caleb Douglas,28135,WR,257.79,57.39,164,390,,caleb-douglas.php,,,3.4,,,,,,6.0,Caleb Douglas,2026-08-14,MIA,caleb douglas,28135,00-0041523,fp_id,MIA,MIA,MIA,MIA,MIA,roster_2026,3.0,WR,232,98,WR98,,,,,,,,,,,,,,,,,,,,,,,,,,,,,,,,,,,,,,,,,,,,,,,,,,,,,,,,,,,,,,,,,,,,,,,,,,,,,,,,,,,,,,,,,,,,,,2003-09-09,,,,2026,2026,0,76.0,205.0,Texas Tech; Florida,22.9,True,380,2.835526315789474,0.2131578947368421,1.4657894736842105,1.2263157894736842,29,17,4.8578947368421055,0.5862068965517241,2.9450156110798447,2.839,0.2101,2.199,2.532,38.0,530,0.07169811320754717,0.0727,0.2422,2.29,942,0.5498938428874734,17,55.41,0.5279,0.4721,-0.0584,-0.026,-0.0093,41.0,48,2.82,20.4,5041.0,3387.0,0.672,5,4,-0.6920984359417763,37.5,44.5,38.6,462,432,209,28,134,32,0.452,0.065,0.239,,,,,,,,,,,,,,,,,,,Rookie - no 2025 NFL production,257.79,57.39,164,390,fantasypros_ecr,0.0,,98.0,,,,
/nfl/rankings/ppr-cheatsheets.php,redraft-overall,ro,Elijah Sarratt,27463,WR,258.99,23.75,208,350,,elijah-sarratt.php,,,8.5,,,,,,13.0,Elijah Sarratt,2026-08-14,BAL,elijah sarratt,27463,00-0040876,fp_id,BAL,BAL,BAL,BAL,BAL,roster_2026,2.0,PR,233,99,WR99,,,,,,,,,,,,,,,,,,,,,,,,,,,,,,,,,,,,,,,,,,,,,,,,,,,,,,,,,,,,,,,,,,,,,,,,,,,,,,,,,,,,,,,,,,,,,,2003-05-28,,,,2026,2026,0,74.0,209.0,Indiana; James Madison; St. Francis PA,23.2,True,392,3.0367346938775515,0.15306122448979592,1.3112244897959184,1.5127551020408163,37,24,5.244897959183674,0.6486486486486487,2.952764271990162,3.032,0.1574,3.144,2.107,24.0,501,0.08982035928143713,0.0849,0.2725,2.454,956,0.4874476987447699,17,56.24,0.4667,0.5333,-0.0884,0.0996,-0.035,39.0,61,3.59,24.9,5080.0,2908.0,0.572,5,2,0.7827893624579995,64.1,41.0,53.2,407,507,75,64,160,26,0.184,0.126,0.162,,,,,,,,,,,,,,,,,,,Rookie - no 2025 NFL production,258.99,23.75,208,350,fantasypros_ecr,0.0,,99.0,,,,
/nfl/rankings/ppr-cheatsheets.php,redraft-overall,ro,Marvin Mims Jr.,23080,WR,259.05,24.21,202,299,,marvin-mims.php,,,6.5,,,,,,10.0,Marvin Mims,2026-08-14,DEN,marvin mims,23080,00-0038976,fp_id,DEN,DEN,DEN,DEN,DEN,roster_2026,1.0,PR,234,100,WR100,0.0,0.0,0.0,0.0,0.0,0.0,0.0,0.0,0.0,12.0,78.0,1.0,3.0,5.144693047855981,0.0,37.0,51.0,322.0,1.0,478.0,231.0,14.0,3.4952335021266556,0.0,1.0,58.0,95.0,15.0,DEN,1.0,76.5,0.0873,0.0263,0.1091,0.0975,0.0296,0.1285,0.2362,15.0,3.35,10.13,4.2,5.54,1.0,3.0,15.0,0.067,0.2,1.319,3.0,1.0,0.0,1.0,1.2657134723405057,2.0,0.0,0.0,1.0,0.1548875047486692,5.0,1.0,0.0,2.0,1.42,0.58,4.528699894119983,7.816410256410257,8.966862745098041,10.444706844296649,0.4725291585323905,72.54901960784314,,,,,,,MimsMa00,12.0,1.0,,,,51.0,3.0,1.0,2.459,6.243,9.4,0.0196,379.0,0.369,15.0,2002-03-19,2023.0,2.0,63.0,2023,2026,4,71.0,182.0,Oklahoma,24.4,False,354,2.959322033898305,0.17231638418079095,1.2429378531073447,0.807909604519774,29,16,4.423728813559322,0.5517241379310345,2.956234245392568,2.952,0.1682,2.592,1.833,20.0,671,0.03427719821162444,0.037,0.2088,2.401,1079,0.593141797961075,17,63.47,0.59,0.41,0.0157,0.0004,0.0835,38.0,59,3.47,23.6,5797.0,5793.0,0.999,5,5,0.002534775558983432,50.0,70.8,63.2,584,456,4,0,157,1,0.007,0.0,0.006,6.333,5.1,3.867,3.4,0.8,63.0,1.508,0.251,6.314,8.703,0.725,,9.373,6.243,0.674,0.032,,0.069,,259.05,24.21,202,299,fantasypros_ecr,0.0,62.0,100.0,0.86,72.0,0.421,Slight value
/nfl/rankings/ppr-cheatsheets.php,redraft-overall,ro,Xavier Legette,26136,WR,259.56,31.85,178,332,,xavier-legette.php,,,2.9,,,,,,5.0,Xavier Legette,2026-08-14,CAR,xavier legette,26136,00-0039342,fp_id,CAR,CAR,CAR,CAR,CAR,roster_2026,3.0,WR,235,101,WR101,0.0,0.0,0.0,0.0,0.0,0.0,0.0,0.0,0.0,1.0,0.0,0.0,0.0,-0.5305159189738333,0.0,35.0,64.0,363.0,3.0,633.0,75.0,18.0,-4.082821242714836,0.0,0.0,54.300000000000004,89.30000000000001,15.0,CAR,1.0,71.80000000000001,0.1333,0.0022,0.1942,0.1509,0.0025,0.2151,0.3769,15.0,1.75,10.58,3.7,6.86,1.0,5.0,15.0,0.067,0.333,1.854,12.0,3.0,2.0,3.0,3.3460673387152053,0.0,0.0,0.0,0.0,0.00858704137392662,12.0,3.0,2.0,3.0,3.35,-0.35,2.599621613011183,6.7334482758620675,10.80453125,20.307897434090158,-0.5716551063274808,54.6875,,,,,,,LegeXa00,1.0,0.0,,,,64.0,0.0,2.0,8.229,2.143,9.6,0.0312,642.0,0.679,15.0,2001-01-29,2024.0,1.0,32.0,2024,2026,3,75.0,218.0,South Carolina,25.5,False,391,3.167007672634271,0.13810741687979539,1.1585677749360614,0.5345268542199488,29,20,4.29923273657289,0.6896551724137931,2.936153855960689,3.179,0.1391,2.49,1.798,18.0,582,0.06013745704467354,0.0629,0.2718,2.4,996,0.5532128514056225,17,58.59,0.5106,0.4894,-0.061,-0.0262,-0.0498,39.0,48,2.82,18.3,5317.0,3170.0,0.596,5,3,0.7242481938282351,63.1,47.3,56.6,480,461,50,242,136,40,0.104,0.525,0.294,5.953,4.787,3.62,4.267,0.067,65.0,1.374,0.139,5.672,10.371,0.547,,9.891,2.143,0.573,0.046,,-0.064,,259.56,31.85,178,332,fantasypros_ecr,0.0,64.0,101.0,0.807,73.0,0.413,Slight value
/nfl/rankings/ppr-cheatsheets.php,redraft-overall,ro,Trey Benson,25388,RB,261.14,47.28,145,364,,trey-benson.php,,,8.9,,,,,,14.0,Trey Benson,2026-08-14,ARI,trey benson,25388,00-0039921,fp_id,ARI,ARI,ARI,ARI,ARI,roster_2026,4.0,RB,236,74,RB74,0.0,0.0,0.0,0.0,0.0,0.0,0.0,0.0,0.0,29.0,160.0,0.0,4.0,-0.20821796857320085,0.0,13.0,16.0,64.0,0.0,-22.0,73.0,2.0,-8.073343051290212,0.0,0.0,22.400000000000002,35.400000000000006,4.0,ARI,1.0,28.900000000000006,0.0259,0.0792,-0.0049,0.125,0.3085,-0.0301,0.1664,4.0,8.33,9.54,8.45,1.05,0.0,0.0,4.0,0.0,0.0,0.124,2.0,0.0,0.0,0.0,0.7254277703338936,3.0,2.0,1.0,0.0,0.9234386348186479,5.0,2.0,1.0,0.0,1.65,-1.65,,,,,,,,,,,,,BensTr01,29.0,2.0,3.034,2.483,14.5,16.0,1.0,0.0,-0.692,5.615,-1.4,0.0,123.0,0.483,4.0,2002-07-23,2024.0,3.0,66.0,2024,2026,3,72.0,225.0,Florida State; Oregon,24.1,False,292,2.761986301369863,0.19863013698630136,1.1472602739726028,0.8287671232876712,32,21,4.2020547945205475,0.65625,2.9389525318652057,2.771,0.2005,2.593,1.732,22.0,745,0.07919463087248323,0.0839,0.282,2.373,1074,0.6610800744878957,17,63.18,0.6204,0.3796,0.0399,-0.0591,0.0023,39.0,61,3.59,20.9,5838.0,4005.0,0.686,5,3,-0.34443965422600703,43.8,35.6,36.9,617,366,106,173,153,41,0.172,0.473,0.268,8.85,7.225,5.6,4.0,7.25,45.0,0.787,0.288,4.0,4.923,0.812,5.517,-1.375,5.615,-2.909,0.0,-0.007,-0.505,,261.14,47.28,145,364,fantasypros_ecr,0.0,61.0,74.0,-0.017,38.0,0.99,Fairly priced
/nfl/rankings/ppr-cheatsheets.php,redraft-overall,ro,Colby Parkinson,19372,TE,262.81,20.19,214,353,,colby-parkinson.php,,,11.6,,,,,,11.0,Colby Parkinson,2026-08-14,LAR,colby parkinson,19372,00-0036244,fp_id,LAR,LAR,LAR,LAR,LAR,roster_2026,1.0,TE,237,32,TE32,0.0,0.0,0.0,0.0,0.0,0.0,0.0,0.0,0.0,0.0,0.0,0.0,0.0,0.0,0.0,43.0,56.0,408.0,8.0,248.0,271.0,24.0,12.557111424114346,1.0,0.0,86.80000000000001,129.8,14.0,LAR,1.0,108.30000000000001,0.0964,0.0,0.046,0.1143,0.0,0.0534,0.2088,14.0,3.8,14.37,8.55,7.27,3.0,2.0,14.0,0.214,0.143,0.851,22.0,10.0,2.0,8.0,5.865713988427438,0.0,0.0,0.0,0.0,0.0,22.0,10.0,2.0,8.0,5.87,2.13,3.547992106419126,5.722978723404256,4.658035714285714,4.9339212047960315,0.43819402444757927,76.78571428571429,,,,,,,ParkCo02,,,,,,56.0,4.0,3.0,3.186,6.302,4.4,0.0536,621.0,0.604,15.0,1999-01-07,2020.0,4.0,133.0,2020,2026,7,79.0,265.0,Stanford,27.6,False,413,3.4554479418886195,0.1234866828087167,1.5084745762711864,0.711864406779661,47,30,4.9491525423728815,0.6382978723404256,2.941767200697229,3.462,0.1266,2.811,1.817,35.0,624,0.03685897435897436,0.0424,0.194,2.396,1056,0.584280303030303,17,62.12,0.6185,0.3815,0.0296,0.0262,0.2292,37.0,76,4.47,30.5,5675.0,5129.0,0.904,5,5,1.462288323590789,76.4,71.5,80.4,581,465,15,0,195,1,0.026,0.0,0.005,9.271,7.736,6.2,4.0,0.0,56.0,2.318,0.209,7.286,9.488,0.768,,4.429,6.302,1.645,0.143,,0.224,,262.81,20.19,214,353,fantasypros_ecr,0.0,17.0,32.0,0.423,18.0,0.379,Slight value
/nfl/rankings/ppr-cheatsheets.php,redraft-overall,ro,Tua Tagovailoa,19198,QB,264.28,37.9,134,346,,tua-tagovailoa.php,,,13.1,,,,,,11.0,Tua Tagovailoa,2026-08-14,ATL,tua tagovailoa,19198,00-0036212,fp_id,ATL,ATL,ATL,ATL,ATL,roster_2026,1.0,QB,238,31,QB31,260.0,384.0,2660.0,20.0,15.0,30.0,2613.0,142.0,14.395063419654823,20.0,43.0,0.0,1.0,-7.469986862808041,0.0,0.0,0.0,0.0,0.0,0.0,0.0,0.0,0.0,0.0,0.0,160.70000000000002,160.70000000000002,14.0,MIA,1.0,160.70000000000002,0.0,0.0463,0.0,0.0,0.0573,0.0,0.0,14.0,6.66,18.81,9.95,7.3,2.0,4.0,14.0,0.143,0.286,0.733,0.0,0.0,0.0,0.0,0.0,2.0,0.0,0.0,0.0,0.18184981713621132,2.0,0.0,0.0,0.0,0.18,-0.18,,,,,,,,,,,,,TagoTu00,20.0,0.0,2.0,0.15,,,,,,,,,776.0,0.954,14.0,1998-03-02,2020.0,1.0,5.0,2020,2026,7,73.0,225.0,Alabama,28.5,False,439,3.0546697038724373,0.1662870159453303,1.3530751708428246,0.89749430523918,42,22,4.674259681093394,0.5238095238095238,2.9317976654275206,3.071,0.1627,2.522,1.96,31.0,583,0.044596912521440824,0.0494,0.2037,2.4,1036,0.5511583011583011,17,60.94,0.549,0.451,-0.0621,-0.0314,-0.0132,38.0,53,3.12,20.8,5484.0,4377.0,0.798,5,4,0.14901204675380456,52.7,66.9,62.4,519,477,151,160,132,49,0.291,0.335,0.371,11.479,11.479,11.479,0.0,1.429,20.0,8.035,0.207,,,,2.15,,,,0.0,-0.373,,,264.28,37.9,134,346,fantasypros_ecr,0.0,25.0,31.0,0.038,29.0,-0.138,Fairly priced
/nfl/rankings/ppr-cheatsheets.php,redraft-overall,ro,LeQuint Allen Jr.,27285,RB,264.49,27.59,169,326,,lequint-allen-jr.php,,,3.6,,,,,,7.0,LeQuint Allen,2026-08-14,JAC,lequint allen,27285,00-0040238,fp_id,JAX,JAX,JAX,JAX,JAX,roster_2026,2.0,KR,239,75,RB75,0.0,0.0,0.0,0.0,0.0,0.0,0.0,0.0,0.0,23.0,94.0,0.0,5.0,-3.2343117187847383,0.0,10.0,11.0,54.0,0.0,-15.0,61.0,0.0,-3.860799541357677,0.0,0.0,14.8,24.8,16.0,JAX,1.0,19.8,0.0201,0.047,-0.0031,0.0213,0.0495,-0.0033,0.0296,16.0,0.82,2.5,1.65,1.05,0.0,13.0,16.0,0.0,0.812,0.638,2.0,0.0,0.0,0.0,0.471214424094738,4.0,1.0,1.0,0.0,0.5267036929523352,6.0,1.0,1.0,0.0,1.0,-1.0,,,,,,,,,,,,,AlleLe01,23.0,2.0,2.565,1.522,11.5,11.0,0.0,0.0,-0.7,6.1,-1.4,0.0,259.0,0.226,17.0,2004-08-05,2025.0,7.0,236.0,2025,2026,2,72.0,201.0,Syracuse,22.0,False,373,2.8525469168900806,0.18498659517426275,1.1099195710455765,0.6836461126005362,30,15,4.131367292225201,0.5,2.9156883624839196,2.885,0.1784,2.219,1.781,22.0,644,0.06366459627329192,0.0647,0.2504,2.395,1074,0.5614525139664804,17,63.18,0.5756,0.4244,0.0164,-0.0041,0.0592,40.0,72,4.24,27.9,5856.0,5856.0,1.0,5,5,-0.5430315206154958,40.2,50.8,44.3,547,489,132,271,198,85,0.241,0.554,0.429,1.55,1.238,0.925,0.688,1.438,34.0,0.729,0.096,4.909,5.4,0.909,4.087,-1.364,6.1,-3.6,0.0,-0.141,-0.351,,264.49,27.59,169,326,fantasypros_ecr,0.0,64.0,75.0,-0.113,68.0,-0.289,Fairly priced
/nfl/rankings/ppr-cheatsheets.php,redraft-overall,ro,Jordan James,27310,RB,264.7,40.56,160,401,,jordan-james.php,,,7.7,,,,,,8.0,Jordan James,2026-08-14,SFO,jordan james,27310,00-0040177,fp_id,SF,SF,SF,SF,SF,roster_2026,2.0,RB,240,76,RB76,,,,,,,,,,,,,,,,,,,,,,,,,,,,,,,,,,,,,,,,,,,,,,,,,,,,,,,,,,,,,,,,,,,,,,,,,,,,,,,,,,,,,,,,,,,3.0,0.017,3.0,2004-03-29,2025.0,5.0,147.0,2025,2026,2,69.0,208.0,Oregon,22.4,False,405,2.914567901234568,0.18024691358024691,1.1753086419753087,0.4024691358024691,29,19,3.948148148148148,0.6551724137931034,2.957108820107495,2.906,0.1848,2.349,1.428,23.0,624,0.04326923076923077,0.0428,0.2125,2.547,1065,0.5661971830985916,17,62.65,0.5521,0.4479,-0.0088,-0.0044,0.1587,38.0,66,3.88,25.7,5615.0,4784.0,0.852,5,4,-0.1969656526141422,46.4,74.5,63.3,550,481,170,94,185,38,0.309,0.195,0.205,,,,,,0.0,,,,,,,,,,,,,No 2025 regular-season production - missed season,264.7,40.56,160,401,fantasypros_ecr,0.0,,76.0,,,,
/nfl/rankings/ppr-cheatsheets.php,redraft-overall,ro,Chris Brooks,25823,RB,265.18,28.24,182,321,,christopher-brooks.php,,,3.8,,,,,,11.0,Chris Brooks,2026-08-14,GBP,chris brooks,25823,00-0038685,fp_id,GB,GB,GB,GB,GB,roster_2026,3.0,RB,241,77,RB77,0.0,0.0,0.0,0.0,0.0,0.0,0.0,0.0,0.0,27.0,106.0,0.0,5.0,-4.859687008388734,0.0,13.0,17.0,91.0,0.0,6.0,106.0,3.0,-1.1175940929118982,0.0,0.0,19.700000000000003,32.7,17.0,GB,1.0,26.200000000000003,0.037,0.0549,0.0015,0.037,0.0549,0.0015,0.0566,17.0,0.1,4.08,1.3,2.02,0.0,12.0,17.0,0.0,0.706,1.55,3.0,0.0,0.0,0.0,0.7631914664152313,3.0,1.0,0.0,0.0,0.3812892727165941,6.0,1.0,0.0,0.0,1.14,-1.14,,,,,,,,,,,,,BrooCh00,27.0,1.0,2.074,1.852,27.0,17.0,1.0,2.0,-1.154,8.154,0.4,0.1176,203.0,0.201,17.0,2000-01-11,,,,2023,2026,4,73.0,219.0,BYU; California,26.6,False,386,2.972279792746114,0.15544041450777202,1.1269430051813472,0.3911917098445596,43,26,3.966321243523316,0.6046511627906976,3.01595136627878,2.905,0.1629,2.199,1.941,30.0,552,0.05253623188405797,0.0493,0.2454,2.41,993,0.5226586102719033,17,58.41,0.5063,0.4937,-0.0441,-0.0102,0.229,39.0,59,3.47,23.0,5321.0,3745.0,0.704,5,4,-0.26169708218232307,45.3,58.7,52.5,460,492,155,148,161,52,0.337,0.301,0.323,1.924,1.541,1.159,1.0,1.588,44.0,0.743,0.161,5.353,7.0,0.765,3.926,0.353,8.154,15.167,0.0,-0.18,-0.066,,265.18,28.24,182,321,fantasypros_ecr,0.0,63.0,77.0,0.001,66.0,-0.131,Fairly priced
/nfl/rankings/ppr-cheatsheets.php,redraft-overall,ro,DJ Giddens,27097,RB,266.77,24.16,177,329,,dj-giddens.php,,,2.0,,,,,,13.0,DJ Giddens,2026-08-14,IND,dj giddens,27097,00-0040179,fp_id,IND,IND,IND,IND,IND,roster_2026,2.0,RB,242,78,RB78,0.0,0.0,0.0,0.0,0.0,0.0,0.0,0.0,0.0,26.0,96.0,0.0,5.0,0.02043347607832402,0.0,0.0,2.0,0.0,0.0,-6.0,0.0,0.0,-1.6577324853126858,0.0,0.0,9.600000000000001,9.600000000000001,5.0,IND,1.0,9.600000000000001,0.0038,0.0588,-0.0014,0.0132,0.1699,-0.0047,0.0165,5.0,0.3,3.44,2.2,1.75,0.0,2.0,5.0,0.0,0.4,0.797,1.0,1.0,0.0,0.0,0.3434828159443712,5.0,1.0,1.0,0.0,0.8708750164991765,6.0,2.0,1.0,0.0,1.21,-1.21,,,,,,,,,,,,,GiddDJ00,26.0,0.0,1.846,1.846,,2.0,0.0,0.0,,,,,70.0,0.12,9.0,2003-08-26,2025.0,5.0,151.0,2025,2026,2,73.0,212.0,Kansas State,23.0,False,373,3.01769436997319,0.15281501340482573,1.2171581769436997,1.0750670241286864,32,22,4.7319034852546915,0.6875,2.8940363763010377,3.072,0.1487,2.428,2.113,29.0,599,0.048414023372287146,0.047,0.2121,2.237,1011,0.5736894164193868,17,59.47,0.5637,0.4363,-0.0091,0.094,0.0558,39.0,70,4.12,27.4,5369.0,4465.0,0.832,5,5,0.42626114302073953,57.7,58.5,60.3,530,442,147,24,179,20,0.277,0.054,0.112,1.92,1.92,1.92,0.4,5.2,28.0,0.343,0.137,,,,3.692,,,,0.0,0.001,-0.829,,266.77,24.16,177,329,fantasypros_ecr,0.0,68.0,78.0,-0.182,67.0,-0.139,Fairly priced
/nfl/rankings/ppr-cheatsheets.php,redraft-overall,ro,Darius Slayton,18706,WR,267.21,28.0,199,371,,darius-slayton.php,,,3.8,,,,,,8.0,Darius Slayton,2026-08-14,NYG,darius slayton,18706,00-0035535,fp_id,NYG,NYG,NYG,NYG,NYG,roster_2026,2.0,WR,243,102,WR102,0.0,0.0,0.0,0.0,0.0,0.0,0.0,0.0,0.0,0.0,0.0,0.0,0.0,0.0,0.0,37.0,63.0,538.0,1.0,843.0,198.0,23.0,18.001405174971303,1.0,0.0,61.800000000000004,98.80000000000001,14.0,NYG,1.0,80.30000000000001,0.1252,0.0,0.1955,0.1518,0.0,0.24,0.3957,14.0,4.22,11.28,7.2,4.12,0.0,2.0,14.0,0.0,0.143,0.573,6.0,5.0,0.0,1.0,2.363004485560616,0.0,0.0,0.0,0.0,0.0,6.0,5.0,0.0,1.0,2.36,-1.36,2.7084140568845023,5.72047619047619,13.384920634920633,19.218497162522507,0.7823448918616247,58.730158730158735,,,,,,,SlayDa01,,,,,,63.0,2.0,5.0,9.189,5.351,13.0,0.0794,755.0,0.813,14.0,1997-01-12,2019.0,5.0,171.0,2019,2026,8,73.0,198.0,Auburn,29.6,False,396,2.9964646464646463,0.14646464646464646,1.0808080808080809,0.44191919191919193,24,15,4.007575757575758,0.625,2.970851609928484,2.974,0.1475,2.714,1.581,16.0,624,0.07692307692307693,0.076,0.2947,2.388,1079,0.5338276181649676,17,63.47,0.494,0.506,-0.0466,0.0356,-0.008,36.0,61,3.59,22.4,5756.0,4159.0,0.723,5,4,0.3758722777586546,56.8,36.8,45.9,503,511,177,3,162,21,0.352,0.006,0.13,7.057,5.736,4.414,4.5,0.0,63.0,1.568,0.131,8.54,14.541,0.587,,13.381,5.351,0.638,0.016,,0.286,,267.21,28.0,199,371,fantasypros_ecr,0.0,61.0,102.0,0.974,68.0,0.667,Slight value
/nfl/rankings/ppr-cheatsheets.php,redraft-overall,ro,Tyquan Thornton,22913,WR,267.62,31.88,170,370,,tyquan-thornton.php,,,3.5,,,,,,5.0,Tyquan Thornton,2026-08-14,KCC,tyquan thornton,22913,00-0038104,fp_id,KC,KC,KC,KC,KC,roster_2026,3.0,WR,244,103,WR103,0.0,0.0,0.0,0.0,0.0,0.0,0.0,0.0,0.0,0.0,0.0,0.0,0.0,0.0,0.0,19.0,37.0,438.0,3.0,995.0,59.0,15.0,26.24813281281208,0.0,0.0,61.800000000000004,80.8,12.0,KC,1.0,71.3,0.0674,0.0,0.2315,0.0887,0.0,0.2805,0.3294,12.0,2.92,12.66,6.4,5.71,0.0,3.0,12.0,0.0,0.25,0.892,4.0,2.0,2.0,3.0,1.7154476427370855,0.0,0.0,0.0,0.0,0.0,4.0,2.0,2.0,3.0,1.72,1.28,,,,,,,,,,,,,ThorTy00,,,,,,37.0,0.0,3.0,19.947,3.105,26.9,0.0811,368.0,0.39,14.0,2000-08-07,2022.0,2.0,50.0,2022,2026,5,74.0,185.0,Baylor,26.0,False,336,3.0196428571428573,0.13392857142857142,0.9583333333333334,0.19642857142857142,48,39,3.7113095238095237,0.8125,2.9061980034779267,3.062,0.1258,2.623,1.591,14.0,686,0.06851311953352769,0.0659,0.2877,2.212,1048,0.6020992366412213,17,61.65,0.5721,0.4279,0.0395,0.0273,0.0399,38.0,63,3.71,21.3,5605.0,4845.0,0.864,5,5,0.8942498700724988,66.2,34.0,50.1,549,430,147,129,166,43,0.268,0.3,0.259,6.733,5.942,5.15,3.083,0.0,37.0,2.184,0.22,11.838,23.053,0.514,,26.892,3.105,0.44,0.081,,0.709,,267.62,31.88,170,370,fantasypros_ecr,0.0,69.0,103.0,0.659,71.0,0.571,Slight value
/nfl/rankings/ppr-cheatsheets.php,redraft-overall,ro,Keenan Allen,11616,WR,267.75,28.87,168,298,,keenan-allen.php,,,6.0,,,,,,7.0,Keenan Allen,2026-08-14,LAC,keenan allen,11616,00-0030279,fp_id,,,LAC,LAC,LAC,players_latest_team,,,245,104,WR104,0.0,0.0,0.0,0.0,0.0,0.0,0.0,0.0,0.0,0.0,0.0,0.0,0.0,0.0,0.0,81.0,122.0,777.0,4.0,1027.0,231.0,49.0,34.920523438576666,0.0,0.0,101.7,182.7,17.0,LAC,1.0,142.2,0.2243,0.0,0.233,0.2243,0.0,0.233,0.4996,17.0,6.7,18.54,8.7,6.81,3.0,0.0,17.0,0.176,0.0,0.782,16.0,7.0,3.0,4.0,5.729979677789149,0.0,0.0,0.0,0.0,0.0,16.0,7.0,3.0,4.0,5.73,-1.73,2.5631738400655673,6.175677966101695,8.481967213114753,23.36761999390292,0.31398707678398985,66.39344262295081,,,,,,,AlleKe00,,,,,,122.0,3.0,6.0,6.741,2.852,8.4,0.0492,630.0,0.555,17.0,1992-04-27,2013.0,3.0,76.0,2013,2025,13,74.0,211.0,California,34.3,False,359,2.713091922005571,0.22841225626740946,1.1253481894150419,0.7465181058495822,36,22,4.066852367688022,0.6111111111111112,2.8910496424917547,2.77,0.2195,2.614,1.822,24.0,681,0.0881057268722467,0.0832,0.3427,2.37,1080,0.5787037037037037,17,63.53,0.579,0.421,0.0064,0.0187,-0.0542,39.0,59,3.47,21.6,5784.0,1183.0,0.205,5,1,-0.5169002070393753,40.7,23.0,26.9,544,466,15,23,152,2,0.028,0.049,0.013,10.747,8.365,5.982,7.176,0.0,122.0,1.498,0.29,6.369,9.593,0.664,,8.418,2.852,0.757,0.033,,0.286," | 2026 team inferred, not on official roster file",267.75,28.87,168,298,fantasypros_ecr,0.0,29.0,104.0,2.447,40.0,1.965,Underpriced
/nfl/rankings/ppr-cheatsheets.php,redraft-overall,ro,Kaelon Black,28401,RB,268.09,45.39,160,337,,kaelon-black.php,,,8.6,,,,,,8.0,Kaelon Black,2026-08-14,SFO,kaelon black,28401,00-0041052,fp_id,SF,SF,SF,SF,SF,roster_2026,3.0,RB,246,79,RB79,,,,,,,,,,,,,,,,,,,,,,,,,,,,,,,,,,,,,,,,,,,,,,,,,,,,,,,,,,,,,,,,,,,,,,,,,,,,,,,,,,,,,,,,,,,,,,2001-10-17,,,,2026,2026,0,69.0,208.0,Indiana; James Madison,24.8,True,405,2.914567901234568,0.18024691358024691,1.1753086419753087,0.4024691358024691,29,19,3.948148148148148,0.6551724137931034,2.957108820107495,2.906,0.1848,2.349,1.428,23.0,624,0.04326923076923077,0.0428,0.2125,2.547,1065,0.5661971830985916,17,62.65,0.5521,0.4479,-0.0088,-0.0044,0.1587,38.0,66,3.88,25.7,5615.0,4784.0,0.852,5,4,-0.1969656526141422,46.4,74.5,63.3,550,481,170,94,185,38,0.309,0.195,0.205,,,,,,,,,,,,,,,,,,,Rookie - no 2025 NFL production,268.09,45.39,160,337,fantasypros_ecr,0.0,,79.0,,,,
/nfl/rankings/ppr-cheatsheets.php,redraft-overall,ro,Samaje Perine,16423,RB,270.44,39.7,157,414,,samaje-perine.php,,,4.0,,,,,,6.0,Samaje Perine,2026-08-14,CIN,samaje perine,16423,00-0033526,fp_id,CIN,CIN,CIN,CIN,CIN,roster_2026,2.0,RB,247,80,RB80,0.0,0.0,0.0,0.0,0.0,0.0,0.0,0.0,0.0,84.0,382.0,3.0,32.0,-0.24908348934861024,2.0,17.0,21.0,87.0,0.0,-32.0,109.0,5.0,-2.5930143865978064,0.0,0.0,60.900000000000006,77.9,15.0,CIN,1.0,69.4,0.0345,0.2205,-0.007,0.0393,0.25,-0.0081,0.0533,15.0,1.55,8.29,4.9,4.74,0.0,4.0,15.0,0.0,0.267,0.968,1.0,0.0,0.0,0.0,0.544488410244053,16.0,8.0,4.0,3.0,2.97235760969841,17.0,8.0,4.0,3.0,3.52,-0.52,,,,,,,,,,,,,PeriSa00,84.0,4.0,2.286,2.262,21.0,21.0,2.0,1.0,-1.294,6.412,-1.5,0.0476,346.0,0.351,15.0,1995-09-16,2017.0,4.0,114.0,2017,2026,10,70.0,240.0,Oklahoma,30.9,False,334,3.1505988023952094,0.11077844311377245,1.152694610778443,0.5838323353293413,35,23,4.335329341317365,0.6571428571428571,2.8870417171893865,3.212,0.1072,2.249,1.927,22.0,687,0.05240174672489083,0.0527,0.2234,2.22,1049,0.6453765490943756,17,61.71,0.6322,0.3678,0.0172,0.0246,-0.0266,38.0,56,3.29,24.4,5575.0,5552.0,0.996,5,5,0.7399403692125188,63.4,53.0,60.4,608,381,41,9,137,6,0.067,0.024,0.044,5.193,4.627,4.06,1.4,5.6,105.0,0.742,0.225,4.143,5.118,0.81,4.548,-1.524,6.412,-2.719,0.029,-0.003,-0.123,,270.44,39.7,157,414,fantasypros_ecr,0.0,52.0,80.0,0.59,56.0,0.414,Slight value
/nfl/rankings/ppr-cheatsheets.php,redraft-overall,ro,Mike Gesicki,17272,TE,270.5,25.05,226,355,,mike-gesicki.php,,,7.9,,,,,,6.0,Mike Gesicki,2026-08-14,CIN,mike gesicki,17272,00-0034829,fp_id,CIN,CIN,CIN,CIN,CIN,roster_2026,1.0,TE,248,33,TE33,0.0,0.0,0.0,0.0,0.0,0.0,0.0,0.0,0.0,0.0,0.0,0.0,0.0,0.0,0.0,28.0,42.0,307.0,2.0,418.0,63.0,19.0,4.384700206181267,0.0,0.0,42.7,70.7,12.0,CIN,1.0,56.7,0.0691,0.0,0.0916,0.1034,0.0,0.1336,0.2486,12.0,2.33,9.25,3.7,5.58,1.0,2.0,12.0,0.083,0.167,1.508,7.0,4.0,3.0,2.0,2.768755849207348,0.0,0.0,0.0,0.0,0.0,7.0,4.0,3.0,2.0,2.77,-0.77,,,,,,,,,,,,,GesiMi00,,,,,,42.0,0.0,1.0,8.714,2.25,10.0,0.0238,321.0,0.385,13.0,1995-10-03,2018.0,2.0,42.0,2018,2026,9,78.0,245.0,Penn State,30.9,False,334,3.1505988023952094,0.11077844311377245,1.152694610778443,0.5838323353293413,35,23,4.335329341317365,0.6571428571428571,2.8870417171893865,3.212,0.1072,2.249,1.927,22.0,687,0.05240174672489083,0.0527,0.2234,2.22,1049,0.6453765490943756,17,61.71,0.6322,0.3678,0.0172,0.0246,-0.0266,38.0,56,3.29,24.4,5575.0,5552.0,0.996,5,5,0.7399403692125188,63.4,53.0,60.4,608,381,41,9,137,6,0.067,0.024,0.044,5.892,4.725,3.558,3.5,0.0,42.0,1.683,0.22,7.31,10.964,0.667,,9.952,2.25,0.734,0.048,,0.104,,270.5,25.05,226,355,fantasypros_ecr,0.0,29.0,33.0,-0.067,29.0,-0.067,Fairly priced
/nfl/rankings/ppr-cheatsheets.php,redraft-overall,ro,Kyle Williams,27487,WR,270.51,32.31,195,343,,kyle-williams-wr-2025.php,,,4.5,,,,,,11.0,Kyle Williams,2026-08-14,NEP,kyle williams,27487,00-0040131,fp_id,NE,NE,NE,NE,NE,roster_2026,1.0,KR,249,105,WR105,0.0,0.0,0.0,0.0,0.0,0.0,0.0,0.0,0.0,2.0,3.0,0.0,0.0,-0.6243840418756008,0.0,10.0,21.0,209.0,3.0,400.0,79.0,7.0,9.837597537944696,0.0,0.0,39.2,49.2,14.0,NE,1.0,44.2,0.0436,0.004,0.0894,0.0515,0.0049,0.1038,0.1499,14.0,0.0,10.42,1.15,5.07,0.0,9.0,14.0,0.0,0.643,4.413,0.0,0.0,0.0,3.0,0.3644000393120103,0.0,0.0,0.0,0.0,0.019543812922313823,0.0,0.0,0.0,3.0,0.38,2.62,,,,,,,,,,,,,WillKy03,2.0,0.0,,,,21.0,0.0,1.0,13.0,7.9,19.0,0.0476,336.0,0.308,17.0,2002-11-13,2025.0,3.0,69.0,2025,2026,2,71.0,190.0,Washington State,23.8,False,371,2.7795148247978436,0.1940700808625337,1.196765498652291,1.2048517520215634,33,19,4.630727762803234,0.5757575757575758,2.9254952414655953,2.802,0.1883,2.561,1.874,33.0,613,0.07830342577487764,0.0789,0.261,2.406,1017,0.5417895771878073,17,59.82,0.5691,0.4309,0.0242,0.0077,0.2873,38.0,64,3.76,28.8,5553.0,2959.0,0.533,5,3,-0.36940490310560165,43.3,43.5,41.6,482,494,128,10,154,17,0.266,0.02,0.11,3.514,3.157,2.8,1.5,0.143,23.0,2.139,0.146,9.952,20.9,0.476,,19.048,7.9,0.522,0.13,,0.468,,270.51,32.31,195,343,fantasypros_ecr,0.0,82.0,105.0,0.16,85.0,0.028,Fairly priced
/nfl/rankings/ppr-cheatsheets.php,redraft-overall,ro,Kaleb Johnson,27165,RB,271.06,34.33,145,343,,kaleb-johnson-rb.php,,,6.1,,,,,,9.0,Kaleb Johnson,2026-08-14,PIT,kaleb johnson,27165,00-0040142,fp_id,PIT,PIT,PIT,PIT,PIT,roster_2026,3.0,RB,250,81,RB81,0.0,0.0,0.0,0.0,0.0,0.0,0.0,0.0,0.0,28.0,69.0,0.0,2.0,-7.7174376882041695,0.0,1.0,2.0,9.0,0.0,-8.0,14.0,0.0,0.24488592892885208,0.0,0.0,7.800000000000001,8.8,10.0,PIT,1.0,8.3,0.0038,0.0688,-0.0025,0.007,0.1207,-0.0052,0.0069,10.0,0.3,1.95,0.4,0.91,0.0,9.0,10.0,0.0,0.9,2.272,0.0,0.0,0.0,0.0,0.07925622788581084,4.0,0.0,0.0,0.0,0.3639110041430774,4.0,0.0,0.0,0.0,0.44,-0.44,,,,,,,,,,,,,JohnKa03,28.0,2.0,1.25,1.214,14.0,2.0,0.0,1.0,,,,,51.0,0.091,10.0,2003-08-14,2025.0,3.0,83.0,2025,2026,2,72.0,225.0,Iowa,23.0,False,368,2.856521739130435,0.17391304347826086,1.2173913043478262,0.8641304347826086,50,34,4.366847826086956,0.68,2.9347229330117464,2.87,0.172,2.285,2.029,42.0,591,0.05245346869712352,0.0526,0.1636,2.209,975,0.5948717948717949,17,57.35,0.5795,0.4205,-0.007,0.0188,0.0312,40.0,51,3.0,23.4,5344.0,4403.0,0.824,5,5,-0.19256088395271825,46.5,65.1,57.4,522,407,179,129,156,59,0.343,0.317,0.378,0.88,0.83,0.78,0.2,2.8,30.0,0.293,0.173,,,,2.464,,,,0.0,-0.276,0.122,,271.06,34.33,145,343,fantasypros_ecr,0.0,69.0,81.0,-0.12,69.0,-0.12,Fairly priced
